#
# There is insufficient memory for the Java Runtime Environment to continue.
# Native memory allocation (mmap) failed to map 432013312 bytes. Error detail: G1 virtual space
# Possible reasons:
#   The system is out of physical RAM or swap space
#   This process is running with CompressedOops enabled, and the Java Heap may be blocking the growth of the native heap
# Possible solutions:
#   Reduce memory load on the system
#   Increase physical memory or swap space
#   Check if swap backing store is full
#   Decrease Java heap size (-Xmx/-Xms)
#   Decrease number of Java threads
#   Decrease Java thread stack sizes (-Xss)
#   Set larger code cache with -XX:ReservedCodeCacheSize=
#   JVM is running with Unscaled Compressed Oops mode in which the Java heap is
#     placed in the first 4GB address space. The Java Heap base address is the
#     maximum limit for the native heap growth. Please use -XX:HeapBaseMinAddress
#     to set the Java Heap base and to place the Java Heap above 4GB virtual address.
# This output file may be truncated or incomplete.
#
#  Out of Memory Error (os_windows.cpp:3815), pid=13648, tid=10724
#
# JRE version: OpenJDK Runtime Environment (21.0.3) (build 21.0.3+-12282718-b509.11)
# Java VM: OpenJDK 64-Bit Server VM (21.0.3+-12282718-b509.11, mixed mode, tiered, compressed oops, compressed class ptrs, g1 gc, windows-amd64)
# No core dump will be written. Minidumps are not enabled by default on client versions of Windows
#

---------------  S U M M A R Y ------------

Command Line: --add-opens=java.base/java.util=ALL-UNNAMED --add-opens=java.base/java.lang=ALL-UNNAMED --add-opens=java.base/java.lang.invoke=ALL-UNNAMED --add-opens=java.prefs/java.util.prefs=ALL-UNNAMED --add-exports=jdk.compiler/com.sun.tools.javac.api=ALL-UNNAMED --add-exports=jdk.compiler/com.sun.tools.javac.util=ALL-UNNAMED --add-opens=java.base/java.nio.charset=ALL-UNNAMED --add-opens=java.base/java.net=ALL-UNNAMED --add-opens=java.base/java.util.concurrent.atomic=ALL-UNNAMED -Xmx2048m -Dfile.encoding=UTF-8 -Duser.country=US -Duser.language=en -Duser.variant -javaagent:C:\Users\MCC2104001_003\.gradle\wrapper\dists\gradle-8.9-bin\90cnw93cvbtalezasaz0blq0a\gradle-8.9\lib\agents\gradle-instrumentation-agent-8.9.jar org.gradle.launcher.daemon.bootstrap.GradleDaemon 8.9

Host: Intel(R) Core(TM) i5-10210U CPU @ 1.60GHz, 8 cores, 7G,  Windows 11 , 64 bit Build 26100 (10.0.26100.6725)
Time: Mon Nov 10 16:04:53 2025 SE Asia Standard Time elapsed time: 42.232702 seconds (0d 0h 0m 42s)

---------------  T H R E A D  ---------------

Current thread (0x0000024cbaa9f130):  VMThread "VM Thread"          [id=10724, stack(0x0000009dae100000,0x0000009dae200000) (1024K)]

Stack: [0x0000009dae100000,0x0000009dae200000]
Native frames: (J=compiled Java code, j=interpreted, Vv=VM code, C=native code)
V  [jvm.dll+0x6cafb9]
V  [jvm.dll+0x858523]
V  [jvm.dll+0x85aa7e]
V  [jvm.dll+0x85b163]
V  [jvm.dll+0x27d356]
V  [jvm.dll+0x6c7865]
V  [jvm.dll+0x6bbd3a]
V  [jvm.dll+0x35199b]
V  [jvm.dll+0x3595d6]
V  [jvm.dll+0x3aa826]
V  [jvm.dll+0x3aaaf8]
V  [jvm.dll+0x3240bc]
V  [jvm.dll+0x326ac6]
V  [jvm.dll+0x33092e]
V  [jvm.dll+0x3680c5]
V  [jvm.dll+0x860ac8]
V  [jvm.dll+0x861bc4]
V  [jvm.dll+0x862100]
V  [jvm.dll+0x862393]
V  [jvm.dll+0x800d78]
V  [jvm.dll+0x6c98cd]
C  [ucrtbase.dll+0x37b0]
C  [KERNEL32.DLL+0x2e8d7]
C  [ntdll.dll+0x8c53c]

VM_Operation (0x0000009dadcff6b0): G1PauseRemark, mode: safepoint, requested by thread 0x0000024ca148ec10


---------------  P R O C E S S  ---------------

Threads class SMR info:
_java_thread_list=0x0000024ccaf21dc0, length=147, elements={
0x0000024ca14241c0, 0x0000024cbac47010, 0x0000024cbac8f940, 0x0000024cbac98d30,
0x0000024cbac9b7a0, 0x0000024cbac9c200, 0x0000024cbac72080, 0x0000024cbac76310,
0x0000024cbaca52d0, 0x0000024cbae2a080, 0x0000024cbf1401d0, 0x0000024cc0947910,
0x0000024cc0b6d5a0, 0x0000024cc0b95860, 0x0000024cc0b99880, 0x0000024cc0b4d410,
0x0000024cc0b53b90, 0x0000024cc0b4eb40, 0x0000024cc0b28a90, 0x0000024cc0b269c0,
0x0000024cc0b28400, 0x0000024cc0b27d70, 0x0000024cc0b27050, 0x0000024cc0b25610,
0x0000024cc0b276e0, 0x0000024cc0b26330, 0x0000024cc2b44f00, 0x0000024cc2b44870,
0x0000024cc2b45590, 0x0000024cc2b462b0, 0x0000024cc2b42e30, 0x0000024cc2b45c20,
0x0000024cc2b46fd0, 0x0000024cc2b47660, 0x0000024cc2b49730, 0x0000024cc2b48a10,
0x0000024cc2b490a0, 0x0000024cc2b49dc0, 0x0000024cc2b4a450, 0x0000024cc3d419f0,
0x0000024cc3d43430, 0x0000024cc3d44150, 0x0000024cc3d43ac0, 0x0000024cc3d447e0,
0x0000024cc3d44e70, 0x0000024cc3d45500, 0x0000024cc3d42080, 0x0000024cc3d45b90,
0x0000024cc3d42710, 0x0000024cc3d42da0, 0x0000024cc3d46220, 0x0000024cc3d48980,
0x0000024cc3d468b0, 0x0000024cc3d49010, 0x0000024cc3d482f0, 0x0000024cc51776f0,
0x0000024cc517b890, 0x0000024cc517a4e0, 0x0000024cc517bf20, 0x0000024cc5178aa0,
0x0000024cc517ab70, 0x0000024cc517cc40, 0x0000024cc517d2d0, 0x0000024cc5225130,
0x0000024cc5225e50, 0x0000024cc52257c0, 0x0000024cc5223060, 0x0000024cc5226b70,
0x0000024cc52236f0, 0x0000024cc5227200, 0x0000024cc5227890, 0x0000024cc5224410,
0x0000024cc5227f20, 0x0000024cc5224aa0, 0x0000024cc52285b0, 0x0000024cc5229ff0,
0x0000024cc5229960, 0x0000024cc522a680, 0x0000024cc5228c40, 0x0000024cc5179e50,
0x0000024ccaf33930, 0x0000024ccaf33fc0, 0x0000024ccaf35a00, 0x0000024ccaf36090,
0x0000024ccaf32c10, 0x0000024ccaf34650, 0x0000024ccaf332a0, 0x0000024ccaf35370,
0x0000024ccaf34ce0, 0x0000024ccaff3890, 0x0000024ccaff45b0, 0x0000024ccaff4c40,
0x0000024ccaff52d0, 0x0000024ccaff5960, 0x0000024ccaff3f20, 0x0000024ccaff3200,
0x0000024ccaff5ff0, 0x0000024ccaff2b70, 0x0000024ccaff9470, 0x0000024ccaff9b00,
0x0000024ccaff8750, 0x0000024ccaff8de0, 0x0000024ccaff6680, 0x0000024ccaff73a0,
0x0000024ccaff7a30, 0x0000024ccaff6d10, 0x0000024ccaff80c0, 0x0000024cbf217ed0,
0x0000024cbf218560, 0x0000024cbfc93c90, 0x0000024cbfc94320, 0x0000024cbfc928e0,
0x0000024cbfc92f70, 0x0000024cbfc90ea0, 0x0000024cbfc949b0, 0x0000024cca4fa170,
0x0000024cca4f8dc0, 0x0000024cca4f9450, 0x0000024cca4f9ae0, 0x0000024cca4f80a0,
0x0000024cca4fae90, 0x0000024cca4fb520, 0x0000024cca4fbbb0, 0x0000024cca4fa800,
0x0000024cca4f8730, 0x0000024cca4fc8d0, 0x0000024cca4ff6c0, 0x0000024cca9ac200,
0x0000024cca9ae2d0, 0x0000024cbf21c070, 0x0000024cbf21a630, 0x0000024cbf216b20,
0x0000024cbf219280, 0x0000024cbf219fa0, 0x0000024cbf217840, 0x0000024cbf219910,
0x0000024cbf2171b0, 0x0000024cbf218bf0, 0x0000024cbf21e140, 0x0000024ccc129cc0,
0x0000024ccb47f1b0, 0x0000024ccb47de00, 0x0000024ccb47e490, 0x0000024cca9b6610,
0x0000024cca9b3190, 0x0000024ccb47eb20, 0x0000024cc2213fb0
}

Java Threads: ( => current thread )
  0x0000024ca14241c0 JavaThread "main"                              [_thread_blocked, id=20736, stack(0x0000009dada00000,0x0000009dadb00000) (1024K)]
  0x0000024cbac47010 JavaThread "Reference Handler"          daemon [_thread_blocked, id=11172, stack(0x0000009dae200000,0x0000009dae300000) (1024K)]
  0x0000024cbac8f940 JavaThread "Finalizer"                  daemon [_thread_blocked, id=18924, stack(0x0000009dae300000,0x0000009dae400000) (1024K)]
  0x0000024cbac98d30 JavaThread "Signal Dispatcher"          daemon [_thread_blocked, id=4760, stack(0x0000009dae400000,0x0000009dae500000) (1024K)]
  0x0000024cbac9b7a0 JavaThread "Attach Listener"            daemon [_thread_blocked, id=9804, stack(0x0000009dae500000,0x0000009dae600000) (1024K)]
  0x0000024cbac9c200 JavaThread "Service Thread"             daemon [_thread_blocked, id=18608, stack(0x0000009dae600000,0x0000009dae700000) (1024K)]
  0x0000024cbac72080 JavaThread "Monitor Deflation Thread"   daemon [_thread_blocked, id=12624, stack(0x0000009dae700000,0x0000009dae800000) (1024K)]
  0x0000024cbac76310 JavaThread "C2 CompilerThread0"         daemon [_thread_blocked, id=20720, stack(0x0000009dae800000,0x0000009dae900000) (1024K)]
  0x0000024cbaca52d0 JavaThread "C1 CompilerThread0"         daemon [_thread_blocked, id=15948, stack(0x0000009dae900000,0x0000009daea00000) (1024K)]
  0x0000024cbae2a080 JavaThread "Common-Cleaner"             daemon [_thread_blocked, id=19924, stack(0x0000009daea00000,0x0000009daeb00000) (1024K)]
  0x0000024cbf1401d0 JavaThread "Notification Thread"        daemon [_thread_blocked, id=21784, stack(0x0000009daeb00000,0x0000009daec00000) (1024K)]
  0x0000024cc0947910 JavaThread "Daemon health stats"               [_thread_blocked, id=13700, stack(0x0000009daf000000,0x0000009daf100000) (1024K)]
  0x0000024cc0b6d5a0 JavaThread "Incoming local TCP Connector on port 61626"        [_thread_in_native, id=6284, stack(0x0000009daf100000,0x0000009daf200000) (1024K)]
  0x0000024cc0b95860 JavaThread "Daemon periodic checks"            [_thread_blocked, id=17472, stack(0x0000009daf200000,0x0000009daf300000) (1024K)]
  0x0000024cc0b99880 JavaThread "Daemon"                            [_thread_blocked, id=12476, stack(0x0000009daf300000,0x0000009daf400000) (1024K)]
  0x0000024cc0b4d410 JavaThread "Handler for socket connection from /127.0.0.1:61626 to /127.0.0.1:61627"        [_thread_in_native, id=18520, stack(0x0000009daf400000,0x0000009daf500000) (1024K)]
  0x0000024cc0b53b90 JavaThread "Cancel handler"                    [_thread_blocked, id=13676, stack(0x0000009daf500000,0x0000009daf600000) (1024K)]
  0x0000024cc0b4eb40 JavaThread "Daemon worker"                     [_thread_blocked, id=18384, stack(0x0000009daf600000,0x0000009daf700000) (1024K)]
  0x0000024cc0b28a90 JavaThread "Asynchronous log dispatcher for DefaultDaemonConnection: socket connection from /127.0.0.1:61626 to /127.0.0.1:61627"        [_thread_blocked, id=12696, stack(0x0000009daf700000,0x0000009daf800000) (1024K)]
  0x0000024cc0b269c0 JavaThread "Stdin handler"                     [_thread_blocked, id=20992, stack(0x0000009daf800000,0x0000009daf900000) (1024K)]
  0x0000024cc0b28400 JavaThread "Daemon client event forwarder"        [_thread_blocked, id=7404, stack(0x0000009daf900000,0x0000009dafa00000) (1024K)]
  0x0000024cc0b27d70 JavaThread "Cache worker for journal cache (C:\Users\MCC2104001_003\.gradle\caches\journal-1)"        [_thread_blocked, id=13664, stack(0x0000009dafe00000,0x0000009daff00000) (1024K)]
  0x0000024cc0b27050 JavaThread "File lock request listener"        [_thread_in_native, id=17700, stack(0x0000009daff00000,0x0000009db0000000) (1024K)]
  0x0000024cc0b25610 JavaThread "Cache worker for file hash cache (C:\Users\MCC2104001_003\.gradle\caches\8.9\fileHashes)"        [_thread_blocked, id=7148, stack(0x0000009db0000000,0x0000009db0100000) (1024K)]
  0x0000024cc0b276e0 JavaThread "Cache worker for file hash cache (C:\Users\MCC2104001_003\AndroidStudioProjects\IsekiParcom\.gradle\8.9\fileHashes)"        [_thread_blocked, id=16980, stack(0x0000009db0100000,0x0000009db0200000) (1024K)]
  0x0000024cc0b26330 JavaThread "Cache worker for Build Output Cleanup Cache (C:\Users\MCC2104001_003\AndroidStudioProjects\IsekiParcom\.gradle\buildOutputCleanup)"        [_thread_blocked, id=15504, stack(0x0000009db0200000,0x0000009db0300000) (1024K)]
  0x0000024cc2b44f00 JavaThread "File watcher server"        daemon [_thread_blocked, id=2464, stack(0x0000009db0300000,0x0000009db0400000) (1024K)]
  0x0000024cc2b44870 JavaThread "File watcher consumer"      daemon [_thread_blocked, id=19120, stack(0x0000009db0400000,0x0000009db0500000) (1024K)]
  0x0000024cc2b45590 JavaThread "Cache worker for checksums cache (C:\Users\MCC2104001_003\AndroidStudioProjects\IsekiParcom\.gradle\8.9\checksums)"        [_thread_blocked, id=328, stack(0x0000009db0500000,0x0000009db0600000) (1024K)]
  0x0000024cc2b462b0 JavaThread "Cache worker for file content cache (C:\Users\MCC2104001_003\.gradle\caches\8.9\fileContent)"        [_thread_blocked, id=10180, stack(0x0000009db0600000,0x0000009db0700000) (1024K)]
  0x0000024cc2b42e30 JavaThread "Cache worker for cache directory md-rule (C:\Users\MCC2104001_003\.gradle\caches\8.9\md-rule)"        [_thread_blocked, id=15540, stack(0x0000009db0700000,0x0000009db0800000) (1024K)]
  0x0000024cc2b45c20 JavaThread "Cache worker for cache directory md-supplier (C:\Users\MCC2104001_003\.gradle\caches\8.9\md-supplier)"        [_thread_blocked, id=2788, stack(0x0000009db0800000,0x0000009db0900000) (1024K)]
  0x0000024cc2b46fd0 JavaThread "Unconstrained build operations"        [_thread_blocked, id=11228, stack(0x0000009db0900000,0x0000009db0a00000) (1024K)]
  0x0000024cc2b47660 JavaThread "Unconstrained build operations Thread 2"        [_thread_blocked, id=11908, stack(0x0000009db0a00000,0x0000009db0b00000) (1024K)]
  0x0000024cc2b49730 JavaThread "Unconstrained build operations Thread 3"        [_thread_blocked, id=516, stack(0x0000009db0b00000,0x0000009db0c00000) (1024K)]
  0x0000024cc2b48a10 JavaThread "Unconstrained build operations Thread 4"        [_thread_blocked, id=21216, stack(0x0000009db0c00000,0x0000009db0d00000) (1024K)]
  0x0000024cc2b490a0 JavaThread "Unconstrained build operations Thread 5"        [_thread_blocked, id=20016, stack(0x0000009db0d00000,0x0000009db0e00000) (1024K)]
  0x0000024cc2b49dc0 JavaThread "Unconstrained build operations Thread 6"        [_thread_blocked, id=19812, stack(0x0000009db0e00000,0x0000009db0f00000) (1024K)]
  0x0000024cc2b4a450 JavaThread "Unconstrained build operations Thread 7"        [_thread_blocked, id=10488, stack(0x0000009db0f00000,0x0000009db1000000) (1024K)]
  0x0000024cc3d419f0 JavaThread "Unconstrained build operations Thread 8"        [_thread_blocked, id=10364, stack(0x0000009db1100000,0x0000009db1200000) (1024K)]
  0x0000024cc3d43430 JavaThread "Unconstrained build operations Thread 9"        [_thread_blocked, id=13828, stack(0x0000009db1200000,0x0000009db1300000) (1024K)]
  0x0000024cc3d44150 JavaThread "Unconstrained build operations Thread 10"        [_thread_blocked, id=8600, stack(0x0000009db1300000,0x0000009db1400000) (1024K)]
  0x0000024cc3d43ac0 JavaThread "Unconstrained build operations Thread 11"        [_thread_blocked, id=2036, stack(0x0000009db1400000,0x0000009db1500000) (1024K)]
  0x0000024cc3d447e0 JavaThread "Unconstrained build operations Thread 12"        [_thread_blocked, id=21220, stack(0x0000009db1500000,0x0000009db1600000) (1024K)]
  0x0000024cc3d44e70 JavaThread "Unconstrained build operations Thread 13"        [_thread_blocked, id=21500, stack(0x0000009db1600000,0x0000009db1700000) (1024K)]
  0x0000024cc3d45500 JavaThread "Unconstrained build operations Thread 14"        [_thread_blocked, id=21080, stack(0x0000009db1700000,0x0000009db1800000) (1024K)]
  0x0000024cc3d42080 JavaThread "Unconstrained build operations Thread 15"        [_thread_blocked, id=10648, stack(0x0000009db1800000,0x0000009db1900000) (1024K)]
  0x0000024cc3d45b90 JavaThread "Unconstrained build operations Thread 16"        [_thread_blocked, id=13152, stack(0x0000009db1900000,0x0000009db1a00000) (1024K)]
  0x0000024cc3d42710 JavaThread "Unconstrained build operations Thread 17"        [_thread_blocked, id=22012, stack(0x0000009db1a00000,0x0000009db1b00000) (1024K)]
  0x0000024cc3d42da0 JavaThread "Unconstrained build operations Thread 18"        [_thread_blocked, id=21364, stack(0x0000009db1b00000,0x0000009db1c00000) (1024K)]
  0x0000024cc3d46220 JavaThread "Unconstrained build operations Thread 19"        [_thread_blocked, id=18596, stack(0x0000009db1c00000,0x0000009db1d00000) (1024K)]
  0x0000024cc3d48980 JavaThread "Unconstrained build operations Thread 20"        [_thread_blocked, id=4240, stack(0x0000009db1d00000,0x0000009db1e00000) (1024K)]
  0x0000024cc3d468b0 JavaThread "Unconstrained build operations Thread 21"        [_thread_blocked, id=14724, stack(0x0000009db1e00000,0x0000009db1f00000) (1024K)]
  0x0000024cc3d49010 JavaThread "build event listener"              [_thread_blocked, id=13792, stack(0x0000009db1000000,0x0000009db1100000) (1024K)]
  0x0000024cc3d482f0 JavaThread "Memory manager"                    [_thread_blocked, id=13688, stack(0x0000009db1f00000,0x0000009db2000000) (1024K)]
  0x0000024cc51776f0 JavaThread "build event listener"              [_thread_blocked, id=21264, stack(0x0000009db2000000,0x0000009db2100000) (1024K)]
  0x0000024cc517b890 JavaThread "included builds"                   [_thread_blocked, id=6916, stack(0x0000009db2100000,0x0000009db2200000) (1024K)]
  0x0000024cc517a4e0 JavaThread "Execution worker"                  [_thread_blocked, id=21304, stack(0x0000009db2200000,0x0000009db2300000) (1024K)]
  0x0000024cc517bf20 JavaThread "Execution worker Thread 2"         [_thread_blocked, id=8668, stack(0x0000009db2300000,0x0000009db2400000) (1024K)]
  0x0000024cc5178aa0 JavaThread "Execution worker Thread 3"         [_thread_blocked, id=1140, stack(0x0000009db2400000,0x0000009db2500000) (1024K)]
  0x0000024cc517ab70 JavaThread "Execution worker Thread 4"         [_thread_blocked, id=10104, stack(0x0000009db2500000,0x0000009db2600000) (1024K)]
  0x0000024cc517cc40 JavaThread "Execution worker Thread 5"         [_thread_blocked, id=19368, stack(0x0000009db2600000,0x0000009db2700000) (1024K)]
  0x0000024cc517d2d0 JavaThread "Execution worker Thread 6"         [_thread_blocked, id=19808, stack(0x0000009db2700000,0x0000009db2800000) (1024K)]
  0x0000024cc5225130 JavaThread "Execution worker Thread 7"         [_thread_blocked, id=2004, stack(0x0000009db2800000,0x0000009db2900000) (1024K)]
  0x0000024cc5225e50 JavaThread "Cache worker for execution history cache (C:\Users\MCC2104001_003\AndroidStudioProjects\IsekiParcom\.gradle\8.9\executionHistory)"        [_thread_blocked, id=11120, stack(0x0000009db2900000,0x0000009db2a00000) (1024K)]
  0x0000024cc52257c0 JavaThread "Unconstrained build operations Thread 22"        [_thread_blocked, id=17184, stack(0x0000009db2a00000,0x0000009db2b00000) (1024K)]
  0x0000024cc5223060 JavaThread "Unconstrained build operations Thread 23"        [_thread_blocked, id=4228, stack(0x0000009db2b00000,0x0000009db2c00000) (1024K)]
  0x0000024cc5226b70 JavaThread "Unconstrained build operations Thread 24"        [_thread_blocked, id=11032, stack(0x0000009db2c00000,0x0000009db2d00000) (1024K)]
  0x0000024cc52236f0 JavaThread "Unconstrained build operations Thread 25"        [_thread_blocked, id=13696, stack(0x0000009db2d00000,0x0000009db2e00000) (1024K)]
  0x0000024cc5227200 JavaThread "Unconstrained build operations Thread 26"        [_thread_blocked, id=172, stack(0x0000009db2e00000,0x0000009db2f00000) (1024K)]
  0x0000024cc5227890 JavaThread "Unconstrained build operations Thread 27"        [_thread_blocked, id=21656, stack(0x0000009db2f00000,0x0000009db3000000) (1024K)]
  0x0000024cc5224410 JavaThread "Unconstrained build operations Thread 28"        [_thread_blocked, id=17980, stack(0x0000009db3000000,0x0000009db3100000) (1024K)]
  0x0000024cc5227f20 JavaThread "Unconstrained build operations Thread 29"        [_thread_blocked, id=6000, stack(0x0000009db3100000,0x0000009db3200000) (1024K)]
  0x0000024cc5224aa0 JavaThread "Unconstrained build operations Thread 30"        [_thread_blocked, id=18736, stack(0x0000009db3200000,0x0000009db3300000) (1024K)]
  0x0000024cc52285b0 JavaThread "Unconstrained build operations Thread 31"        [_thread_blocked, id=14100, stack(0x0000009db3300000,0x0000009db3400000) (1024K)]
  0x0000024cc5229ff0 JavaThread "Unconstrained build operations Thread 32"        [_thread_blocked, id=11012, stack(0x0000009db3400000,0x0000009db3500000) (1024K)]
  0x0000024cc5229960 JavaThread "Unconstrained build operations Thread 33"        [_thread_blocked, id=14880, stack(0x0000009db3500000,0x0000009db3600000) (1024K)]
  0x0000024cc522a680 JavaThread "Unconstrained build operations Thread 34"        [_thread_blocked, id=16660, stack(0x0000009db3600000,0x0000009db3700000) (1024K)]
  0x0000024cc5228c40 JavaThread "Unconstrained build operations Thread 35"        [_thread_blocked, id=20112, stack(0x0000009db3700000,0x0000009db3800000) (1024K)]
  0x0000024cc5179e50 JavaThread "Unconstrained build operations Thread 36"        [_thread_blocked, id=14456, stack(0x0000009db3800000,0x0000009db3900000) (1024K)]
  0x0000024ccaf33930 JavaThread "Unconstrained build operations Thread 37"        [_thread_blocked, id=21104, stack(0x0000009db3900000,0x0000009db3a00000) (1024K)]
  0x0000024ccaf33fc0 JavaThread "Unconstrained build operations Thread 38"        [_thread_blocked, id=10696, stack(0x0000009db3a00000,0x0000009db3b00000) (1024K)]
  0x0000024ccaf35a00 JavaThread "Unconstrained build operations Thread 39"        [_thread_blocked, id=1412, stack(0x0000009db3b00000,0x0000009db3c00000) (1024K)]
  0x0000024ccaf36090 JavaThread "Unconstrained build operations Thread 40"        [_thread_blocked, id=22052, stack(0x0000009db3c00000,0x0000009db3d00000) (1024K)]
  0x0000024ccaf32c10 JavaThread "Unconstrained build operations Thread 41"        [_thread_blocked, id=16360, stack(0x0000009db3d00000,0x0000009db3e00000) (1024K)]
  0x0000024ccaf34650 JavaThread "Unconstrained build operations Thread 42"        [_thread_blocked, id=16468, stack(0x0000009db3e00000,0x0000009db3f00000) (1024K)]
  0x0000024ccaf332a0 JavaThread "Unconstrained build operations Thread 43"        [_thread_blocked, id=18060, stack(0x0000009db3f00000,0x0000009db4000000) (1024K)]
  0x0000024ccaf35370 JavaThread "Unconstrained build operations Thread 44"        [_thread_blocked, id=11784, stack(0x0000009db4000000,0x0000009db4100000) (1024K)]
  0x0000024ccaf34ce0 JavaThread "Unconstrained build operations Thread 45"        [_thread_blocked, id=9852, stack(0x0000009db4100000,0x0000009db4200000) (1024K)]
  0x0000024ccaff3890 JavaThread "Unconstrained build operations Thread 46"        [_thread_blocked, id=5284, stack(0x0000009db4200000,0x0000009db4300000) (1024K)]
  0x0000024ccaff45b0 JavaThread "Unconstrained build operations Thread 47"        [_thread_blocked, id=12116, stack(0x0000009db4300000,0x0000009db4400000) (1024K)]
  0x0000024ccaff4c40 JavaThread "Unconstrained build operations Thread 48"        [_thread_blocked, id=22304, stack(0x0000009db4400000,0x0000009db4500000) (1024K)]
  0x0000024ccaff52d0 JavaThread "Unconstrained build operations Thread 49"        [_thread_blocked, id=10176, stack(0x0000009db4500000,0x0000009db4600000) (1024K)]
  0x0000024ccaff5960 JavaThread "Unconstrained build operations Thread 50"        [_thread_blocked, id=17648, stack(0x0000009db4600000,0x0000009db4700000) (1024K)]
  0x0000024ccaff3f20 JavaThread "WorkerExecutor Queue"              [_thread_blocked, id=1076, stack(0x0000009db4700000,0x0000009db4800000) (1024K)]
  0x0000024ccaff3200 JavaThread "Unconstrained build operations Thread 51"        [_thread_blocked, id=3636, stack(0x0000009db4800000,0x0000009db4900000) (1024K)]
  0x0000024ccaff5ff0 JavaThread "Unconstrained build operations Thread 52"        [_thread_blocked, id=14532, stack(0x0000009db4900000,0x0000009db4a00000) (1024K)]
  0x0000024ccaff2b70 JavaThread "Unconstrained build operations Thread 53"        [_thread_blocked, id=8936, stack(0x0000009db4a00000,0x0000009db4b00000) (1024K)]
  0x0000024ccaff9470 JavaThread "Unconstrained build operations Thread 54"        [_thread_blocked, id=14176, stack(0x0000009db4b00000,0x0000009db4c00000) (1024K)]
  0x0000024ccaff9b00 JavaThread "Unconstrained build operations Thread 55"        [_thread_blocked, id=11884, stack(0x0000009db4c00000,0x0000009db4d00000) (1024K)]
  0x0000024ccaff8750 JavaThread "Unconstrained build operations Thread 56"        [_thread_blocked, id=18812, stack(0x0000009db4d00000,0x0000009db4e00000) (1024K)]
  0x0000024ccaff8de0 JavaThread "Unconstrained build operations Thread 57"        [_thread_blocked, id=8732, stack(0x0000009db4e00000,0x0000009db4f00000) (1024K)]
  0x0000024ccaff6680 JavaThread "Unconstrained build operations Thread 58"        [_thread_blocked, id=9660, stack(0x0000009db4f00000,0x0000009db5000000) (1024K)]
  0x0000024ccaff73a0 JavaThread "Unconstrained build operations Thread 59"        [_thread_blocked, id=1152, stack(0x0000009db5000000,0x0000009db5100000) (1024K)]
  0x0000024ccaff7a30 JavaThread "Unconstrained build operations Thread 60"        [_thread_blocked, id=12560, stack(0x0000009db5100000,0x0000009db5200000) (1024K)]
  0x0000024ccaff6d10 JavaThread "Unconstrained build operations Thread 61"        [_thread_blocked, id=16220, stack(0x0000009db5200000,0x0000009db5300000) (1024K)]
  0x0000024ccaff80c0 JavaThread "Unconstrained build operations Thread 62"        [_thread_blocked, id=12356, stack(0x0000009db5300000,0x0000009db5400000) (1024K)]
  0x0000024cbf217ed0 JavaThread "Unconstrained build operations Thread 63"        [_thread_blocked, id=5772, stack(0x0000009db5400000,0x0000009db5500000) (1024K)]
  0x0000024cbf218560 JavaThread "Unconstrained build operations Thread 64"        [_thread_blocked, id=18240, stack(0x0000009db5500000,0x0000009db5600000) (1024K)]
  0x0000024cbfc93c90 JavaThread "Unconstrained build operations Thread 65"        [_thread_blocked, id=17524, stack(0x0000009db5600000,0x0000009db5700000) (1024K)]
  0x0000024cbfc94320 JavaThread "Unconstrained build operations Thread 66"        [_thread_blocked, id=3224, stack(0x0000009db5700000,0x0000009db5800000) (1024K)]
  0x0000024cbfc928e0 JavaThread "Unconstrained build operations Thread 67"        [_thread_blocked, id=2280, stack(0x0000009db5800000,0x0000009db5900000) (1024K)]
  0x0000024cbfc92f70 JavaThread "Unconstrained build operations Thread 68"        [_thread_blocked, id=20696, stack(0x0000009db5900000,0x0000009db5a00000) (1024K)]
  0x0000024cbfc90ea0 JavaThread "Unconstrained build operations Thread 69"        [_thread_blocked, id=16696, stack(0x0000009db5a00000,0x0000009db5b00000) (1024K)]
  0x0000024cbfc949b0 JavaThread "Unconstrained build operations Thread 70"        [_thread_blocked, id=3460, stack(0x0000009db5b00000,0x0000009db5c00000) (1024K)]
  0x0000024cca4fa170 JavaThread "Unconstrained build operations Thread 71"        [_thread_blocked, id=22208, stack(0x0000009db5c00000,0x0000009db5d00000) (1024K)]
  0x0000024cca4f8dc0 JavaThread "WorkerExecutor Queue Thread 2"        [_thread_blocked, id=10064, stack(0x0000009db5d00000,0x0000009db5e00000) (1024K)]
  0x0000024cca4f9450 JavaThread "Unconstrained build operations Thread 72"        [_thread_blocked, id=12596, stack(0x0000009db5e00000,0x0000009db5f00000) (1024K)]
  0x0000024cca4f9ae0 JavaThread "Unconstrained build operations Thread 73"        [_thread_blocked, id=22084, stack(0x0000009db5f00000,0x0000009db6000000) (1024K)]
  0x0000024cca4f80a0 JavaThread "Unconstrained build operations Thread 74"        [_thread_blocked, id=17324, stack(0x0000009db6000000,0x0000009db6100000) (1024K)]
  0x0000024cca4fae90 JavaThread "Unconstrained build operations Thread 75"        [_thread_blocked, id=4752, stack(0x0000009db6100000,0x0000009db6200000) (1024K)]
  0x0000024cca4fb520 JavaThread "Unconstrained build operations Thread 76"        [_thread_blocked, id=14896, stack(0x0000009db6200000,0x0000009db6300000) (1024K)]
  0x0000024cca4fbbb0 JavaThread "Unconstrained build operations Thread 77"        [_thread_blocked, id=1396, stack(0x0000009db6300000,0x0000009db6400000) (1024K)]
  0x0000024cca4fa800 JavaThread "Unconstrained build operations Thread 78"        [_thread_blocked, id=8488, stack(0x0000009db6400000,0x0000009db6500000) (1024K)]
  0x0000024cca4f8730 JavaThread "WorkerExecutor Queue Thread 3"        [_thread_blocked, id=1676, stack(0x0000009db6500000,0x0000009db6600000) (1024K)]
  0x0000024cca4fc8d0 JavaThread "Unconstrained build operations Thread 79"        [_thread_blocked, id=10276, stack(0x0000009db6600000,0x0000009db6700000) (1024K)]
  0x0000024cca4ff6c0 JavaThread "Unconstrained build operations Thread 80"        [_thread_blocked, id=12504, stack(0x0000009db6700000,0x0000009db6800000) (1024K)]
  0x0000024cca9ac200 JavaThread "WorkerExecutor Queue Thread 4"        [_thread_in_native, id=19976, stack(0x0000009db6800000,0x0000009db6900000) (1024K)]
  0x0000024cca9ae2d0 JavaThread "pool-3-thread-1"                   [_thread_blocked, id=11396, stack(0x0000009db6900000,0x0000009db6a00000) (1024K)]
  0x0000024cbf21c070 JavaThread "stderr"                            [_thread_in_native, id=21384, stack(0x0000009db6a00000,0x0000009db6b00000) (1024K)]
  0x0000024cbf21a630 JavaThread "stdout"                            [_thread_in_native, id=14404, stack(0x0000009db6b00000,0x0000009db6c00000) (1024K)]
  0x0000024cbf216b20 JavaThread "ForkJoinPool-1-worker-1"    daemon [_thread_blocked, id=2632, stack(0x0000009db6c00000,0x0000009db6d00000) (1024K)]
  0x0000024cbf219280 JavaThread "ForkJoinPool-1-worker-2"    daemon [_thread_blocked, id=21916, stack(0x0000009db6d00000,0x0000009db6e00000) (1024K)]
  0x0000024cbf219fa0 JavaThread "ForkJoinPool-1-worker-3"    daemon [_thread_blocked, id=6324, stack(0x0000009db6e00000,0x0000009db6f00000) (1024K)]
  0x0000024cbf217840 JavaThread "ForkJoinPool-1-worker-5"    daemon [_thread_blocked, id=16152, stack(0x0000009db6f00000,0x0000009db7000000) (1024K)]
  0x0000024cbf219910 JavaThread "ForkJoinPool-1-worker-4"    daemon [_thread_blocked, id=13148, stack(0x0000009db7000000,0x0000009db7100000) (1024K)]
  0x0000024cbf2171b0 JavaThread "ForkJoinPool-1-worker-6"    daemon [_thread_blocked, id=19060, stack(0x0000009db7100000,0x0000009db7200000) (1024K)]
  0x0000024cbf218bf0 JavaThread "ForkJoinPool-1-worker-7"    daemon [_thread_blocked, id=16544, stack(0x0000009db7200000,0x0000009db7300000) (1024K)]
  0x0000024cbf21e140 JavaThread "ForkJoinPool-1-worker-8"    daemon [_thread_blocked, id=11392, stack(0x0000009db7300000,0x0000009db7400000) (1024K)]
  0x0000024ccc129cc0 JavaThread "WorkerExecutor Queue Thread 5"        [_thread_blocked, id=21576, stack(0x0000009dad700000,0x0000009dad800000) (1024K)]
  0x0000024ccb47f1b0 JavaThread "RMI Scheduler(0)"           daemon [_thread_blocked, id=1156, stack(0x0000009dad800000,0x0000009dad900000) (1024K)]
  0x0000024ccb47de00 JavaThread "RMI RenewClean-[127.0.0.1:17225,org.jetbrains.kotlin.daemon.common.LoopbackNetworkInterface$ClientLoopbackSocketFactory@42121e75]" daemon [_thread_blocked, id=14400, stack(0x0000009dad900000,0x0000009dada00000) (1024K)]
  0x0000024ccb47e490 JavaThread "RMI GC Daemon"              daemon [_thread_blocked, id=10756, stack(0x0000009db7500000,0x0000009db7600000) (1024K)]
  0x0000024cca9b6610 JavaThread "RMI TCP Accept-0"           daemon [_thread_in_native, id=5384, stack(0x0000009db7600000,0x0000009db7700000) (1024K)]
  0x0000024cca9b3190 JavaThread "RMI Reaper"                        [_thread_blocked, id=6740, stack(0x0000009db7700000,0x0000009db7800000) (1024K)]
  0x0000024ccb47eb20 JavaThread "RMI TCP Connection(1)-127.0.0.1" daemon [_thread_in_native, id=12088, stack(0x0000009db7800000,0x0000009db7900000) (1024K)]
  0x0000024cc2213fb0 JavaThread "C2 CompilerThread1"         daemon [_thread_blocked, id=19260, stack(0x0000009db7400000,0x0000009db7500000) (1024K)]
Total: 147

Other Threads:
=>0x0000024cbaa9f130 VMThread "VM Thread"                           [id=10724, stack(0x0000009dae100000,0x0000009dae200000) (1024K)]
  0x0000024cbaa527d0 WatcherThread "VM Periodic Task Thread"        [id=16728, stack(0x0000009dae000000,0x0000009dae100000) (1024K)]
  0x0000024ca147cee0 WorkerThread "GC Thread#0"                     [id=14584, stack(0x0000009dadb00000,0x0000009dadc00000) (1024K)]
  0x0000024cbf5f5f00 WorkerThread "GC Thread#1"                     [id=19580, stack(0x0000009daec00000,0x0000009daed00000) (1024K)]
  0x0000024cbfa05770 WorkerThread "GC Thread#2"                     [id=960, stack(0x0000009daed00000,0x0000009daee00000) (1024K)]
  0x0000024cbff8afe0 WorkerThread "GC Thread#3"                     [id=11080, stack(0x0000009daee00000,0x0000009daef00000) (1024K)]
  0x0000024cbff8b380 WorkerThread "GC Thread#4"                     [id=20632, stack(0x0000009daef00000,0x0000009daf000000) (1024K)]
  0x0000024cc0e02140 WorkerThread "GC Thread#5"                     [id=16552, stack(0x0000009dafa00000,0x0000009dafb00000) (1024K)]
  0x0000024cc0e039b0 WorkerThread "GC Thread#6"                     [id=4568, stack(0x0000009dafb00000,0x0000009dafc00000) (1024K)]
  0x0000024cc0e03d50 WorkerThread "GC Thread#7"                     [id=17292, stack(0x0000009dafc00000,0x0000009dafd00000) (1024K)]
  0x0000024ca148ec10 ConcurrentGCThread "G1 Main Marker"            [id=22268, stack(0x0000009dadc00000,0x0000009dadd00000) (1024K)]
  0x0000024ca1490190 WorkerThread "G1 Conc#0"                       [id=14916, stack(0x0000009dadd00000,0x0000009dade00000) (1024K)]
  0x0000024cc0bdd9b0 WorkerThread "G1 Conc#1"                       [id=1440, stack(0x0000009dafd00000,0x0000009dafe00000) (1024K)]
  0x0000024cba91a130 ConcurrentGCThread "G1 Refine#0"               [id=20496, stack(0x0000009dade00000,0x0000009dadf00000) (1024K)]
  0x0000024cba91a950 ConcurrentGCThread "G1 Service"                [id=17200, stack(0x0000009dadf00000,0x0000009dae000000) (1024K)]
Total: 15

Threads with active compile tasks:
C2 CompilerThread0    42302 19703       4       com.android.tools.r8.dex.L::c (326 bytes)
Total: 1

VM state: at safepoint (normal execution)

VM Mutex/Monitor currently owned by a thread:  ([mutex/lock_event])
[0x00007ffd344b20c8] Threads_lock - owner thread: 0x0000024cbaa9f130
[0x00007ffd344b21c8] Heap_lock - owner thread: 0x0000024ca148ec10

Heap address: 0x0000000080000000, size: 2048 MB, Compressed Oops mode: 32-bit

CDS archive(s) not mapped
Compressed class space mapped at: 0x0000000100000000-0x0000000140000000, reserved size: 1073741824
Narrow klass base: 0x0000000000000000, Narrow klass shift: 3, Narrow klass range: 0x140000000

GC Precious Log:
 CardTable entry size: 512
 Card Set container configuration: InlinePtr #cards 5 size 8 Array Of Cards #cards 12 size 40 Howl #buckets 4 coarsen threshold 1843 Howl Bitmap #cards 512 size 80 coarsen threshold 460 Card regions per heap region 1 cards per card region 2048
 CPUs: 8 total, 8 available
 Memory: 7952M
 Large Page Support: Disabled
 NUMA Support: Disabled
 Compressed Oops: Enabled (32-bit)
 Heap Region Size: 1M
 Heap Min Capacity: 8M
 Heap Initial Capacity: 126M
 Heap Max Capacity: 2G
 Pre-touch: Disabled
 Parallel Workers: 8
 Concurrent Workers: 2
 Concurrent Refinement Workers: 8
 Periodic GC: Disabled

Heap:
 garbage-first heap   total 1198080K, used 970240K [0x0000000080000000, 0x0000000100000000)
  region size 1024K, 68 young (69632K), 4 survivors (4096K)
 Metaspace       used 133518K, committed 135744K, reserved 1179648K
  class space    used 18411K, committed 19584K, reserved 1048576K

Heap Regions: E=young(eden), S=young(survivor), O=old, HS=humongous(starts), HC=humongous(continues), CS=collection set, F=free, TAMS=top-at-mark-start, PB=parsable bottom
|   0|0x0000000080000000, 0x0000000080100000, 0x0000000080100000|100%|HS|  |TAMS 0x0000000080100000| PB 0x0000000080000000| Complete 
|   1|0x0000000080100000, 0x0000000080200000, 0x0000000080200000|100%|HC|  |TAMS 0x0000000080200000| PB 0x0000000080100000| Complete 
|   2|0x0000000080200000, 0x0000000080300000, 0x0000000080300000|100%|HC|  |TAMS 0x0000000080300000| PB 0x0000000080200000| Complete 
|   3|0x0000000080300000, 0x0000000080400000, 0x0000000080400000|100%|HC|  |TAMS 0x0000000080400000| PB 0x0000000080300000| Complete 
|   4|0x0000000080400000, 0x0000000080500000, 0x0000000080500000|100%| O|  |TAMS 0x0000000080500000| PB 0x0000000080500000| Untracked 
|   5|0x0000000080500000, 0x0000000080600000, 0x0000000080600000|100%| O|  |TAMS 0x0000000080600000| PB 0x0000000080600000| Untracked 
|   6|0x0000000080600000, 0x0000000080700000, 0x0000000080700000|100%| O|  |TAMS 0x0000000080700000| PB 0x0000000080700000| Untracked 
|   7|0x0000000080700000, 0x0000000080800000, 0x0000000080800000|100%| O|  |TAMS 0x0000000080800000| PB 0x0000000080800000| Untracked 
|   8|0x0000000080800000, 0x0000000080900000, 0x0000000080900000|100%| O|  |TAMS 0x0000000080900000| PB 0x0000000080900000| Untracked 
|   9|0x0000000080900000, 0x0000000080a00000, 0x0000000080a00000|100%| O|  |TAMS 0x0000000080a00000| PB 0x0000000080a00000| Untracked 
|  10|0x0000000080a00000, 0x0000000080b00000, 0x0000000080b00000|100%| O|  |TAMS 0x0000000080b00000| PB 0x0000000080b00000| Untracked 
|  11|0x0000000080b00000, 0x0000000080c00000, 0x0000000080c00000|100%|HS|  |TAMS 0x0000000080c00000| PB 0x0000000080b00000| Complete 
|  12|0x0000000080c00000, 0x0000000080d00000, 0x0000000080d00000|100%| O|  |TAMS 0x0000000080d00000| PB 0x0000000080d00000| Untracked 
|  13|0x0000000080d00000, 0x0000000080e00000, 0x0000000080e00000|100%| O|  |TAMS 0x0000000080e00000| PB 0x0000000080e00000| Updating 
|  14|0x0000000080e00000, 0x0000000080f00000, 0x0000000080f00000|100%| O|  |TAMS 0x0000000080f00000| PB 0x0000000080f00000| Updating 
|  15|0x0000000080f00000, 0x0000000081000000, 0x0000000081000000|100%| O|  |TAMS 0x0000000081000000| PB 0x0000000081000000| Untracked 
|  16|0x0000000081000000, 0x0000000081100000, 0x0000000081100000|100%| O|  |TAMS 0x0000000081100000| PB 0x0000000081100000| Untracked 
|  17|0x0000000081100000, 0x0000000081200000, 0x0000000081200000|100%| O|  |TAMS 0x0000000081200000| PB 0x0000000081200000| Untracked 
|  18|0x0000000081200000, 0x0000000081300000, 0x0000000081300000|100%| O|  |TAMS 0x0000000081300000| PB 0x0000000081300000| Untracked 
|  19|0x0000000081300000, 0x0000000081400000, 0x0000000081400000|100%| O|  |TAMS 0x0000000081400000| PB 0x0000000081400000| Updating 
|  20|0x0000000081400000, 0x0000000081500000, 0x0000000081500000|100%| O|  |TAMS 0x0000000081500000| PB 0x0000000081500000| Updating 
|  21|0x0000000081500000, 0x0000000081600000, 0x0000000081600000|100%| O|  |TAMS 0x0000000081600000| PB 0x0000000081600000| Untracked 
|  22|0x0000000081600000, 0x0000000081700000, 0x0000000081700000|100%| O|  |TAMS 0x0000000081700000| PB 0x0000000081700000| Untracked 
|  23|0x0000000081700000, 0x0000000081800000, 0x0000000081800000|100%| O|  |TAMS 0x0000000081800000| PB 0x0000000081800000| Untracked 
|  24|0x0000000081800000, 0x0000000081900000, 0x0000000081900000|100%| O|  |TAMS 0x0000000081900000| PB 0x0000000081900000| Untracked 
|  25|0x0000000081900000, 0x0000000081a00000, 0x0000000081a00000|100%| O|  |TAMS 0x0000000081a00000| PB 0x0000000081a00000| Untracked 
|  26|0x0000000081a00000, 0x0000000081b00000, 0x0000000081b00000|100%| O|  |TAMS 0x0000000081b00000| PB 0x0000000081b00000| Untracked 
|  27|0x0000000081b00000, 0x0000000081c00000, 0x0000000081c00000|100%| O|  |TAMS 0x0000000081c00000| PB 0x0000000081c00000| Untracked 
|  28|0x0000000081c00000, 0x0000000081d00000, 0x0000000081d00000|100%| O|  |TAMS 0x0000000081d00000| PB 0x0000000081d00000| Untracked 
|  29|0x0000000081d00000, 0x0000000081e00000, 0x0000000081e00000|100%| O|  |TAMS 0x0000000081e00000| PB 0x0000000081e00000| Untracked 
|  30|0x0000000081e00000, 0x0000000081f00000, 0x0000000081f00000|100%| O|  |TAMS 0x0000000081f00000| PB 0x0000000081f00000| Untracked 
|  31|0x0000000081f00000, 0x0000000082000000, 0x0000000082000000|100%| O|  |TAMS 0x0000000082000000| PB 0x0000000082000000| Untracked 
|  32|0x0000000082000000, 0x0000000082100000, 0x0000000082100000|100%| O|  |TAMS 0x0000000082100000| PB 0x0000000082100000| Updating 
|  33|0x0000000082100000, 0x0000000082200000, 0x0000000082200000|100%|HS|  |TAMS 0x0000000082200000| PB 0x0000000082100000| Complete 
|  34|0x0000000082200000, 0x0000000082300000, 0x0000000082300000|100%| O|  |TAMS 0x0000000082300000| PB 0x0000000082300000| Updating 
|  35|0x0000000082300000, 0x0000000082400000, 0x0000000082400000|100%| O|  |TAMS 0x0000000082400000| PB 0x0000000082400000| Updating 
|  36|0x0000000082400000, 0x0000000082500000, 0x0000000082500000|100%| O|  |TAMS 0x0000000082500000| PB 0x0000000082500000| Updating 
|  37|0x0000000082500000, 0x0000000082600000, 0x0000000082600000|100%| O|  |TAMS 0x0000000082600000| PB 0x0000000082600000| Updating 
|  38|0x0000000082600000, 0x0000000082700000, 0x0000000082700000|100%|HS|  |TAMS 0x0000000082700000| PB 0x0000000082600000| Complete 
|  39|0x0000000082700000, 0x0000000082800000, 0x0000000082800000|100%|HS|  |TAMS 0x0000000082800000| PB 0x0000000082700000| Complete 
|  40|0x0000000082800000, 0x0000000082900000, 0x0000000082900000|100%|HS|  |TAMS 0x0000000082900000| PB 0x0000000082800000| Complete 
|  41|0x0000000082900000, 0x0000000082a00000, 0x0000000082a00000|100%|HC|  |TAMS 0x0000000082a00000| PB 0x0000000082900000| Complete 
|  42|0x0000000082a00000, 0x0000000082b00000, 0x0000000082b00000|100%|HS|  |TAMS 0x0000000082b00000| PB 0x0000000082a00000| Complete 
|  43|0x0000000082b00000, 0x0000000082c00000, 0x0000000082c00000|100%|HC|  |TAMS 0x0000000082c00000| PB 0x0000000082b00000| Complete 
|  44|0x0000000082c00000, 0x0000000082d00000, 0x0000000082d00000|100%|HS|  |TAMS 0x0000000082d00000| PB 0x0000000082c00000| Complete 
|  45|0x0000000082d00000, 0x0000000082e00000, 0x0000000082e00000|100%|HS|  |TAMS 0x0000000082e00000| PB 0x0000000082d00000| Complete 
|  46|0x0000000082e00000, 0x0000000082f00000, 0x0000000082f00000|100%|HC|  |TAMS 0x0000000082f00000| PB 0x0000000082e00000| Complete 
|  47|0x0000000082f00000, 0x0000000083000000, 0x0000000083000000|100%|HC|  |TAMS 0x0000000083000000| PB 0x0000000082f00000| Complete 
|  48|0x0000000083000000, 0x0000000083100000, 0x0000000083100000|100%|HS|  |TAMS 0x0000000083100000| PB 0x0000000083000000| Complete 
|  49|0x0000000083100000, 0x0000000083200000, 0x0000000083200000|100%| O|  |TAMS 0x0000000083200000| PB 0x0000000083200000| Updating 
|  50|0x0000000083200000, 0x0000000083300000, 0x0000000083300000|100%|HS|  |TAMS 0x0000000083300000| PB 0x0000000083200000| Complete 
|  51|0x0000000083300000, 0x0000000083400000, 0x0000000083400000|100%|HS|  |TAMS 0x0000000083400000| PB 0x0000000083300000| Complete 
|  52|0x0000000083400000, 0x0000000083500000, 0x0000000083500000|100%| O|  |TAMS 0x0000000083500000| PB 0x0000000083500000| Untracked 
|  53|0x0000000083500000, 0x0000000083600000, 0x0000000083600000|100%| O|  |TAMS 0x0000000083600000| PB 0x0000000083600000| Untracked 
|  54|0x0000000083600000, 0x0000000083700000, 0x0000000083700000|100%| O|  |TAMS 0x0000000083700000| PB 0x0000000083700000| Untracked 
|  55|0x0000000083700000, 0x0000000083800000, 0x0000000083800000|100%| O|  |TAMS 0x0000000083800000| PB 0x0000000083800000| Untracked 
|  56|0x0000000083800000, 0x0000000083900000, 0x0000000083900000|100%| O|  |TAMS 0x0000000083900000| PB 0x0000000083900000| Untracked 
|  57|0x0000000083900000, 0x0000000083a00000, 0x0000000083a00000|100%| O|  |TAMS 0x0000000083a00000| PB 0x0000000083a00000| Updating 
|  58|0x0000000083a00000, 0x0000000083b00000, 0x0000000083b00000|100%| O|  |TAMS 0x0000000083b00000| PB 0x0000000083b00000| Updating 
|  59|0x0000000083b00000, 0x0000000083c00000, 0x0000000083c00000|100%| O|  |TAMS 0x0000000083c00000| PB 0x0000000083c00000| Untracked 
|  60|0x0000000083c00000, 0x0000000083d00000, 0x0000000083d00000|100%| O|  |TAMS 0x0000000083d00000| PB 0x0000000083d00000| Updating 
|  61|0x0000000083d00000, 0x0000000083e00000, 0x0000000083e00000|100%| O|  |TAMS 0x0000000083e00000| PB 0x0000000083e00000| Untracked 
|  62|0x0000000083e00000, 0x0000000083f00000, 0x0000000083f00000|100%| O|  |TAMS 0x0000000083f00000| PB 0x0000000083f00000| Untracked 
|  63|0x0000000083f00000, 0x0000000084000000, 0x0000000084000000|100%| O|  |TAMS 0x0000000084000000| PB 0x0000000084000000| Untracked 
|  64|0x0000000084000000, 0x0000000084100000, 0x0000000084100000|100%| O|  |TAMS 0x0000000084100000| PB 0x0000000084100000| Untracked 
|  65|0x0000000084100000, 0x0000000084200000, 0x0000000084200000|100%| O|  |TAMS 0x0000000084200000| PB 0x0000000084200000| Updating 
|  66|0x0000000084200000, 0x0000000084300000, 0x0000000084300000|100%|HS|  |TAMS 0x0000000084300000| PB 0x0000000084200000| Complete 
|  67|0x0000000084300000, 0x0000000084400000, 0x0000000084400000|100%|HC|  |TAMS 0x0000000084400000| PB 0x0000000084300000| Complete 
|  68|0x0000000084400000, 0x0000000084500000, 0x0000000084500000|100%|HC|  |TAMS 0x0000000084500000| PB 0x0000000084400000| Complete 
|  69|0x0000000084500000, 0x0000000084600000, 0x0000000084600000|100%| O|  |TAMS 0x0000000084600000| PB 0x0000000084600000| Updating 
|  70|0x0000000084600000, 0x0000000084700000, 0x0000000084700000|100%| O|  |TAMS 0x0000000084700000| PB 0x0000000084700000| Untracked 
|  71|0x0000000084700000, 0x0000000084800000, 0x0000000084800000|100%| O|  |TAMS 0x0000000084800000| PB 0x0000000084800000| Updating 
|  72|0x0000000084800000, 0x0000000084900000, 0x0000000084900000|100%| O|  |TAMS 0x0000000084900000| PB 0x0000000084900000| Updating 
|  73|0x0000000084900000, 0x0000000084a00000, 0x0000000084a00000|100%| O|  |TAMS 0x0000000084a00000| PB 0x0000000084a00000| Untracked 
|  74|0x0000000084a00000, 0x0000000084b00000, 0x0000000084b00000|100%| O|  |TAMS 0x0000000084b00000| PB 0x0000000084b00000| Untracked 
|  75|0x0000000084b00000, 0x0000000084c00000, 0x0000000084c00000|100%| O|  |TAMS 0x0000000084c00000| PB 0x0000000084c00000| Updating 
|  76|0x0000000084c00000, 0x0000000084d00000, 0x0000000084d00000|100%| O|  |TAMS 0x0000000084d00000| PB 0x0000000084d00000| Updating 
|  77|0x0000000084d00000, 0x0000000084e00000, 0x0000000084e00000|100%| O|  |TAMS 0x0000000084e00000| PB 0x0000000084e00000| Untracked 
|  78|0x0000000084e00000, 0x0000000084f00000, 0x0000000084f00000|100%| O|  |TAMS 0x0000000084f00000| PB 0x0000000084f00000| Untracked 
|  79|0x0000000084f00000, 0x0000000085000000, 0x0000000085000000|100%| O|  |TAMS 0x0000000085000000| PB 0x0000000085000000| Updating 
|  80|0x0000000085000000, 0x0000000085100000, 0x0000000085100000|100%| O|  |TAMS 0x0000000085100000| PB 0x0000000085100000| Untracked 
|  81|0x0000000085100000, 0x0000000085200000, 0x0000000085200000|100%| O|  |TAMS 0x0000000085200000| PB 0x0000000085200000| Updating 
|  82|0x0000000085200000, 0x0000000085300000, 0x0000000085300000|100%| O|  |TAMS 0x0000000085300000| PB 0x0000000085300000| Updating 
|  83|0x0000000085300000, 0x0000000085400000, 0x0000000085400000|100%| O|  |TAMS 0x0000000085400000| PB 0x0000000085400000| Updating 
|  84|0x0000000085400000, 0x0000000085500000, 0x0000000085500000|100%| O|  |TAMS 0x0000000085500000| PB 0x0000000085500000| Untracked 
|  85|0x0000000085500000, 0x0000000085600000, 0x0000000085600000|100%| O|  |TAMS 0x0000000085600000| PB 0x0000000085600000| Untracked 
|  86|0x0000000085600000, 0x0000000085700000, 0x0000000085700000|100%| O|  |TAMS 0x0000000085700000| PB 0x0000000085700000| Untracked 
|  87|0x0000000085700000, 0x0000000085800000, 0x0000000085800000|100%| O|  |TAMS 0x0000000085800000| PB 0x0000000085800000| Updating 
|  88|0x0000000085800000, 0x0000000085900000, 0x0000000085900000|100%| O|  |TAMS 0x0000000085900000| PB 0x0000000085900000| Untracked 
|  89|0x0000000085900000, 0x0000000085a00000, 0x0000000085a00000|100%| O|  |TAMS 0x0000000085a00000| PB 0x0000000085a00000| Untracked 
|  90|0x0000000085a00000, 0x0000000085b00000, 0x0000000085b00000|100%| O|  |TAMS 0x0000000085b00000| PB 0x0000000085b00000| Untracked 
|  91|0x0000000085b00000, 0x0000000085c00000, 0x0000000085c00000|100%| O|  |TAMS 0x0000000085c00000| PB 0x0000000085c00000| Untracked 
|  92|0x0000000085c00000, 0x0000000085d00000, 0x0000000085d00000|100%| O|  |TAMS 0x0000000085d00000| PB 0x0000000085d00000| Untracked 
|  93|0x0000000085d00000, 0x0000000085e00000, 0x0000000085e00000|100%| O|  |TAMS 0x0000000085e00000| PB 0x0000000085e00000| Untracked 
|  94|0x0000000085e00000, 0x0000000085f00000, 0x0000000085f00000|100%| O|  |TAMS 0x0000000085f00000| PB 0x0000000085f00000| Untracked 
|  95|0x0000000085f00000, 0x0000000086000000, 0x0000000086000000|100%| O|  |TAMS 0x0000000086000000| PB 0x0000000086000000| Untracked 
|  96|0x0000000086000000, 0x0000000086100000, 0x0000000086100000|100%| O|  |TAMS 0x0000000086100000| PB 0x0000000086100000| Untracked 
|  97|0x0000000086100000, 0x0000000086200000, 0x0000000086200000|100%| O|  |TAMS 0x0000000086200000| PB 0x0000000086200000| Updating 
|  98|0x0000000086200000, 0x0000000086300000, 0x0000000086300000|100%| O|  |TAMS 0x0000000086300000| PB 0x0000000086300000| Updating 
|  99|0x0000000086300000, 0x0000000086400000, 0x0000000086400000|100%| O|  |TAMS 0x0000000086400000| PB 0x0000000086400000| Untracked 
| 100|0x0000000086400000, 0x0000000086500000, 0x0000000086500000|100%| O|  |TAMS 0x0000000086500000| PB 0x0000000086500000| Untracked 
| 101|0x0000000086500000, 0x0000000086600000, 0x0000000086600000|100%| O|  |TAMS 0x0000000086600000| PB 0x0000000086600000| Untracked 
| 102|0x0000000086600000, 0x0000000086700000, 0x0000000086700000|100%| O|  |TAMS 0x0000000086700000| PB 0x0000000086700000| Untracked 
| 103|0x0000000086700000, 0x0000000086800000, 0x0000000086800000|100%|HS|  |TAMS 0x0000000086800000| PB 0x0000000086700000| Complete 
| 104|0x0000000086800000, 0x0000000086900000, 0x0000000086900000|100%| O|  |TAMS 0x0000000086900000| PB 0x0000000086900000| Untracked 
| 105|0x0000000086900000, 0x0000000086a00000, 0x0000000086a00000|100%| O|  |TAMS 0x0000000086a00000| PB 0x0000000086a00000| Updating 
| 106|0x0000000086a00000, 0x0000000086b00000, 0x0000000086b00000|100%| O|  |TAMS 0x0000000086b00000| PB 0x0000000086b00000| Untracked 
| 107|0x0000000086b00000, 0x0000000086c00000, 0x0000000086c00000|100%|HS|  |TAMS 0x0000000086c00000| PB 0x0000000086b00000| Complete 
| 108|0x0000000086c00000, 0x0000000086d00000, 0x0000000086d00000|100%|HS|  |TAMS 0x0000000086d00000| PB 0x0000000086c00000| Complete 
| 109|0x0000000086d00000, 0x0000000086e00000, 0x0000000086e00000|100%| O|  |TAMS 0x0000000086e00000| PB 0x0000000086e00000| Updating 
| 110|0x0000000086e00000, 0x0000000086f00000, 0x0000000086f00000|100%|HS|  |TAMS 0x0000000086f00000| PB 0x0000000086e00000| Complete 
| 111|0x0000000086f00000, 0x0000000087000000, 0x0000000087000000|100%|HC|  |TAMS 0x0000000087000000| PB 0x0000000086f00000| Complete 
| 112|0x0000000087000000, 0x0000000087100000, 0x0000000087100000|100%|HC|  |TAMS 0x0000000087100000| PB 0x0000000087000000| Complete 
| 113|0x0000000087100000, 0x0000000087200000, 0x0000000087200000|100%|HC|  |TAMS 0x0000000087200000| PB 0x0000000087100000| Complete 
| 114|0x0000000087200000, 0x0000000087300000, 0x0000000087300000|100%|HS|  |TAMS 0x0000000087300000| PB 0x0000000087200000| Complete 
| 115|0x0000000087300000, 0x0000000087400000, 0x0000000087400000|100%|HC|  |TAMS 0x0000000087400000| PB 0x0000000087300000| Complete 
| 116|0x0000000087400000, 0x0000000087500000, 0x0000000087500000|100%|HC|  |TAMS 0x0000000087500000| PB 0x0000000087400000| Complete 
| 117|0x0000000087500000, 0x0000000087600000, 0x0000000087600000|100%|HC|  |TAMS 0x0000000087600000| PB 0x0000000087500000| Complete 
| 118|0x0000000087600000, 0x0000000087700000, 0x0000000087700000|100%|HC|  |TAMS 0x0000000087700000| PB 0x0000000087600000| Complete 
| 119|0x0000000087700000, 0x0000000087800000, 0x0000000087800000|100%|HC|  |TAMS 0x0000000087800000| PB 0x0000000087700000| Complete 
| 120|0x0000000087800000, 0x0000000087900000, 0x0000000087900000|100%|HC|  |TAMS 0x0000000087900000| PB 0x0000000087800000| Complete 
| 121|0x0000000087900000, 0x0000000087a00000, 0x0000000087a00000|100%|HC|  |TAMS 0x0000000087a00000| PB 0x0000000087900000| Complete 
| 122|0x0000000087a00000, 0x0000000087b00000, 0x0000000087b00000|100%|HC|  |TAMS 0x0000000087b00000| PB 0x0000000087a00000| Complete 
| 123|0x0000000087b00000, 0x0000000087c00000, 0x0000000087c00000|100%|HC|  |TAMS 0x0000000087c00000| PB 0x0000000087b00000| Complete 
| 124|0x0000000087c00000, 0x0000000087d00000, 0x0000000087d00000|100%|HC|  |TAMS 0x0000000087d00000| PB 0x0000000087c00000| Complete 
| 125|0x0000000087d00000, 0x0000000087e00000, 0x0000000087e00000|100%|HC|  |TAMS 0x0000000087e00000| PB 0x0000000087d00000| Complete 
| 126|0x0000000087e00000, 0x0000000087f00000, 0x0000000087f00000|100%|HC|  |TAMS 0x0000000087f00000| PB 0x0000000087e00000| Complete 
| 127|0x0000000087f00000, 0x0000000088000000, 0x0000000088000000|100%|HC|  |TAMS 0x0000000088000000| PB 0x0000000087f00000| Complete 
| 128|0x0000000088000000, 0x0000000088100000, 0x0000000088100000|100%|HC|  |TAMS 0x0000000088100000| PB 0x0000000088000000| Complete 
| 129|0x0000000088100000, 0x0000000088200000, 0x0000000088200000|100%|HC|  |TAMS 0x0000000088200000| PB 0x0000000088100000| Complete 
| 130|0x0000000088200000, 0x0000000088300000, 0x0000000088300000|100%|HC|  |TAMS 0x0000000088300000| PB 0x0000000088200000| Complete 
| 131|0x0000000088300000, 0x0000000088400000, 0x0000000088400000|100%|HC|  |TAMS 0x0000000088400000| PB 0x0000000088300000| Complete 
| 132|0x0000000088400000, 0x0000000088500000, 0x0000000088500000|100%|HC|  |TAMS 0x0000000088500000| PB 0x0000000088400000| Complete 
| 133|0x0000000088500000, 0x0000000088600000, 0x0000000088600000|100%|HC|  |TAMS 0x0000000088600000| PB 0x0000000088500000| Complete 
| 134|0x0000000088600000, 0x0000000088700000, 0x0000000088700000|100%|HC|  |TAMS 0x0000000088700000| PB 0x0000000088600000| Complete 
| 135|0x0000000088700000, 0x0000000088800000, 0x0000000088800000|100%|HC|  |TAMS 0x0000000088800000| PB 0x0000000088700000| Complete 
| 136|0x0000000088800000, 0x0000000088900000, 0x0000000088900000|100%|HC|  |TAMS 0x0000000088900000| PB 0x0000000088800000| Complete 
| 137|0x0000000088900000, 0x0000000088a00000, 0x0000000088a00000|100%|HC|  |TAMS 0x0000000088a00000| PB 0x0000000088900000| Complete 
| 138|0x0000000088a00000, 0x0000000088b00000, 0x0000000088b00000|100%|HC|  |TAMS 0x0000000088b00000| PB 0x0000000088a00000| Complete 
| 139|0x0000000088b00000, 0x0000000088c00000, 0x0000000088c00000|100%|HC|  |TAMS 0x0000000088c00000| PB 0x0000000088b00000| Complete 
| 140|0x0000000088c00000, 0x0000000088d00000, 0x0000000088d00000|100%|HC|  |TAMS 0x0000000088d00000| PB 0x0000000088c00000| Complete 
| 141|0x0000000088d00000, 0x0000000088e00000, 0x0000000088e00000|100%|HC|  |TAMS 0x0000000088e00000| PB 0x0000000088d00000| Complete 
| 142|0x0000000088e00000, 0x0000000088f00000, 0x0000000088f00000|100%|HC|  |TAMS 0x0000000088f00000| PB 0x0000000088e00000| Complete 
| 143|0x0000000088f00000, 0x0000000089000000, 0x0000000089000000|100%|HC|  |TAMS 0x0000000089000000| PB 0x0000000088f00000| Complete 
| 144|0x0000000089000000, 0x0000000089100000, 0x0000000089100000|100%|HS|  |TAMS 0x0000000089100000| PB 0x0000000089000000| Complete 
| 145|0x0000000089100000, 0x0000000089200000, 0x0000000089200000|100%|HS|  |TAMS 0x0000000089200000| PB 0x0000000089100000| Complete 
| 146|0x0000000089200000, 0x0000000089300000, 0x0000000089300000|100%|HC|  |TAMS 0x0000000089300000| PB 0x0000000089200000| Complete 
| 147|0x0000000089300000, 0x0000000089400000, 0x0000000089400000|100%|HS|  |TAMS 0x0000000089400000| PB 0x0000000089300000| Complete 
| 148|0x0000000089400000, 0x0000000089500000, 0x0000000089500000|100%|HS|  |TAMS 0x0000000089500000| PB 0x0000000089400000| Complete 
| 149|0x0000000089500000, 0x0000000089600000, 0x0000000089600000|100%|HC|  |TAMS 0x0000000089600000| PB 0x0000000089500000| Complete 
| 150|0x0000000089600000, 0x0000000089700000, 0x0000000089700000|100%|HC|  |TAMS 0x0000000089700000| PB 0x0000000089600000| Complete 
| 151|0x0000000089700000, 0x0000000089800000, 0x0000000089800000|100%|HC|  |TAMS 0x0000000089800000| PB 0x0000000089700000| Complete 
| 152|0x0000000089800000, 0x0000000089900000, 0x0000000089900000|100%|HS|  |TAMS 0x0000000089900000| PB 0x0000000089800000| Complete 
| 153|0x0000000089900000, 0x0000000089a00000, 0x0000000089a00000|100%|HS|  |TAMS 0x0000000089a00000| PB 0x0000000089900000| Complete 
| 154|0x0000000089a00000, 0x0000000089b00000, 0x0000000089b00000|100%|HS|  |TAMS 0x0000000089b00000| PB 0x0000000089a00000| Complete 
| 155|0x0000000089b00000, 0x0000000089c00000, 0x0000000089c00000|100%|HC|  |TAMS 0x0000000089c00000| PB 0x0000000089b00000| Complete 
| 156|0x0000000089c00000, 0x0000000089d00000, 0x0000000089d00000|100%|HS|  |TAMS 0x0000000089d00000| PB 0x0000000089c00000| Complete 
| 157|0x0000000089d00000, 0x0000000089e00000, 0x0000000089e00000|100%|HC|  |TAMS 0x0000000089e00000| PB 0x0000000089d00000| Complete 
| 158|0x0000000089e00000, 0x0000000089f00000, 0x0000000089f00000|100%|HC|  |TAMS 0x0000000089f00000| PB 0x0000000089e00000| Complete 
| 159|0x0000000089f00000, 0x000000008a000000, 0x000000008a000000|100%| O|  |TAMS 0x000000008a000000| PB 0x000000008a000000| Untracked 
| 160|0x000000008a000000, 0x000000008a100000, 0x000000008a100000|100%| O|  |TAMS 0x000000008a100000| PB 0x000000008a100000| Updating 
| 161|0x000000008a100000, 0x000000008a200000, 0x000000008a200000|100%| O|  |TAMS 0x000000008a200000| PB 0x000000008a200000| Updating 
| 162|0x000000008a200000, 0x000000008a300000, 0x000000008a300000|100%| O|  |TAMS 0x000000008a300000| PB 0x000000008a300000| Untracked 
| 163|0x000000008a300000, 0x000000008a400000, 0x000000008a400000|100%| O|  |TAMS 0x000000008a400000| PB 0x000000008a400000| Updating 
| 164|0x000000008a400000, 0x000000008a500000, 0x000000008a500000|100%| O|  |TAMS 0x000000008a500000| PB 0x000000008a500000| Updating 
| 165|0x000000008a500000, 0x000000008a600000, 0x000000008a600000|100%| O|  |TAMS 0x000000008a600000| PB 0x000000008a600000| Untracked 
| 166|0x000000008a600000, 0x000000008a700000, 0x000000008a700000|100%| O|  |TAMS 0x000000008a700000| PB 0x000000008a700000| Untracked 
| 167|0x000000008a700000, 0x000000008a800000, 0x000000008a800000|100%| O|  |TAMS 0x000000008a800000| PB 0x000000008a800000| Untracked 
| 168|0x000000008a800000, 0x000000008a900000, 0x000000008a900000|100%| O|  |TAMS 0x000000008a900000| PB 0x000000008a900000| Untracked 
| 169|0x000000008a900000, 0x000000008aa00000, 0x000000008aa00000|100%|HS|  |TAMS 0x000000008aa00000| PB 0x000000008a900000| Complete 
| 170|0x000000008aa00000, 0x000000008ab00000, 0x000000008ab00000|100%|HC|  |TAMS 0x000000008ab00000| PB 0x000000008aa00000| Complete 
| 171|0x000000008ab00000, 0x000000008ac00000, 0x000000008ac00000|100%|HS|  |TAMS 0x000000008ac00000| PB 0x000000008ab00000| Complete 
| 172|0x000000008ac00000, 0x000000008ad00000, 0x000000008ad00000|100%|HC|  |TAMS 0x000000008ad00000| PB 0x000000008ac00000| Complete 
| 173|0x000000008ad00000, 0x000000008ae00000, 0x000000008ae00000|100%|HS|  |TAMS 0x000000008ae00000| PB 0x000000008ad00000| Complete 
| 174|0x000000008ae00000, 0x000000008af00000, 0x000000008af00000|100%|HC|  |TAMS 0x000000008af00000| PB 0x000000008ae00000| Complete 
| 175|0x000000008af00000, 0x000000008b000000, 0x000000008b000000|100%|HS|  |TAMS 0x000000008b000000| PB 0x000000008af00000| Complete 
| 176|0x000000008b000000, 0x000000008b100000, 0x000000008b100000|100%|HS|  |TAMS 0x000000008b100000| PB 0x000000008b000000| Complete 
| 177|0x000000008b100000, 0x000000008b200000, 0x000000008b200000|100%|HC|  |TAMS 0x000000008b200000| PB 0x000000008b100000| Complete 
| 178|0x000000008b200000, 0x000000008b300000, 0x000000008b300000|100%|HC|  |TAMS 0x000000008b300000| PB 0x000000008b200000| Complete 
| 179|0x000000008b300000, 0x000000008b400000, 0x000000008b400000|100%| O|  |TAMS 0x000000008b400000| PB 0x000000008b400000| Updating 
| 180|0x000000008b400000, 0x000000008b500000, 0x000000008b500000|100%| O|  |TAMS 0x000000008b500000| PB 0x000000008b500000| Untracked 
| 181|0x000000008b500000, 0x000000008b600000, 0x000000008b600000|100%|HS|  |TAMS 0x000000008b600000| PB 0x000000008b500000| Complete 
| 182|0x000000008b600000, 0x000000008b700000, 0x000000008b700000|100%| O|  |TAMS 0x000000008b700000| PB 0x000000008b700000| Updating 
| 183|0x000000008b700000, 0x000000008b800000, 0x000000008b800000|100%|HS|  |TAMS 0x000000008b800000| PB 0x000000008b700000| Complete 
| 184|0x000000008b800000, 0x000000008b900000, 0x000000008b900000|100%| O|  |TAMS 0x000000008b800000| PB 0x000000008b800000| Untracked 
| 185|0x000000008b900000, 0x000000008ba00000, 0x000000008ba00000|100%|HS|  |TAMS 0x000000008ba00000| PB 0x000000008b900000| Complete 
| 186|0x000000008ba00000, 0x000000008bb00000, 0x000000008bb00000|100%|HS|  |TAMS 0x000000008bb00000| PB 0x000000008ba00000| Complete 
| 187|0x000000008bb00000, 0x000000008bc00000, 0x000000008bc00000|100%|HS|  |TAMS 0x000000008bc00000| PB 0x000000008bb00000| Complete 
| 188|0x000000008bc00000, 0x000000008bd00000, 0x000000008bd00000|100%|HC|  |TAMS 0x000000008bd00000| PB 0x000000008bc00000| Complete 
| 189|0x000000008bd00000, 0x000000008be00000, 0x000000008be00000|100%|HS|  |TAMS 0x000000008be00000| PB 0x000000008bd00000| Complete 
| 190|0x000000008be00000, 0x000000008bf00000, 0x000000008bf00000|100%|HC|  |TAMS 0x000000008bf00000| PB 0x000000008be00000| Complete 
| 191|0x000000008bf00000, 0x000000008c000000, 0x000000008c000000|100%| O|  |TAMS 0x000000008c000000| PB 0x000000008c000000| Updating 
| 192|0x000000008c000000, 0x000000008c100000, 0x000000008c100000|100%|HS|  |TAMS 0x000000008c100000| PB 0x000000008c000000| Complete 
| 193|0x000000008c100000, 0x000000008c200000, 0x000000008c200000|100%|HC|  |TAMS 0x000000008c200000| PB 0x000000008c100000| Complete 
| 194|0x000000008c200000, 0x000000008c300000, 0x000000008c300000|100%|HS|  |TAMS 0x000000008c300000| PB 0x000000008c200000| Complete 
| 195|0x000000008c300000, 0x000000008c400000, 0x000000008c400000|100%|HS|  |TAMS 0x000000008c400000| PB 0x000000008c300000| Complete 
| 196|0x000000008c400000, 0x000000008c500000, 0x000000008c500000|100%|HS|  |TAMS 0x000000008c500000| PB 0x000000008c400000| Complete 
| 197|0x000000008c500000, 0x000000008c600000, 0x000000008c600000|100%|HC|  |TAMS 0x000000008c600000| PB 0x000000008c500000| Complete 
| 198|0x000000008c600000, 0x000000008c700000, 0x000000008c700000|100%|HC|  |TAMS 0x000000008c700000| PB 0x000000008c600000| Complete 
| 199|0x000000008c700000, 0x000000008c800000, 0x000000008c800000|100%| O|  |TAMS 0x000000008c800000| PB 0x000000008c800000| Untracked 
| 200|0x000000008c800000, 0x000000008c900000, 0x000000008c900000|100%| O|  |TAMS 0x000000008c900000| PB 0x000000008c900000| Updating 
| 201|0x000000008c900000, 0x000000008ca00000, 0x000000008ca00000|100%|HS|  |TAMS 0x000000008ca00000| PB 0x000000008c900000| Complete 
| 202|0x000000008ca00000, 0x000000008cb00000, 0x000000008cb00000|100%|HC|  |TAMS 0x000000008cb00000| PB 0x000000008ca00000| Complete 
| 203|0x000000008cb00000, 0x000000008cc00000, 0x000000008cc00000|100%|HS|  |TAMS 0x000000008cc00000| PB 0x000000008cb00000| Complete 
| 204|0x000000008cc00000, 0x000000008cd00000, 0x000000008cd00000|100%| O|  |TAMS 0x000000008cd00000| PB 0x000000008cd00000| Updating 
| 205|0x000000008cd00000, 0x000000008ce00000, 0x000000008ce00000|100%| O|  |TAMS 0x000000008ce00000| PB 0x000000008ce00000| Untracked 
| 206|0x000000008ce00000, 0x000000008cf00000, 0x000000008cf00000|100%| O|  |TAMS 0x000000008cf00000| PB 0x000000008cf00000| Untracked 
| 207|0x000000008cf00000, 0x000000008d000000, 0x000000008d000000|100%|HS|  |TAMS 0x000000008d000000| PB 0x000000008cf00000| Complete 
| 208|0x000000008d000000, 0x000000008d100000, 0x000000008d100000|100%|HS|  |TAMS 0x000000008d100000| PB 0x000000008d000000| Complete 
| 209|0x000000008d100000, 0x000000008d200000, 0x000000008d200000|100%| O|  |TAMS 0x000000008d200000| PB 0x000000008d200000| Untracked 
| 210|0x000000008d200000, 0x000000008d300000, 0x000000008d300000|100%| O|  |TAMS 0x000000008d300000| PB 0x000000008d300000| Untracked 
| 211|0x000000008d300000, 0x000000008d400000, 0x000000008d400000|100%| O|  |TAMS 0x000000008d400000| PB 0x000000008d400000| Untracked 
| 212|0x000000008d400000, 0x000000008d500000, 0x000000008d500000|100%|HS|  |TAMS 0x000000008d500000| PB 0x000000008d400000| Complete 
| 213|0x000000008d500000, 0x000000008d600000, 0x000000008d600000|100%|HS|  |TAMS 0x000000008d600000| PB 0x000000008d500000| Complete 
| 214|0x000000008d600000, 0x000000008d700000, 0x000000008d700000|100%| O|  |TAMS 0x000000008d700000| PB 0x000000008d700000| Untracked 
| 215|0x000000008d700000, 0x000000008d800000, 0x000000008d800000|100%| O|  |TAMS 0x000000008d800000| PB 0x000000008d800000| Untracked 
| 216|0x000000008d800000, 0x000000008d900000, 0x000000008d900000|100%| O|  |TAMS 0x000000008d900000| PB 0x000000008d900000| Updating 
| 217|0x000000008d900000, 0x000000008da00000, 0x000000008da00000|100%|HS|  |TAMS 0x000000008da00000| PB 0x000000008d900000| Complete 
| 218|0x000000008da00000, 0x000000008db00000, 0x000000008db00000|100%|HC|  |TAMS 0x000000008db00000| PB 0x000000008da00000| Complete 
| 219|0x000000008db00000, 0x000000008dc00000, 0x000000008dc00000|100%| O|  |TAMS 0x000000008dc00000| PB 0x000000008dc00000| Updating 
| 220|0x000000008dc00000, 0x000000008dd00000, 0x000000008dd00000|100%|HS|  |TAMS 0x000000008dd00000| PB 0x000000008dc00000| Complete 
| 221|0x000000008dd00000, 0x000000008de00000, 0x000000008de00000|100%| O|  |TAMS 0x000000008de00000| PB 0x000000008de00000| Updating 
| 222|0x000000008de00000, 0x000000008df00000, 0x000000008df00000|100%| O|  |TAMS 0x000000008df00000| PB 0x000000008df00000| Updating 
| 223|0x000000008df00000, 0x000000008e000000, 0x000000008e000000|100%| O|  |TAMS 0x000000008e000000| PB 0x000000008e000000| Updating 
| 224|0x000000008e000000, 0x000000008e100000, 0x000000008e100000|100%| O|  |TAMS 0x000000008e100000| PB 0x000000008e100000| Untracked 
| 225|0x000000008e100000, 0x000000008e200000, 0x000000008e200000|100%| O|  |TAMS 0x000000008e200000| PB 0x000000008e200000| Untracked 
| 226|0x000000008e200000, 0x000000008e300000, 0x000000008e300000|100%| O|  |TAMS 0x000000008e300000| PB 0x000000008e300000| Untracked 
| 227|0x000000008e300000, 0x000000008e400000, 0x000000008e400000|100%|HS|  |TAMS 0x000000008e400000| PB 0x000000008e300000| Complete 
| 228|0x000000008e400000, 0x000000008e500000, 0x000000008e500000|100%|HC|  |TAMS 0x000000008e500000| PB 0x000000008e400000| Complete 
| 229|0x000000008e500000, 0x000000008e600000, 0x000000008e600000|100%|HC|  |TAMS 0x000000008e600000| PB 0x000000008e500000| Complete 
| 230|0x000000008e600000, 0x000000008e700000, 0x000000008e700000|100%| O|  |TAMS 0x000000008e700000| PB 0x000000008e700000| Updating 
| 231|0x000000008e700000, 0x000000008e800000, 0x000000008e800000|100%| O|  |TAMS 0x000000008e800000| PB 0x000000008e800000| Untracked 
| 232|0x000000008e800000, 0x000000008e900000, 0x000000008e900000|100%| O|  |TAMS 0x000000008e900000| PB 0x000000008e900000| Updating 
| 233|0x000000008e900000, 0x000000008ea00000, 0x000000008ea00000|100%|HS|  |TAMS 0x000000008ea00000| PB 0x000000008e900000| Complete 
| 234|0x000000008ea00000, 0x000000008eb00000, 0x000000008eb00000|100%|HC|  |TAMS 0x000000008eb00000| PB 0x000000008ea00000| Complete 
| 235|0x000000008eb00000, 0x000000008ec00000, 0x000000008ec00000|100%|HC|  |TAMS 0x000000008ec00000| PB 0x000000008eb00000| Complete 
| 236|0x000000008ec00000, 0x000000008ed00000, 0x000000008ed00000|100%|HS|  |TAMS 0x000000008ed00000| PB 0x000000008ec00000| Complete 
| 237|0x000000008ed00000, 0x000000008ee00000, 0x000000008ee00000|100%|HC|  |TAMS 0x000000008ee00000| PB 0x000000008ed00000| Complete 
| 238|0x000000008ee00000, 0x000000008ef00000, 0x000000008ef00000|100%|HS|  |TAMS 0x000000008ef00000| PB 0x000000008ee00000| Complete 
| 239|0x000000008ef00000, 0x000000008f000000, 0x000000008f000000|100%|HC|  |TAMS 0x000000008f000000| PB 0x000000008ef00000| Complete 
| 240|0x000000008f000000, 0x000000008f100000, 0x000000008f100000|100%|HS|  |TAMS 0x000000008f100000| PB 0x000000008f000000| Complete 
| 241|0x000000008f100000, 0x000000008f200000, 0x000000008f200000|100%|HC|  |TAMS 0x000000008f200000| PB 0x000000008f100000| Complete 
| 242|0x000000008f200000, 0x000000008f300000, 0x000000008f300000|100%| O|  |TAMS 0x000000008f200000| PB 0x000000008f200000| Untracked 
| 243|0x000000008f300000, 0x000000008f400000, 0x000000008f400000|100%|HS|  |TAMS 0x000000008f400000| PB 0x000000008f300000| Complete 
| 244|0x000000008f400000, 0x000000008f500000, 0x000000008f500000|100%|HS|  |TAMS 0x000000008f500000| PB 0x000000008f400000| Complete 
| 245|0x000000008f500000, 0x000000008f600000, 0x000000008f600000|100%|HS|  |TAMS 0x000000008f600000| PB 0x000000008f500000| Complete 
| 246|0x000000008f600000, 0x000000008f700000, 0x000000008f700000|100%|HS|  |TAMS 0x000000008f700000| PB 0x000000008f600000| Complete 
| 247|0x000000008f700000, 0x000000008f800000, 0x000000008f800000|100%|HS|  |TAMS 0x000000008f800000| PB 0x000000008f700000| Complete 
| 248|0x000000008f800000, 0x000000008f900000, 0x000000008f900000|100%|HS|  |TAMS 0x000000008f900000| PB 0x000000008f800000| Complete 
| 249|0x000000008f900000, 0x000000008fa00000, 0x000000008fa00000|100%|HS|  |TAMS 0x000000008fa00000| PB 0x000000008f900000| Complete 
| 250|0x000000008fa00000, 0x000000008fb00000, 0x000000008fb00000|100%|HS|  |TAMS 0x000000008fb00000| PB 0x000000008fa00000| Complete 
| 251|0x000000008fb00000, 0x000000008fc00000, 0x000000008fc00000|100%|HC|  |TAMS 0x000000008fc00000| PB 0x000000008fb00000| Complete 
| 252|0x000000008fc00000, 0x000000008fd00000, 0x000000008fd00000|100%|HS|  |TAMS 0x000000008fd00000| PB 0x000000008fc00000| Complete 
| 253|0x000000008fd00000, 0x000000008fe00000, 0x000000008fe00000|100%|HC|  |TAMS 0x000000008fe00000| PB 0x000000008fd00000| Complete 
| 254|0x000000008fe00000, 0x000000008ff00000, 0x000000008ff00000|100%| O|  |TAMS 0x000000008fe00000| PB 0x000000008fe00000| Untracked 
| 255|0x000000008ff00000, 0x0000000090000000, 0x0000000090000000|100%|HS|  |TAMS 0x0000000090000000| PB 0x000000008ff00000| Complete 
| 256|0x0000000090000000, 0x0000000090100000, 0x0000000090100000|100%| O|  |TAMS 0x0000000090100000| PB 0x0000000090100000| Untracked 
| 257|0x0000000090100000, 0x0000000090200000, 0x0000000090200000|100%| O|  |TAMS 0x0000000090200000| PB 0x0000000090200000| Untracked 
| 258|0x0000000090200000, 0x0000000090300000, 0x0000000090300000|100%| O|  |TAMS 0x0000000090300000| PB 0x0000000090300000| Untracked 
| 259|0x0000000090300000, 0x0000000090400000, 0x0000000090400000|100%| O|  |TAMS 0x0000000090400000| PB 0x0000000090400000| Untracked 
| 260|0x0000000090400000, 0x0000000090500000, 0x0000000090500000|100%| O|  |TAMS 0x0000000090500000| PB 0x0000000090500000| Untracked 
| 261|0x0000000090500000, 0x0000000090600000, 0x0000000090600000|100%| O|  |TAMS 0x0000000090600000| PB 0x0000000090600000| Untracked 
| 262|0x0000000090600000, 0x0000000090700000, 0x0000000090700000|100%| O|  |TAMS 0x0000000090700000| PB 0x0000000090700000| Untracked 
| 263|0x0000000090700000, 0x0000000090800000, 0x0000000090800000|100%|HS|  |TAMS 0x0000000090800000| PB 0x0000000090700000| Complete 
| 264|0x0000000090800000, 0x0000000090900000, 0x0000000090900000|100%| O|  |TAMS 0x0000000090900000| PB 0x0000000090900000| Untracked 
| 265|0x0000000090900000, 0x0000000090a00000, 0x0000000090a00000|100%| O|  |TAMS 0x0000000090a00000| PB 0x0000000090a00000| Updating 
| 266|0x0000000090a00000, 0x0000000090b00000, 0x0000000090b00000|100%| O|  |TAMS 0x0000000090b00000| PB 0x0000000090b00000| Updating 
| 267|0x0000000090b00000, 0x0000000090c00000, 0x0000000090c00000|100%| O|  |TAMS 0x0000000090c00000| PB 0x0000000090c00000| Updating 
| 268|0x0000000090c00000, 0x0000000090d00000, 0x0000000090d00000|100%| O|  |TAMS 0x0000000090d00000| PB 0x0000000090d00000| Untracked 
| 269|0x0000000090d00000, 0x0000000090e00000, 0x0000000090e00000|100%| O|  |TAMS 0x0000000090e00000| PB 0x0000000090e00000| Untracked 
| 270|0x0000000090e00000, 0x0000000090f00000, 0x0000000090f00000|100%| O|  |TAMS 0x0000000090f00000| PB 0x0000000090f00000| Updating 
| 271|0x0000000090f00000, 0x0000000091000000, 0x0000000091000000|100%| O|  |TAMS 0x0000000091000000| PB 0x0000000091000000| Untracked 
| 272|0x0000000091000000, 0x0000000091100000, 0x0000000091100000|100%| O|  |TAMS 0x0000000091100000| PB 0x0000000091100000| Updating 
| 273|0x0000000091100000, 0x0000000091200000, 0x0000000091200000|100%| O|  |TAMS 0x0000000091200000| PB 0x0000000091200000| Updating 
| 274|0x0000000091200000, 0x0000000091300000, 0x0000000091300000|100%| O|  |TAMS 0x0000000091300000| PB 0x0000000091300000| Untracked 
| 275|0x0000000091300000, 0x0000000091400000, 0x0000000091400000|100%| O|  |TAMS 0x0000000091400000| PB 0x0000000091400000| Untracked 
| 276|0x0000000091400000, 0x0000000091500000, 0x0000000091500000|100%| O|  |TAMS 0x0000000091500000| PB 0x0000000091500000| Untracked 
| 277|0x0000000091500000, 0x0000000091600000, 0x0000000091600000|100%| O|  |TAMS 0x0000000091600000| PB 0x0000000091600000| Untracked 
| 278|0x0000000091600000, 0x0000000091700000, 0x0000000091700000|100%| O|  |TAMS 0x0000000091700000| PB 0x0000000091700000| Untracked 
| 279|0x0000000091700000, 0x0000000091800000, 0x0000000091800000|100%| O|  |TAMS 0x0000000091800000| PB 0x0000000091800000| Untracked 
| 280|0x0000000091800000, 0x0000000091900000, 0x0000000091900000|100%| O|  |TAMS 0x0000000091900000| PB 0x0000000091900000| Untracked 
| 281|0x0000000091900000, 0x0000000091a00000, 0x0000000091a00000|100%| O|  |TAMS 0x0000000091a00000| PB 0x0000000091a00000| Untracked 
| 282|0x0000000091a00000, 0x0000000091b00000, 0x0000000091b00000|100%| O|  |TAMS 0x0000000091b00000| PB 0x0000000091b00000| Untracked 
| 283|0x0000000091b00000, 0x0000000091c00000, 0x0000000091c00000|100%| O|  |TAMS 0x0000000091c00000| PB 0x0000000091c00000| Untracked 
| 284|0x0000000091c00000, 0x0000000091d00000, 0x0000000091d00000|100%| O|  |TAMS 0x0000000091d00000| PB 0x0000000091d00000| Untracked 
| 285|0x0000000091d00000, 0x0000000091e00000, 0x0000000091e00000|100%| O|  |TAMS 0x0000000091e00000| PB 0x0000000091e00000| Untracked 
| 286|0x0000000091e00000, 0x0000000091f00000, 0x0000000091f00000|100%| O|  |TAMS 0x0000000091f00000| PB 0x0000000091f00000| Untracked 
| 287|0x0000000091f00000, 0x0000000092000000, 0x0000000092000000|100%| O|  |TAMS 0x0000000092000000| PB 0x0000000092000000| Untracked 
| 288|0x0000000092000000, 0x0000000092100000, 0x0000000092100000|100%| O|  |TAMS 0x0000000092100000| PB 0x0000000092100000| Untracked 
| 289|0x0000000092100000, 0x0000000092200000, 0x0000000092200000|100%| O|  |TAMS 0x0000000092200000| PB 0x0000000092200000| Untracked 
| 290|0x0000000092200000, 0x0000000092300000, 0x0000000092300000|100%| O|  |TAMS 0x0000000092300000| PB 0x0000000092300000| Untracked 
| 291|0x0000000092300000, 0x0000000092400000, 0x0000000092400000|100%| O|  |TAMS 0x0000000092400000| PB 0x0000000092400000| Untracked 
| 292|0x0000000092400000, 0x0000000092500000, 0x0000000092500000|100%| O|  |TAMS 0x0000000092500000| PB 0x0000000092500000| Untracked 
| 293|0x0000000092500000, 0x0000000092600000, 0x0000000092600000|100%| O|  |TAMS 0x0000000092600000| PB 0x0000000092600000| Untracked 
| 294|0x0000000092600000, 0x0000000092700000, 0x0000000092700000|100%| O|  |TAMS 0x0000000092700000| PB 0x0000000092700000| Updating 
| 295|0x0000000092700000, 0x0000000092800000, 0x0000000092800000|100%| O|  |TAMS 0x0000000092800000| PB 0x0000000092800000| Updating 
| 296|0x0000000092800000, 0x0000000092900000, 0x0000000092900000|100%| O|  |TAMS 0x0000000092800000| PB 0x0000000092800000| Untracked 
| 297|0x0000000092900000, 0x0000000092a00000, 0x0000000092a00000|100%| O|  |TAMS 0x0000000092900000| PB 0x0000000092900000| Untracked 
| 298|0x0000000092a00000, 0x0000000092b00000, 0x0000000092b00000|100%| O|  |TAMS 0x0000000092a00000| PB 0x0000000092a00000| Untracked 
| 299|0x0000000092b00000, 0x0000000092c00000, 0x0000000092c00000|100%| O|  |TAMS 0x0000000092c00000| PB 0x0000000092c00000| Untracked 
| 300|0x0000000092c00000, 0x0000000092d00000, 0x0000000092d00000|100%| O|  |TAMS 0x0000000092c00000| PB 0x0000000092c00000| Untracked 
| 301|0x0000000092d00000, 0x0000000092e00000, 0x0000000092e00000|100%|HS|  |TAMS 0x0000000092e00000| PB 0x0000000092d00000| Complete 
| 302|0x0000000092e00000, 0x0000000092f00000, 0x0000000092f00000|100%|HC|  |TAMS 0x0000000092f00000| PB 0x0000000092e00000| Complete 
| 303|0x0000000092f00000, 0x0000000093000000, 0x0000000093000000|100%| O|  |TAMS 0x0000000093000000| PB 0x0000000093000000| Updating 
| 304|0x0000000093000000, 0x0000000093100000, 0x0000000093100000|100%| O|  |TAMS 0x0000000093100000| PB 0x0000000093100000| Updating 
| 305|0x0000000093100000, 0x0000000093200000, 0x0000000093200000|100%| O|  |TAMS 0x0000000093200000| PB 0x0000000093200000| Untracked 
| 306|0x0000000093200000, 0x0000000093300000, 0x0000000093300000|100%|HS|  |TAMS 0x0000000093300000| PB 0x0000000093200000| Complete 
| 307|0x0000000093300000, 0x0000000093400000, 0x0000000093400000|100%| O|  |TAMS 0x0000000093400000| PB 0x0000000093400000| Updating 
| 308|0x0000000093400000, 0x0000000093500000, 0x0000000093500000|100%| O|  |TAMS 0x0000000093500000| PB 0x0000000093500000| Updating 
| 309|0x0000000093500000, 0x0000000093600000, 0x0000000093600000|100%| O|  |TAMS 0x0000000093600000| PB 0x0000000093600000| Untracked 
| 310|0x0000000093600000, 0x0000000093700000, 0x0000000093700000|100%| O|  |TAMS 0x0000000093700000| PB 0x0000000093700000| Updating 
| 311|0x0000000093700000, 0x0000000093800000, 0x0000000093800000|100%| O|  |TAMS 0x0000000093800000| PB 0x0000000093800000| Untracked 
| 312|0x0000000093800000, 0x0000000093900000, 0x0000000093900000|100%| O|  |TAMS 0x0000000093900000| PB 0x0000000093900000| Untracked 
| 313|0x0000000093900000, 0x0000000093a00000, 0x0000000093a00000|100%| O|  |TAMS 0x0000000093a00000| PB 0x0000000093a00000| Untracked 
| 314|0x0000000093a00000, 0x0000000093b00000, 0x0000000093b00000|100%| O|  |TAMS 0x0000000093b00000| PB 0x0000000093b00000| Untracked 
| 315|0x0000000093b00000, 0x0000000093c00000, 0x0000000093c00000|100%| O|  |TAMS 0x0000000093c00000| PB 0x0000000093c00000| Updating 
| 316|0x0000000093c00000, 0x0000000093d00000, 0x0000000093d00000|100%| O|  |TAMS 0x0000000093d00000| PB 0x0000000093d00000| Untracked 
| 317|0x0000000093d00000, 0x0000000093e00000, 0x0000000093e00000|100%| O|  |TAMS 0x0000000093e00000| PB 0x0000000093e00000| Updating 
| 318|0x0000000093e00000, 0x0000000093f00000, 0x0000000093f00000|100%| O|  |TAMS 0x0000000093f00000| PB 0x0000000093f00000| Untracked 
| 319|0x0000000093f00000, 0x0000000094000000, 0x0000000094000000|100%| O|  |TAMS 0x0000000094000000| PB 0x0000000094000000| Untracked 
| 320|0x0000000094000000, 0x0000000094100000, 0x0000000094100000|100%| O|  |TAMS 0x0000000094100000| PB 0x0000000094100000| Untracked 
| 321|0x0000000094100000, 0x0000000094200000, 0x0000000094200000|100%| O|  |TAMS 0x0000000094200000| PB 0x0000000094200000| Untracked 
| 322|0x0000000094200000, 0x0000000094300000, 0x0000000094300000|100%| O|  |TAMS 0x0000000094300000| PB 0x0000000094300000| Untracked 
| 323|0x0000000094300000, 0x0000000094400000, 0x0000000094400000|100%| O|  |TAMS 0x0000000094400000| PB 0x0000000094400000| Untracked 
| 324|0x0000000094400000, 0x0000000094500000, 0x0000000094500000|100%| O|  |TAMS 0x0000000094500000| PB 0x0000000094500000| Updating 
| 325|0x0000000094500000, 0x0000000094600000, 0x0000000094600000|100%| O|  |TAMS 0x0000000094600000| PB 0x0000000094600000| Updating 
| 326|0x0000000094600000, 0x0000000094700000, 0x0000000094700000|100%| O|  |TAMS 0x0000000094700000| PB 0x0000000094700000| Updating 
| 327|0x0000000094700000, 0x0000000094800000, 0x0000000094800000|100%| O|  |TAMS 0x0000000094800000| PB 0x0000000094800000| Updating 
| 328|0x0000000094800000, 0x0000000094900000, 0x0000000094900000|100%| O|  |TAMS 0x0000000094900000| PB 0x0000000094900000| Untracked 
| 329|0x0000000094900000, 0x0000000094a00000, 0x0000000094a00000|100%| O|  |TAMS 0x0000000094a00000| PB 0x0000000094a00000| Untracked 
| 330|0x0000000094a00000, 0x0000000094b00000, 0x0000000094b00000|100%| O|  |TAMS 0x0000000094b00000| PB 0x0000000094b00000| Untracked 
| 331|0x0000000094b00000, 0x0000000094c00000, 0x0000000094c00000|100%| O|  |TAMS 0x0000000094c00000| PB 0x0000000094c00000| Updating 
| 332|0x0000000094c00000, 0x0000000094d00000, 0x0000000094d00000|100%| O|  |TAMS 0x0000000094d00000| PB 0x0000000094d00000| Updating 
| 333|0x0000000094d00000, 0x0000000094e00000, 0x0000000094e00000|100%| O|  |TAMS 0x0000000094e00000| PB 0x0000000094e00000| Updating 
| 334|0x0000000094e00000, 0x0000000094f00000, 0x0000000094f00000|100%| O|  |TAMS 0x0000000094f00000| PB 0x0000000094f00000| Updating 
| 335|0x0000000094f00000, 0x0000000095000000, 0x0000000095000000|100%| O|  |TAMS 0x0000000095000000| PB 0x0000000095000000| Updating 
| 336|0x0000000095000000, 0x0000000095100000, 0x0000000095100000|100%| O|  |TAMS 0x0000000095100000| PB 0x0000000095100000| Updating 
| 337|0x0000000095100000, 0x0000000095200000, 0x0000000095200000|100%| O|  |TAMS 0x0000000095200000| PB 0x0000000095200000| Untracked 
| 338|0x0000000095200000, 0x0000000095300000, 0x0000000095300000|100%| O|  |TAMS 0x0000000095300000| PB 0x0000000095300000| Updating 
| 339|0x0000000095300000, 0x0000000095400000, 0x0000000095400000|100%| O|  |TAMS 0x0000000095400000| PB 0x0000000095400000| Untracked 
| 340|0x0000000095400000, 0x0000000095500000, 0x0000000095500000|100%| O|  |TAMS 0x0000000095500000| PB 0x0000000095500000| Updating 
| 341|0x0000000095500000, 0x0000000095600000, 0x0000000095600000|100%| O|  |TAMS 0x0000000095600000| PB 0x0000000095600000| Untracked 
| 342|0x0000000095600000, 0x0000000095700000, 0x0000000095700000|100%| O|  |TAMS 0x0000000095700000| PB 0x0000000095700000| Untracked 
| 343|0x0000000095700000, 0x0000000095800000, 0x0000000095800000|100%| O|  |TAMS 0x0000000095800000| PB 0x0000000095800000| Untracked 
| 344|0x0000000095800000, 0x0000000095900000, 0x0000000095900000|100%| O|  |TAMS 0x0000000095900000| PB 0x0000000095900000| Untracked 
| 345|0x0000000095900000, 0x0000000095a00000, 0x0000000095a00000|100%| O|  |TAMS 0x0000000095a00000| PB 0x0000000095a00000| Untracked 
| 346|0x0000000095a00000, 0x0000000095b00000, 0x0000000095b00000|100%| O|  |TAMS 0x0000000095b00000| PB 0x0000000095b00000| Untracked 
| 347|0x0000000095b00000, 0x0000000095c00000, 0x0000000095c00000|100%| O|  |TAMS 0x0000000095c00000| PB 0x0000000095c00000| Untracked 
| 348|0x0000000095c00000, 0x0000000095d00000, 0x0000000095d00000|100%| O|  |TAMS 0x0000000095d00000| PB 0x0000000095d00000| Untracked 
| 349|0x0000000095d00000, 0x0000000095e00000, 0x0000000095e00000|100%| O|  |TAMS 0x0000000095e00000| PB 0x0000000095e00000| Untracked 
| 350|0x0000000095e00000, 0x0000000095f00000, 0x0000000095f00000|100%| O|  |TAMS 0x0000000095f00000| PB 0x0000000095f00000| Untracked 
| 351|0x0000000095f00000, 0x0000000096000000, 0x0000000096000000|100%| O|  |TAMS 0x0000000096000000| PB 0x0000000096000000| Untracked 
| 352|0x0000000096000000, 0x0000000096100000, 0x0000000096100000|100%| O|  |TAMS 0x0000000096100000| PB 0x0000000096100000| Untracked 
| 353|0x0000000096100000, 0x0000000096200000, 0x0000000096200000|100%| O|  |TAMS 0x0000000096200000| PB 0x0000000096200000| Untracked 
| 354|0x0000000096200000, 0x0000000096300000, 0x0000000096300000|100%| O|  |TAMS 0x0000000096300000| PB 0x0000000096300000| Untracked 
| 355|0x0000000096300000, 0x0000000096400000, 0x0000000096400000|100%| O|  |TAMS 0x0000000096400000| PB 0x0000000096400000| Updating 
| 356|0x0000000096400000, 0x0000000096500000, 0x0000000096500000|100%| O|  |TAMS 0x0000000096500000| PB 0x0000000096500000| Untracked 
| 357|0x0000000096500000, 0x0000000096600000, 0x0000000096600000|100%| O|  |TAMS 0x0000000096600000| PB 0x0000000096600000| Untracked 
| 358|0x0000000096600000, 0x0000000096700000, 0x0000000096700000|100%| O|  |TAMS 0x0000000096700000| PB 0x0000000096700000| Untracked 
| 359|0x0000000096700000, 0x0000000096800000, 0x0000000096800000|100%| O|  |TAMS 0x0000000096800000| PB 0x0000000096800000| Updating 
| 360|0x0000000096800000, 0x0000000096900000, 0x0000000096900000|100%|HS|  |TAMS 0x0000000096900000| PB 0x0000000096800000| Complete 
| 361|0x0000000096900000, 0x0000000096a00000, 0x0000000096a00000|100%|HC|  |TAMS 0x0000000096a00000| PB 0x0000000096900000| Complete 
| 362|0x0000000096a00000, 0x0000000096b00000, 0x0000000096b00000|100%| O|  |TAMS 0x0000000096b00000| PB 0x0000000096b00000| Updating 
| 363|0x0000000096b00000, 0x0000000096c00000, 0x0000000096c00000|100%| O|  |TAMS 0x0000000096c00000| PB 0x0000000096c00000| Updating 
| 364|0x0000000096c00000, 0x0000000096d00000, 0x0000000096d00000|100%| O|  |TAMS 0x0000000096d00000| PB 0x0000000096d00000| Updating 
| 365|0x0000000096d00000, 0x0000000096e00000, 0x0000000096e00000|100%| O|  |TAMS 0x0000000096e00000| PB 0x0000000096e00000| Updating 
| 366|0x0000000096e00000, 0x0000000096f00000, 0x0000000096f00000|100%| O|  |TAMS 0x0000000096f00000| PB 0x0000000096f00000| Updating 
| 367|0x0000000096f00000, 0x0000000097000000, 0x0000000097000000|100%| O|  |TAMS 0x0000000097000000| PB 0x0000000097000000| Updating 
| 368|0x0000000097000000, 0x0000000097100000, 0x0000000097100000|100%| O|  |TAMS 0x0000000097100000| PB 0x0000000097100000| Updating 
| 369|0x0000000097100000, 0x0000000097200000, 0x0000000097200000|100%| O|  |TAMS 0x0000000097200000| PB 0x0000000097200000| Updating 
| 370|0x0000000097200000, 0x0000000097300000, 0x0000000097300000|100%| O|  |TAMS 0x0000000097300000| PB 0x0000000097300000| Updating 
| 371|0x0000000097300000, 0x0000000097400000, 0x0000000097400000|100%| O|  |TAMS 0x0000000097400000| PB 0x0000000097400000| Updating 
| 372|0x0000000097400000, 0x0000000097500000, 0x0000000097500000|100%| O|  |TAMS 0x0000000097500000| PB 0x0000000097500000| Updating 
| 373|0x0000000097500000, 0x0000000097600000, 0x0000000097600000|100%| O|  |TAMS 0x0000000097600000| PB 0x0000000097600000| Updating 
| 374|0x0000000097600000, 0x0000000097700000, 0x0000000097700000|100%| O|  |TAMS 0x0000000097700000| PB 0x0000000097700000| Updating 
| 375|0x0000000097700000, 0x0000000097800000, 0x0000000097800000|100%| O|  |TAMS 0x0000000097800000| PB 0x0000000097800000| Updating 
| 376|0x0000000097800000, 0x0000000097900000, 0x0000000097900000|100%| O|  |TAMS 0x0000000097900000| PB 0x0000000097900000| Updating 
| 377|0x0000000097900000, 0x0000000097a00000, 0x0000000097a00000|100%| O|  |TAMS 0x0000000097a00000| PB 0x0000000097a00000| Updating 
| 378|0x0000000097a00000, 0x0000000097b00000, 0x0000000097b00000|100%| O|  |TAMS 0x0000000097b00000| PB 0x0000000097b00000| Updating 
| 379|0x0000000097b00000, 0x0000000097c00000, 0x0000000097c00000|100%| O|  |TAMS 0x0000000097c00000| PB 0x0000000097c00000| Untracked 
| 380|0x0000000097c00000, 0x0000000097d00000, 0x0000000097d00000|100%| O|  |TAMS 0x0000000097d00000| PB 0x0000000097d00000| Untracked 
| 381|0x0000000097d00000, 0x0000000097e00000, 0x0000000097e00000|100%| O|  |TAMS 0x0000000097e00000| PB 0x0000000097e00000| Untracked 
| 382|0x0000000097e00000, 0x0000000097f00000, 0x0000000097f00000|100%| O|  |TAMS 0x0000000097f00000| PB 0x0000000097f00000| Untracked 
| 383|0x0000000097f00000, 0x0000000098000000, 0x0000000098000000|100%| O|  |TAMS 0x0000000098000000| PB 0x0000000098000000| Untracked 
| 384|0x0000000098000000, 0x0000000098100000, 0x0000000098100000|100%| O|  |TAMS 0x0000000098100000| PB 0x0000000098100000| Untracked 
| 385|0x0000000098100000, 0x0000000098200000, 0x0000000098200000|100%| O|  |TAMS 0x0000000098200000| PB 0x0000000098200000| Untracked 
| 386|0x0000000098200000, 0x0000000098300000, 0x0000000098300000|100%| O|  |TAMS 0x0000000098300000| PB 0x0000000098300000| Updating 
| 387|0x0000000098300000, 0x0000000098400000, 0x0000000098400000|100%| O|  |TAMS 0x0000000098400000| PB 0x0000000098400000| Untracked 
| 388|0x0000000098400000, 0x0000000098500000, 0x0000000098500000|100%| O|  |TAMS 0x0000000098500000| PB 0x0000000098500000| Untracked 
| 389|0x0000000098500000, 0x0000000098600000, 0x0000000098600000|100%| O|  |TAMS 0x0000000098600000| PB 0x0000000098600000| Untracked 
| 390|0x0000000098600000, 0x0000000098700000, 0x0000000098700000|100%| O|  |TAMS 0x0000000098700000| PB 0x0000000098700000| Untracked 
| 391|0x0000000098700000, 0x0000000098800000, 0x0000000098800000|100%| O|  |TAMS 0x0000000098800000| PB 0x0000000098800000| Untracked 
| 392|0x0000000098800000, 0x0000000098900000, 0x0000000098900000|100%| O|  |TAMS 0x0000000098900000| PB 0x0000000098900000| Untracked 
| 393|0x0000000098900000, 0x0000000098a00000, 0x0000000098a00000|100%| O|  |TAMS 0x0000000098a00000| PB 0x0000000098a00000| Untracked 
| 394|0x0000000098a00000, 0x0000000098b00000, 0x0000000098b00000|100%| O|  |TAMS 0x0000000098b00000| PB 0x0000000098b00000| Untracked 
| 395|0x0000000098b00000, 0x0000000098c00000, 0x0000000098c00000|100%| O|  |TAMS 0x0000000098c00000| PB 0x0000000098c00000| Untracked 
| 396|0x0000000098c00000, 0x0000000098d00000, 0x0000000098d00000|100%| O|  |TAMS 0x0000000098d00000| PB 0x0000000098d00000| Updating 
| 397|0x0000000098d00000, 0x0000000098e00000, 0x0000000098e00000|100%|HS|  |TAMS 0x0000000098e00000| PB 0x0000000098d00000| Complete 
| 398|0x0000000098e00000, 0x0000000098f00000, 0x0000000098f00000|100%|HC|  |TAMS 0x0000000098f00000| PB 0x0000000098e00000| Complete 
| 399|0x0000000098f00000, 0x0000000099000000, 0x0000000099000000|100%| O|  |TAMS 0x0000000099000000| PB 0x0000000099000000| Updating 
| 400|0x0000000099000000, 0x0000000099100000, 0x0000000099100000|100%| O|  |TAMS 0x0000000099100000| PB 0x0000000099100000| Updating 
| 401|0x0000000099100000, 0x0000000099200000, 0x0000000099200000|100%| O|  |TAMS 0x0000000099200000| PB 0x0000000099200000| Updating 
| 402|0x0000000099200000, 0x0000000099300000, 0x0000000099300000|100%| O|  |TAMS 0x0000000099300000| PB 0x0000000099300000| Updating 
| 403|0x0000000099300000, 0x0000000099400000, 0x0000000099400000|100%| O|  |TAMS 0x0000000099400000| PB 0x0000000099400000| Untracked 
| 404|0x0000000099400000, 0x0000000099500000, 0x0000000099500000|100%| O|  |TAMS 0x0000000099500000| PB 0x0000000099500000| Updating 
| 405|0x0000000099500000, 0x0000000099600000, 0x0000000099600000|100%| O|  |TAMS 0x0000000099600000| PB 0x0000000099600000| Updating 
| 406|0x0000000099600000, 0x0000000099700000, 0x0000000099700000|100%| O|  |TAMS 0x0000000099700000| PB 0x0000000099700000| Updating 
| 407|0x0000000099700000, 0x0000000099800000, 0x0000000099800000|100%| O|  |TAMS 0x0000000099800000| PB 0x0000000099800000| Updating 
| 408|0x0000000099800000, 0x0000000099900000, 0x0000000099900000|100%| O|  |TAMS 0x0000000099900000| PB 0x0000000099900000| Untracked 
| 409|0x0000000099900000, 0x0000000099a00000, 0x0000000099a00000|100%| O|  |TAMS 0x0000000099a00000| PB 0x0000000099a00000| Untracked 
| 410|0x0000000099a00000, 0x0000000099b00000, 0x0000000099b00000|100%| O|  |TAMS 0x0000000099b00000| PB 0x0000000099b00000| Untracked 
| 411|0x0000000099b00000, 0x0000000099c00000, 0x0000000099c00000|100%| O|  |TAMS 0x0000000099c00000| PB 0x0000000099c00000| Untracked 
| 412|0x0000000099c00000, 0x0000000099d00000, 0x0000000099d00000|100%| O|  |TAMS 0x0000000099d00000| PB 0x0000000099d00000| Untracked 
| 413|0x0000000099d00000, 0x0000000099e00000, 0x0000000099e00000|100%| O|  |TAMS 0x0000000099e00000| PB 0x0000000099e00000| Untracked 
| 414|0x0000000099e00000, 0x0000000099f00000, 0x0000000099f00000|100%| O|  |TAMS 0x0000000099f00000| PB 0x0000000099f00000| Untracked 
| 415|0x0000000099f00000, 0x000000009a000000, 0x000000009a000000|100%| O|  |TAMS 0x000000009a000000| PB 0x000000009a000000| Untracked 
| 416|0x000000009a000000, 0x000000009a100000, 0x000000009a100000|100%| O|  |TAMS 0x000000009a100000| PB 0x000000009a100000| Untracked 
| 417|0x000000009a100000, 0x000000009a200000, 0x000000009a200000|100%| O|  |TAMS 0x000000009a200000| PB 0x000000009a200000| Updating 
| 418|0x000000009a200000, 0x000000009a300000, 0x000000009a300000|100%| O|  |TAMS 0x000000009a300000| PB 0x000000009a300000| Updating 
| 419|0x000000009a300000, 0x000000009a400000, 0x000000009a400000|100%|HS|  |TAMS 0x000000009a400000| PB 0x000000009a300000| Complete 
| 420|0x000000009a400000, 0x000000009a500000, 0x000000009a500000|100%|HC|  |TAMS 0x000000009a500000| PB 0x000000009a400000| Complete 
| 421|0x000000009a500000, 0x000000009a600000, 0x000000009a600000|100%| O|  |TAMS 0x000000009a600000| PB 0x000000009a600000| Updating 
| 422|0x000000009a600000, 0x000000009a700000, 0x000000009a700000|100%| O|  |TAMS 0x000000009a700000| PB 0x000000009a700000| Untracked 
| 423|0x000000009a700000, 0x000000009a800000, 0x000000009a800000|100%| O|  |TAMS 0x000000009a800000| PB 0x000000009a800000| Updating 
| 424|0x000000009a800000, 0x000000009a900000, 0x000000009a900000|100%| O|  |TAMS 0x000000009a900000| PB 0x000000009a900000| Untracked 
| 425|0x000000009a900000, 0x000000009aa00000, 0x000000009aa00000|100%| O|  |TAMS 0x000000009aa00000| PB 0x000000009aa00000| Untracked 
| 426|0x000000009aa00000, 0x000000009ab00000, 0x000000009ab00000|100%| O|  |TAMS 0x000000009ab00000| PB 0x000000009ab00000| Untracked 
| 427|0x000000009ab00000, 0x000000009ac00000, 0x000000009ac00000|100%| O|  |TAMS 0x000000009ac00000| PB 0x000000009ac00000| Untracked 
| 428|0x000000009ac00000, 0x000000009ad00000, 0x000000009ad00000|100%| O|  |TAMS 0x000000009ad00000| PB 0x000000009ad00000| Untracked 
| 429|0x000000009ad00000, 0x000000009ae00000, 0x000000009ae00000|100%| O|  |TAMS 0x000000009ae00000| PB 0x000000009ae00000| Untracked 
| 430|0x000000009ae00000, 0x000000009af00000, 0x000000009af00000|100%| O|  |TAMS 0x000000009af00000| PB 0x000000009af00000| Untracked 
| 431|0x000000009af00000, 0x000000009b000000, 0x000000009b000000|100%| O|  |TAMS 0x000000009b000000| PB 0x000000009b000000| Untracked 
| 432|0x000000009b000000, 0x000000009b100000, 0x000000009b100000|100%| O|  |TAMS 0x000000009b100000| PB 0x000000009b100000| Untracked 
| 433|0x000000009b100000, 0x000000009b200000, 0x000000009b200000|100%| O|  |TAMS 0x000000009b200000| PB 0x000000009b200000| Untracked 
| 434|0x000000009b200000, 0x000000009b300000, 0x000000009b300000|100%| O|  |TAMS 0x000000009b300000| PB 0x000000009b300000| Untracked 
| 435|0x000000009b300000, 0x000000009b400000, 0x000000009b400000|100%| O|  |TAMS 0x000000009b400000| PB 0x000000009b400000| Untracked 
| 436|0x000000009b400000, 0x000000009b500000, 0x000000009b500000|100%| O|  |TAMS 0x000000009b500000| PB 0x000000009b500000| Untracked 
| 437|0x000000009b500000, 0x000000009b600000, 0x000000009b600000|100%| O|  |TAMS 0x000000009b600000| PB 0x000000009b600000| Updating 
| 438|0x000000009b600000, 0x000000009b700000, 0x000000009b700000|100%| O|  |TAMS 0x000000009b700000| PB 0x000000009b700000| Untracked 
| 439|0x000000009b700000, 0x000000009b800000, 0x000000009b800000|100%| O|  |TAMS 0x000000009b800000| PB 0x000000009b800000| Untracked 
| 440|0x000000009b800000, 0x000000009b900000, 0x000000009b900000|100%| O|  |TAMS 0x000000009b900000| PB 0x000000009b900000| Untracked 
| 441|0x000000009b900000, 0x000000009ba00000, 0x000000009ba00000|100%| O|  |TAMS 0x000000009ba00000| PB 0x000000009ba00000| Untracked 
| 442|0x000000009ba00000, 0x000000009bb00000, 0x000000009bb00000|100%| O|  |TAMS 0x000000009bb00000| PB 0x000000009bb00000| Untracked 
| 443|0x000000009bb00000, 0x000000009bc00000, 0x000000009bc00000|100%| O|  |TAMS 0x000000009bc00000| PB 0x000000009bc00000| Untracked 
| 444|0x000000009bc00000, 0x000000009bd00000, 0x000000009bd00000|100%| O|  |TAMS 0x000000009bd00000| PB 0x000000009bd00000| Untracked 
| 445|0x000000009bd00000, 0x000000009be00000, 0x000000009be00000|100%| O|  |TAMS 0x000000009be00000| PB 0x000000009be00000| Untracked 
| 446|0x000000009be00000, 0x000000009bf00000, 0x000000009bf00000|100%| O|  |TAMS 0x000000009bf00000| PB 0x000000009bf00000| Untracked 
| 447|0x000000009bf00000, 0x000000009c000000, 0x000000009c000000|100%| O|  |TAMS 0x000000009c000000| PB 0x000000009c000000| Untracked 
| 448|0x000000009c000000, 0x000000009c100000, 0x000000009c100000|100%| O|  |TAMS 0x000000009c100000| PB 0x000000009c100000| Untracked 
| 449|0x000000009c100000, 0x000000009c200000, 0x000000009c200000|100%| O|  |TAMS 0x000000009c200000| PB 0x000000009c200000| Untracked 
| 450|0x000000009c200000, 0x000000009c300000, 0x000000009c300000|100%| O|  |TAMS 0x000000009c300000| PB 0x000000009c300000| Untracked 
| 451|0x000000009c300000, 0x000000009c400000, 0x000000009c400000|100%| O|  |TAMS 0x000000009c400000| PB 0x000000009c400000| Untracked 
| 452|0x000000009c400000, 0x000000009c500000, 0x000000009c500000|100%| O|  |TAMS 0x000000009c500000| PB 0x000000009c500000| Untracked 
| 453|0x000000009c500000, 0x000000009c600000, 0x000000009c600000|100%| O|  |TAMS 0x000000009c600000| PB 0x000000009c600000| Untracked 
| 454|0x000000009c600000, 0x000000009c700000, 0x000000009c700000|100%| O|  |TAMS 0x000000009c700000| PB 0x000000009c700000| Untracked 
| 455|0x000000009c700000, 0x000000009c800000, 0x000000009c800000|100%| O|  |TAMS 0x000000009c800000| PB 0x000000009c800000| Untracked 
| 456|0x000000009c800000, 0x000000009c900000, 0x000000009c900000|100%| O|  |TAMS 0x000000009c900000| PB 0x000000009c900000| Untracked 
| 457|0x000000009c900000, 0x000000009ca00000, 0x000000009ca00000|100%| O|  |TAMS 0x000000009ca00000| PB 0x000000009ca00000| Untracked 
| 458|0x000000009ca00000, 0x000000009cb00000, 0x000000009cb00000|100%| O|  |TAMS 0x000000009cb00000| PB 0x000000009cb00000| Untracked 
| 459|0x000000009cb00000, 0x000000009cc00000, 0x000000009cc00000|100%| O|  |TAMS 0x000000009cc00000| PB 0x000000009cc00000| Untracked 
| 460|0x000000009cc00000, 0x000000009cd00000, 0x000000009cd00000|100%| O|  |TAMS 0x000000009cd00000| PB 0x000000009cd00000| Untracked 
| 461|0x000000009cd00000, 0x000000009ce00000, 0x000000009ce00000|100%| O|  |TAMS 0x000000009ce00000| PB 0x000000009ce00000| Untracked 
| 462|0x000000009ce00000, 0x000000009cf00000, 0x000000009cf00000|100%| O|  |TAMS 0x000000009cf00000| PB 0x000000009cf00000| Untracked 
| 463|0x000000009cf00000, 0x000000009d000000, 0x000000009d000000|100%| O|  |TAMS 0x000000009d000000| PB 0x000000009d000000| Untracked 
| 464|0x000000009d000000, 0x000000009d100000, 0x000000009d100000|100%| O|  |TAMS 0x000000009d100000| PB 0x000000009d100000| Untracked 
| 465|0x000000009d100000, 0x000000009d200000, 0x000000009d200000|100%| O|  |TAMS 0x000000009d200000| PB 0x000000009d200000| Untracked 
| 466|0x000000009d200000, 0x000000009d300000, 0x000000009d300000|100%| O|  |TAMS 0x000000009d300000| PB 0x000000009d300000| Untracked 
| 467|0x000000009d300000, 0x000000009d400000, 0x000000009d400000|100%| O|  |TAMS 0x000000009d400000| PB 0x000000009d400000| Untracked 
| 468|0x000000009d400000, 0x000000009d500000, 0x000000009d500000|100%| O|  |TAMS 0x000000009d500000| PB 0x000000009d500000| Untracked 
| 469|0x000000009d500000, 0x000000009d600000, 0x000000009d600000|100%| O|  |TAMS 0x000000009d600000| PB 0x000000009d600000| Untracked 
| 470|0x000000009d600000, 0x000000009d700000, 0x000000009d700000|100%| O|  |TAMS 0x000000009d700000| PB 0x000000009d700000| Untracked 
| 471|0x000000009d700000, 0x000000009d800000, 0x000000009d800000|100%| O|  |TAMS 0x000000009d800000| PB 0x000000009d800000| Untracked 
| 472|0x000000009d800000, 0x000000009d900000, 0x000000009d900000|100%| O|  |TAMS 0x000000009d900000| PB 0x000000009d900000| Untracked 
| 473|0x000000009d900000, 0x000000009da00000, 0x000000009da00000|100%| O|  |TAMS 0x000000009da00000| PB 0x000000009da00000| Untracked 
| 474|0x000000009da00000, 0x000000009db00000, 0x000000009db00000|100%| O|  |TAMS 0x000000009db00000| PB 0x000000009db00000| Untracked 
| 475|0x000000009db00000, 0x000000009dc00000, 0x000000009dc00000|100%| O|  |TAMS 0x000000009dc00000| PB 0x000000009dc00000| Untracked 
| 476|0x000000009dc00000, 0x000000009dd00000, 0x000000009dd00000|100%| O|  |TAMS 0x000000009dd00000| PB 0x000000009dd00000| Untracked 
| 477|0x000000009dd00000, 0x000000009de00000, 0x000000009de00000|100%| O|  |TAMS 0x000000009de00000| PB 0x000000009de00000| Untracked 
| 478|0x000000009de00000, 0x000000009df00000, 0x000000009df00000|100%| O|  |TAMS 0x000000009df00000| PB 0x000000009df00000| Untracked 
| 479|0x000000009df00000, 0x000000009e000000, 0x000000009e000000|100%| O|  |TAMS 0x000000009e000000| PB 0x000000009e000000| Untracked 
| 480|0x000000009e000000, 0x000000009e100000, 0x000000009e100000|100%| O|  |TAMS 0x000000009e100000| PB 0x000000009e100000| Untracked 
| 481|0x000000009e100000, 0x000000009e200000, 0x000000009e200000|100%| O|  |TAMS 0x000000009e200000| PB 0x000000009e200000| Untracked 
| 482|0x000000009e200000, 0x000000009e300000, 0x000000009e300000|100%| O|  |TAMS 0x000000009e300000| PB 0x000000009e300000| Untracked 
| 483|0x000000009e300000, 0x000000009e400000, 0x000000009e400000|100%| O|  |TAMS 0x000000009e400000| PB 0x000000009e400000| Untracked 
| 484|0x000000009e400000, 0x000000009e500000, 0x000000009e500000|100%| O|  |TAMS 0x000000009e500000| PB 0x000000009e500000| Untracked 
| 485|0x000000009e500000, 0x000000009e600000, 0x000000009e600000|100%| O|  |TAMS 0x000000009e600000| PB 0x000000009e600000| Untracked 
| 486|0x000000009e600000, 0x000000009e700000, 0x000000009e700000|100%| O|  |TAMS 0x000000009e700000| PB 0x000000009e700000| Untracked 
| 487|0x000000009e700000, 0x000000009e800000, 0x000000009e800000|100%| O|  |TAMS 0x000000009e800000| PB 0x000000009e800000| Untracked 
| 488|0x000000009e800000, 0x000000009e900000, 0x000000009e900000|100%| O|  |TAMS 0x000000009e900000| PB 0x000000009e900000| Untracked 
| 489|0x000000009e900000, 0x000000009ea00000, 0x000000009ea00000|100%| O|  |TAMS 0x000000009ea00000| PB 0x000000009ea00000| Untracked 
| 490|0x000000009ea00000, 0x000000009eb00000, 0x000000009eb00000|100%| O|  |TAMS 0x000000009eb00000| PB 0x000000009eb00000| Untracked 
| 491|0x000000009eb00000, 0x000000009ec00000, 0x000000009ec00000|100%| O|  |TAMS 0x000000009ec00000| PB 0x000000009ec00000| Untracked 
| 492|0x000000009ec00000, 0x000000009ed00000, 0x000000009ed00000|100%| O|  |TAMS 0x000000009ed00000| PB 0x000000009ed00000| Untracked 
| 493|0x000000009ed00000, 0x000000009ee00000, 0x000000009ee00000|100%| O|  |TAMS 0x000000009ee00000| PB 0x000000009ee00000| Untracked 
| 494|0x000000009ee00000, 0x000000009ef00000, 0x000000009ef00000|100%| O|  |TAMS 0x000000009ef00000| PB 0x000000009ef00000| Untracked 
| 495|0x000000009ef00000, 0x000000009f000000, 0x000000009f000000|100%| O|  |TAMS 0x000000009f000000| PB 0x000000009f000000| Untracked 
| 496|0x000000009f000000, 0x000000009f100000, 0x000000009f100000|100%| O|  |TAMS 0x000000009f100000| PB 0x000000009f100000| Untracked 
| 497|0x000000009f100000, 0x000000009f200000, 0x000000009f200000|100%| O|  |TAMS 0x000000009f200000| PB 0x000000009f200000| Untracked 
| 498|0x000000009f200000, 0x000000009f300000, 0x000000009f300000|100%| O|  |TAMS 0x000000009f300000| PB 0x000000009f300000| Untracked 
| 499|0x000000009f300000, 0x000000009f400000, 0x000000009f400000|100%| O|  |TAMS 0x000000009f400000| PB 0x000000009f400000| Untracked 
| 500|0x000000009f400000, 0x000000009f500000, 0x000000009f500000|100%| O|  |TAMS 0x000000009f500000| PB 0x000000009f500000| Untracked 
| 501|0x000000009f500000, 0x000000009f600000, 0x000000009f600000|100%| O|  |TAMS 0x000000009f600000| PB 0x000000009f600000| Untracked 
| 502|0x000000009f600000, 0x000000009f700000, 0x000000009f700000|100%| O|  |TAMS 0x000000009f700000| PB 0x000000009f700000| Untracked 
| 503|0x000000009f700000, 0x000000009f800000, 0x000000009f800000|100%| O|  |TAMS 0x000000009f800000| PB 0x000000009f800000| Untracked 
| 504|0x000000009f800000, 0x000000009f900000, 0x000000009f900000|100%| O|  |TAMS 0x000000009f900000| PB 0x000000009f900000| Untracked 
| 505|0x000000009f900000, 0x000000009fa00000, 0x000000009fa00000|100%| O|  |TAMS 0x000000009fa00000| PB 0x000000009fa00000| Untracked 
| 506|0x000000009fa00000, 0x000000009fb00000, 0x000000009fb00000|100%| O|  |TAMS 0x000000009fb00000| PB 0x000000009fb00000| Untracked 
| 507|0x000000009fb00000, 0x000000009fc00000, 0x000000009fc00000|100%| O|  |TAMS 0x000000009fc00000| PB 0x000000009fc00000| Untracked 
| 508|0x000000009fc00000, 0x000000009fd00000, 0x000000009fd00000|100%| O|  |TAMS 0x000000009fd00000| PB 0x000000009fd00000| Untracked 
| 509|0x000000009fd00000, 0x000000009fe00000, 0x000000009fe00000|100%| O|  |TAMS 0x000000009fe00000| PB 0x000000009fe00000| Untracked 
| 510|0x000000009fe00000, 0x000000009ff00000, 0x000000009ff00000|100%| O|  |TAMS 0x000000009ff00000| PB 0x000000009ff00000| Untracked 
| 511|0x000000009ff00000, 0x00000000a0000000, 0x00000000a0000000|100%| O|  |TAMS 0x00000000a0000000| PB 0x00000000a0000000| Untracked 
| 512|0x00000000a0000000, 0x00000000a0100000, 0x00000000a0100000|100%| O|  |TAMS 0x00000000a0100000| PB 0x00000000a0100000| Untracked 
| 513|0x00000000a0100000, 0x00000000a0200000, 0x00000000a0200000|100%| O|  |TAMS 0x00000000a0200000| PB 0x00000000a0200000| Updating 
| 514|0x00000000a0200000, 0x00000000a0300000, 0x00000000a0300000|100%| O|  |TAMS 0x00000000a0300000| PB 0x00000000a0300000| Untracked 
| 515|0x00000000a0300000, 0x00000000a0400000, 0x00000000a0400000|100%| O|  |TAMS 0x00000000a0400000| PB 0x00000000a0400000| Updating 
| 516|0x00000000a0400000, 0x00000000a0500000, 0x00000000a0500000|100%| O|  |TAMS 0x00000000a0500000| PB 0x00000000a0500000| Updating 
| 517|0x00000000a0500000, 0x00000000a0600000, 0x00000000a0600000|100%|HS|  |TAMS 0x00000000a0600000| PB 0x00000000a0500000| Complete 
| 518|0x00000000a0600000, 0x00000000a0700000, 0x00000000a0700000|100%| O|  |TAMS 0x00000000a0600000| PB 0x00000000a0600000| Untracked 
| 519|0x00000000a0700000, 0x00000000a0800000, 0x00000000a0800000|100%| O|  |TAMS 0x00000000a0800000| PB 0x00000000a0800000| Untracked 
| 520|0x00000000a0800000, 0x00000000a0900000, 0x00000000a0900000|100%| O|  |TAMS 0x00000000a0900000| PB 0x00000000a0900000| Untracked 
| 521|0x00000000a0900000, 0x00000000a0a00000, 0x00000000a0a00000|100%| O|  |TAMS 0x00000000a0a00000| PB 0x00000000a0a00000| Updating 
| 522|0x00000000a0a00000, 0x00000000a0b00000, 0x00000000a0b00000|100%| O|  |TAMS 0x00000000a0b00000| PB 0x00000000a0b00000| Untracked 
| 523|0x00000000a0b00000, 0x00000000a0c00000, 0x00000000a0c00000|100%| O|  |TAMS 0x00000000a0c00000| PB 0x00000000a0c00000| Untracked 
| 524|0x00000000a0c00000, 0x00000000a0d00000, 0x00000000a0d00000|100%| O|  |TAMS 0x00000000a0d00000| PB 0x00000000a0d00000| Untracked 
| 525|0x00000000a0d00000, 0x00000000a0e00000, 0x00000000a0e00000|100%| O|  |TAMS 0x00000000a0e00000| PB 0x00000000a0e00000| Untracked 
| 526|0x00000000a0e00000, 0x00000000a0f00000, 0x00000000a0f00000|100%| O|  |TAMS 0x00000000a0e00000| PB 0x00000000a0e00000| Untracked 
| 527|0x00000000a0f00000, 0x00000000a1000000, 0x00000000a1000000|100%| O|  |TAMS 0x00000000a1000000| PB 0x00000000a1000000| Updating 
| 528|0x00000000a1000000, 0x00000000a1100000, 0x00000000a1100000|100%| O|  |TAMS 0x00000000a1100000| PB 0x00000000a1100000| Untracked 
| 529|0x00000000a1100000, 0x00000000a1200000, 0x00000000a1200000|100%| O|  |TAMS 0x00000000a1200000| PB 0x00000000a1200000| Updating 
| 530|0x00000000a1200000, 0x00000000a1300000, 0x00000000a1300000|100%| O|  |TAMS 0x00000000a1300000| PB 0x00000000a1300000| Untracked 
| 531|0x00000000a1300000, 0x00000000a1400000, 0x00000000a1400000|100%| O|  |TAMS 0x00000000a1400000| PB 0x00000000a1400000| Updating 
| 532|0x00000000a1400000, 0x00000000a1500000, 0x00000000a1500000|100%| O|  |TAMS 0x00000000a1500000| PB 0x00000000a1500000| Untracked 
| 533|0x00000000a1500000, 0x00000000a1600000, 0x00000000a1600000|100%| O|  |TAMS 0x00000000a1600000| PB 0x00000000a1600000| Updating 
| 534|0x00000000a1600000, 0x00000000a1700000, 0x00000000a1700000|100%| O|  |TAMS 0x00000000a1700000| PB 0x00000000a1700000| Updating 
| 535|0x00000000a1700000, 0x00000000a1800000, 0x00000000a1800000|100%| O|  |TAMS 0x00000000a1800000| PB 0x00000000a1800000| Untracked 
| 536|0x00000000a1800000, 0x00000000a1900000, 0x00000000a1900000|100%| O|  |TAMS 0x00000000a1900000| PB 0x00000000a1900000| Updating 
| 537|0x00000000a1900000, 0x00000000a1a00000, 0x00000000a1a00000|100%| O|  |TAMS 0x00000000a1a00000| PB 0x00000000a1a00000| Updating 
| 538|0x00000000a1a00000, 0x00000000a1b00000, 0x00000000a1b00000|100%| O|  |TAMS 0x00000000a1b00000| PB 0x00000000a1b00000| Updating 
| 539|0x00000000a1b00000, 0x00000000a1c00000, 0x00000000a1c00000|100%| O|  |TAMS 0x00000000a1c00000| PB 0x00000000a1c00000| Updating 
| 540|0x00000000a1c00000, 0x00000000a1d00000, 0x00000000a1d00000|100%| O|  |TAMS 0x00000000a1d00000| PB 0x00000000a1d00000| Untracked 
| 541|0x00000000a1d00000, 0x00000000a1e00000, 0x00000000a1e00000|100%| O|  |TAMS 0x00000000a1e00000| PB 0x00000000a1e00000| Updating 
| 542|0x00000000a1e00000, 0x00000000a1f00000, 0x00000000a1f00000|100%| O|  |TAMS 0x00000000a1f00000| PB 0x00000000a1f00000| Updating 
| 543|0x00000000a1f00000, 0x00000000a2000000, 0x00000000a2000000|100%| O|  |TAMS 0x00000000a2000000| PB 0x00000000a2000000| Untracked 
| 544|0x00000000a2000000, 0x00000000a2100000, 0x00000000a2100000|100%| O|  |TAMS 0x00000000a2100000| PB 0x00000000a2100000| Untracked 
| 545|0x00000000a2100000, 0x00000000a2200000, 0x00000000a2200000|100%| O|  |TAMS 0x00000000a2200000| PB 0x00000000a2200000| Updating 
| 546|0x00000000a2200000, 0x00000000a2300000, 0x00000000a2300000|100%| O|  |TAMS 0x00000000a2300000| PB 0x00000000a2300000| Updating 
| 547|0x00000000a2300000, 0x00000000a2400000, 0x00000000a2400000|100%|HS|  |TAMS 0x00000000a2400000| PB 0x00000000a2300000| Complete 
| 548|0x00000000a2400000, 0x00000000a2500000, 0x00000000a2500000|100%| O|  |TAMS 0x00000000a2500000| PB 0x00000000a2500000| Updating 
| 549|0x00000000a2500000, 0x00000000a2600000, 0x00000000a2600000|100%| O|  |TAMS 0x00000000a2600000| PB 0x00000000a2600000| Updating 
| 550|0x00000000a2600000, 0x00000000a2700000, 0x00000000a2700000|100%| O|  |TAMS 0x00000000a2700000| PB 0x00000000a2700000| Updating 
| 551|0x00000000a2700000, 0x00000000a2800000, 0x00000000a2800000|100%| O|  |TAMS 0x00000000a2700000| PB 0x00000000a2700000| Untracked 
| 552|0x00000000a2800000, 0x00000000a2900000, 0x00000000a2900000|100%| O|  |TAMS 0x00000000a2800000| PB 0x00000000a2800000| Untracked 
| 553|0x00000000a2900000, 0x00000000a2a00000, 0x00000000a2a00000|100%| O|  |TAMS 0x00000000a2900000| PB 0x00000000a2900000| Untracked 
| 554|0x00000000a2a00000, 0x00000000a2b00000, 0x00000000a2b00000|100%| O|  |TAMS 0x00000000a2b00000| PB 0x00000000a2b00000| Updating 
| 555|0x00000000a2b00000, 0x00000000a2c00000, 0x00000000a2c00000|100%| O|  |TAMS 0x00000000a2c00000| PB 0x00000000a2c00000| Untracked 
| 556|0x00000000a2c00000, 0x00000000a2d00000, 0x00000000a2d00000|100%| O|  |TAMS 0x00000000a2d00000| PB 0x00000000a2d00000| Updating 
| 557|0x00000000a2d00000, 0x00000000a2e00000, 0x00000000a2e00000|100%| O|  |TAMS 0x00000000a2e00000| PB 0x00000000a2e00000| Updating 
| 558|0x00000000a2e00000, 0x00000000a2f00000, 0x00000000a2f00000|100%| O|  |TAMS 0x00000000a2f00000| PB 0x00000000a2f00000| Updating 
| 559|0x00000000a2f00000, 0x00000000a3000000, 0x00000000a3000000|100%| O|  |TAMS 0x00000000a3000000| PB 0x00000000a3000000| Updating 
| 560|0x00000000a3000000, 0x00000000a3100000, 0x00000000a3100000|100%| O|  |TAMS 0x00000000a3100000| PB 0x00000000a3100000| Updating 
| 561|0x00000000a3100000, 0x00000000a3200000, 0x00000000a3200000|100%| O|  |TAMS 0x00000000a3200000| PB 0x00000000a3200000| Updating 
| 562|0x00000000a3200000, 0x00000000a3300000, 0x00000000a3300000|100%| O|  |TAMS 0x00000000a3300000| PB 0x00000000a3300000| Updating 
| 563|0x00000000a3300000, 0x00000000a3400000, 0x00000000a3400000|100%| O|  |TAMS 0x00000000a3400000| PB 0x00000000a3400000| Updating 
| 564|0x00000000a3400000, 0x00000000a3500000, 0x00000000a3500000|100%| O|  |TAMS 0x00000000a3500000| PB 0x00000000a3500000| Updating 
| 565|0x00000000a3500000, 0x00000000a3600000, 0x00000000a3600000|100%| O|  |TAMS 0x00000000a3600000| PB 0x00000000a3600000| Updating 
| 566|0x00000000a3600000, 0x00000000a3700000, 0x00000000a3700000|100%| O|  |TAMS 0x00000000a3700000| PB 0x00000000a3700000| Updating 
| 567|0x00000000a3700000, 0x00000000a3800000, 0x00000000a3800000|100%| O|  |TAMS 0x00000000a3800000| PB 0x00000000a3800000| Updating 
| 568|0x00000000a3800000, 0x00000000a3900000, 0x00000000a3900000|100%| O|  |TAMS 0x00000000a3900000| PB 0x00000000a3900000| Updating 
| 569|0x00000000a3900000, 0x00000000a3a00000, 0x00000000a3a00000|100%| O|  |TAMS 0x00000000a3a00000| PB 0x00000000a3a00000| Updating 
| 570|0x00000000a3a00000, 0x00000000a3b00000, 0x00000000a3b00000|100%| O|  |TAMS 0x00000000a3b00000| PB 0x00000000a3b00000| Updating 
| 571|0x00000000a3b00000, 0x00000000a3c00000, 0x00000000a3c00000|100%| O|  |TAMS 0x00000000a3c00000| PB 0x00000000a3c00000| Updating 
| 572|0x00000000a3c00000, 0x00000000a3d00000, 0x00000000a3d00000|100%| O|  |TAMS 0x00000000a3d00000| PB 0x00000000a3d00000| Updating 
| 573|0x00000000a3d00000, 0x00000000a3e00000, 0x00000000a3e00000|100%| O|  |TAMS 0x00000000a3e00000| PB 0x00000000a3e00000| Updating 
| 574|0x00000000a3e00000, 0x00000000a3f00000, 0x00000000a3f00000|100%| O|  |TAMS 0x00000000a3f00000| PB 0x00000000a3f00000| Updating 
| 575|0x00000000a3f00000, 0x00000000a4000000, 0x00000000a4000000|100%| O|  |TAMS 0x00000000a4000000| PB 0x00000000a4000000| Updating 
| 576|0x00000000a4000000, 0x00000000a4100000, 0x00000000a4100000|100%| O|  |TAMS 0x00000000a4100000| PB 0x00000000a4100000| Updating 
| 577|0x00000000a4100000, 0x00000000a4200000, 0x00000000a4200000|100%| O|  |TAMS 0x00000000a4200000| PB 0x00000000a4200000| Updating 
| 578|0x00000000a4200000, 0x00000000a4300000, 0x00000000a4300000|100%| O|  |TAMS 0x00000000a4300000| PB 0x00000000a4300000| Updating 
| 579|0x00000000a4300000, 0x00000000a4400000, 0x00000000a4400000|100%| O|  |TAMS 0x00000000a4400000| PB 0x00000000a4400000| Updating 
| 580|0x00000000a4400000, 0x00000000a4500000, 0x00000000a4500000|100%| O|  |TAMS 0x00000000a4500000| PB 0x00000000a4500000| Updating 
| 581|0x00000000a4500000, 0x00000000a4600000, 0x00000000a4600000|100%| O|  |TAMS 0x00000000a4600000| PB 0x00000000a4600000| Updating 
| 582|0x00000000a4600000, 0x00000000a4700000, 0x00000000a4700000|100%| O|  |TAMS 0x00000000a4700000| PB 0x00000000a4700000| Updating 
| 583|0x00000000a4700000, 0x00000000a4800000, 0x00000000a4800000|100%| O|  |TAMS 0x00000000a4800000| PB 0x00000000a4800000| Updating 
| 584|0x00000000a4800000, 0x00000000a4900000, 0x00000000a4900000|100%| O|  |TAMS 0x00000000a4900000| PB 0x00000000a4900000| Updating 
| 585|0x00000000a4900000, 0x00000000a4a00000, 0x00000000a4a00000|100%| O|  |TAMS 0x00000000a4a00000| PB 0x00000000a4a00000| Updating 
| 586|0x00000000a4a00000, 0x00000000a4b00000, 0x00000000a4b00000|100%| O|  |TAMS 0x00000000a4b00000| PB 0x00000000a4b00000| Updating 
| 587|0x00000000a4b00000, 0x00000000a4c00000, 0x00000000a4c00000|100%| O|  |TAMS 0x00000000a4c00000| PB 0x00000000a4c00000| Updating 
| 588|0x00000000a4c00000, 0x00000000a4d00000, 0x00000000a4d00000|100%| O|  |TAMS 0x00000000a4d00000| PB 0x00000000a4d00000| Updating 
| 589|0x00000000a4d00000, 0x00000000a4e00000, 0x00000000a4e00000|100%| O|  |TAMS 0x00000000a4e00000| PB 0x00000000a4e00000| Updating 
| 590|0x00000000a4e00000, 0x00000000a4f00000, 0x00000000a4f00000|100%| O|  |TAMS 0x00000000a4f00000| PB 0x00000000a4f00000| Updating 
| 591|0x00000000a4f00000, 0x00000000a5000000, 0x00000000a5000000|100%| O|  |TAMS 0x00000000a5000000| PB 0x00000000a5000000| Updating 
| 592|0x00000000a5000000, 0x00000000a5100000, 0x00000000a5100000|100%| O|  |TAMS 0x00000000a5000000| PB 0x00000000a5000000| Untracked 
| 593|0x00000000a5100000, 0x00000000a5200000, 0x00000000a5200000|100%|HS|  |TAMS 0x00000000a5200000| PB 0x00000000a5100000| Complete 
| 594|0x00000000a5200000, 0x00000000a5300000, 0x00000000a5300000|100%|HC|  |TAMS 0x00000000a5300000| PB 0x00000000a5200000| Complete 
| 595|0x00000000a5300000, 0x00000000a5400000, 0x00000000a5400000|100%| O|  |TAMS 0x00000000a5400000| PB 0x00000000a5400000| Untracked 
| 596|0x00000000a5400000, 0x00000000a5500000, 0x00000000a5500000|100%| O|  |TAMS 0x00000000a5500000| PB 0x00000000a5500000| Untracked 
| 597|0x00000000a5500000, 0x00000000a5600000, 0x00000000a5600000|100%| O|  |TAMS 0x00000000a5600000| PB 0x00000000a5600000| Updating 
| 598|0x00000000a5600000, 0x00000000a5700000, 0x00000000a5700000|100%| O|  |TAMS 0x00000000a5700000| PB 0x00000000a5700000| Updating 
| 599|0x00000000a5700000, 0x00000000a5800000, 0x00000000a5800000|100%| O|  |TAMS 0x00000000a5800000| PB 0x00000000a5800000| Updating 
| 600|0x00000000a5800000, 0x00000000a5900000, 0x00000000a5900000|100%| O|  |TAMS 0x00000000a5900000| PB 0x00000000a5900000| Updating 
| 601|0x00000000a5900000, 0x00000000a5a00000, 0x00000000a5a00000|100%| O|  |TAMS 0x00000000a5a00000| PB 0x00000000a5a00000| Untracked 
| 602|0x00000000a5a00000, 0x00000000a5b00000, 0x00000000a5b00000|100%| O|  |TAMS 0x00000000a5b00000| PB 0x00000000a5b00000| Updating 
| 603|0x00000000a5b00000, 0x00000000a5c00000, 0x00000000a5c00000|100%| O|  |TAMS 0x00000000a5c00000| PB 0x00000000a5c00000| Updating 
| 604|0x00000000a5c00000, 0x00000000a5d00000, 0x00000000a5d00000|100%| O|  |TAMS 0x00000000a5d00000| PB 0x00000000a5d00000| Untracked 
| 605|0x00000000a5d00000, 0x00000000a5e00000, 0x00000000a5e00000|100%| O|  |TAMS 0x00000000a5e00000| PB 0x00000000a5e00000| Updating 
| 606|0x00000000a5e00000, 0x00000000a5f00000, 0x00000000a5f00000|100%| O|  |TAMS 0x00000000a5f00000| PB 0x00000000a5f00000| Updating 
| 607|0x00000000a5f00000, 0x00000000a6000000, 0x00000000a6000000|100%| O|  |TAMS 0x00000000a6000000| PB 0x00000000a6000000| Untracked 
| 608|0x00000000a6000000, 0x00000000a6100000, 0x00000000a6100000|100%| O|  |TAMS 0x00000000a6000000| PB 0x00000000a6000000| Untracked 
| 609|0x00000000a6100000, 0x00000000a6200000, 0x00000000a6200000|100%| O|  |TAMS 0x00000000a6100000| PB 0x00000000a6100000| Untracked 
| 610|0x00000000a6200000, 0x00000000a6300000, 0x00000000a6300000|100%| O|  |TAMS 0x00000000a6200000| PB 0x00000000a6200000| Untracked 
| 611|0x00000000a6300000, 0x00000000a6400000, 0x00000000a6400000|100%| O|  |TAMS 0x00000000a6400000| PB 0x00000000a6400000| Updating 
| 612|0x00000000a6400000, 0x00000000a6500000, 0x00000000a6500000|100%| O|  |TAMS 0x00000000a6400000| PB 0x00000000a6400000| Untracked 
| 613|0x00000000a6500000, 0x00000000a6600000, 0x00000000a6600000|100%| O|  |TAMS 0x00000000a6600000| PB 0x00000000a6600000| Untracked 
| 614|0x00000000a6600000, 0x00000000a6700000, 0x00000000a6700000|100%| O|  |TAMS 0x00000000a6700000| PB 0x00000000a6700000| Untracked 
| 615|0x00000000a6700000, 0x00000000a6800000, 0x00000000a6800000|100%| O|  |TAMS 0x00000000a6800000| PB 0x00000000a6800000| Untracked 
| 616|0x00000000a6800000, 0x00000000a6900000, 0x00000000a6900000|100%| O|  |TAMS 0x00000000a6900000| PB 0x00000000a6900000| Untracked 
| 617|0x00000000a6900000, 0x00000000a6a00000, 0x00000000a6a00000|100%| O|  |TAMS 0x00000000a6a00000| PB 0x00000000a6a00000| Updating 
| 618|0x00000000a6a00000, 0x00000000a6b00000, 0x00000000a6b00000|100%| O|  |TAMS 0x00000000a6b00000| PB 0x00000000a6b00000| Updating 
| 619|0x00000000a6b00000, 0x00000000a6c00000, 0x00000000a6c00000|100%| O|  |TAMS 0x00000000a6b00000| PB 0x00000000a6b00000| Untracked 
| 620|0x00000000a6c00000, 0x00000000a6d00000, 0x00000000a6d00000|100%| O|  |TAMS 0x00000000a6c00000| PB 0x00000000a6c00000| Untracked 
| 621|0x00000000a6d00000, 0x00000000a6e00000, 0x00000000a6e00000|100%| O|  |TAMS 0x00000000a6d00000| PB 0x00000000a6d00000| Untracked 
| 622|0x00000000a6e00000, 0x00000000a6f00000, 0x00000000a6f00000|100%| O|  |TAMS 0x00000000a6e00000| PB 0x00000000a6e00000| Untracked 
| 623|0x00000000a6f00000, 0x00000000a7000000, 0x00000000a7000000|100%| O|  |TAMS 0x00000000a6f00000| PB 0x00000000a6f00000| Untracked 
| 624|0x00000000a7000000, 0x00000000a7100000, 0x00000000a7100000|100%| O|  |TAMS 0x00000000a7100000| PB 0x00000000a7100000| Updating 
| 625|0x00000000a7100000, 0x00000000a7200000, 0x00000000a7200000|100%|HS|  |TAMS 0x00000000a7200000| PB 0x00000000a7100000| Complete 
| 626|0x00000000a7200000, 0x00000000a7300000, 0x00000000a7300000|100%|HC|  |TAMS 0x00000000a7300000| PB 0x00000000a7200000| Complete 
| 627|0x00000000a7300000, 0x00000000a7400000, 0x00000000a7400000|100%|HC|  |TAMS 0x00000000a7400000| PB 0x00000000a7300000| Complete 
| 628|0x00000000a7400000, 0x00000000a7500000, 0x00000000a7500000|100%|HS|  |TAMS 0x00000000a7500000| PB 0x00000000a7400000| Complete 
| 629|0x00000000a7500000, 0x00000000a7600000, 0x00000000a7600000|100%|HC|  |TAMS 0x00000000a7600000| PB 0x00000000a7500000| Complete 
| 630|0x00000000a7600000, 0x00000000a7700000, 0x00000000a7700000|100%|HC|  |TAMS 0x00000000a7700000| PB 0x00000000a7600000| Complete 
| 631|0x00000000a7700000, 0x00000000a7800000, 0x00000000a7800000|100%|HS|  |TAMS 0x00000000a7800000| PB 0x00000000a7700000| Complete 
| 632|0x00000000a7800000, 0x00000000a7900000, 0x00000000a7900000|100%|HC|  |TAMS 0x00000000a7900000| PB 0x00000000a7800000| Complete 
| 633|0x00000000a7900000, 0x00000000a7900000, 0x00000000a7a00000|  0%| F|  |TAMS 0x00000000a7900000| PB 0x00000000a7900000| Untracked 
| 634|0x00000000a7a00000, 0x00000000a7b00000, 0x00000000a7b00000|100%| O|  |TAMS 0x00000000a7a00000| PB 0x00000000a7a00000| Untracked 
| 635|0x00000000a7b00000, 0x00000000a7c00000, 0x00000000a7c00000|100%|HS|  |TAMS 0x00000000a7c00000| PB 0x00000000a7b00000| Complete 
| 636|0x00000000a7c00000, 0x00000000a7d00000, 0x00000000a7d00000|100%| O|  |TAMS 0x00000000a7c00000| PB 0x00000000a7c00000| Untracked 
| 637|0x00000000a7d00000, 0x00000000a7e00000, 0x00000000a7e00000|100%| O|  |TAMS 0x00000000a7d00000| PB 0x00000000a7d00000| Untracked 
| 638|0x00000000a7e00000, 0x00000000a7f00000, 0x00000000a7f00000|100%|HS|  |TAMS 0x00000000a7f00000| PB 0x00000000a7e00000| Complete 
| 639|0x00000000a7f00000, 0x00000000a8000000, 0x00000000a8000000|100%|HS|  |TAMS 0x00000000a8000000| PB 0x00000000a7f00000| Complete 
| 640|0x00000000a8000000, 0x00000000a8100000, 0x00000000a8100000|100%|HC|  |TAMS 0x00000000a8100000| PB 0x00000000a8000000| Complete 
| 641|0x00000000a8100000, 0x00000000a8200000, 0x00000000a8200000|100%|HS|  |TAMS 0x00000000a8200000| PB 0x00000000a8100000| Complete 
| 642|0x00000000a8200000, 0x00000000a8300000, 0x00000000a8300000|100%|HS|  |TAMS 0x00000000a8300000| PB 0x00000000a8200000| Complete 
| 643|0x00000000a8300000, 0x00000000a8400000, 0x00000000a8400000|100%|HC|  |TAMS 0x00000000a8400000| PB 0x00000000a8300000| Complete 
| 644|0x00000000a8400000, 0x00000000a8500000, 0x00000000a8500000|100%|HS|  |TAMS 0x00000000a8500000| PB 0x00000000a8400000| Complete 
| 645|0x00000000a8500000, 0x00000000a8600000, 0x00000000a8600000|100%|HC|  |TAMS 0x00000000a8600000| PB 0x00000000a8500000| Complete 
| 646|0x00000000a8600000, 0x00000000a8700000, 0x00000000a8700000|100%|HS|  |TAMS 0x00000000a8700000| PB 0x00000000a8600000| Complete 
| 647|0x00000000a8700000, 0x00000000a8800000, 0x00000000a8800000|100%|HC|  |TAMS 0x00000000a8800000| PB 0x00000000a8700000| Complete 
| 648|0x00000000a8800000, 0x00000000a8900000, 0x00000000a8900000|100%|HC|  |TAMS 0x00000000a8900000| PB 0x00000000a8800000| Complete 
| 649|0x00000000a8900000, 0x00000000a8a00000, 0x00000000a8a00000|100%| O|  |TAMS 0x00000000a8900000| PB 0x00000000a8900000| Untracked 
| 650|0x00000000a8a00000, 0x00000000a8a00000, 0x00000000a8b00000|  0%| F|  |TAMS 0x00000000a8a00000| PB 0x00000000a8a00000| Untracked 
| 651|0x00000000a8b00000, 0x00000000a8c00000, 0x00000000a8c00000|100%| O|  |TAMS 0x00000000a8b00000| PB 0x00000000a8b00000| Untracked 
| 652|0x00000000a8c00000, 0x00000000a8d00000, 0x00000000a8d00000|100%| O|  |TAMS 0x00000000a8c00000| PB 0x00000000a8c00000| Untracked 
| 653|0x00000000a8d00000, 0x00000000a8e00000, 0x00000000a8e00000|100%| O|  |TAMS 0x00000000a8d00000| PB 0x00000000a8d00000| Untracked 
| 654|0x00000000a8e00000, 0x00000000a8f00000, 0x00000000a8f00000|100%|HS|  |TAMS 0x00000000a8f00000| PB 0x00000000a8e00000| Complete 
| 655|0x00000000a8f00000, 0x00000000a9000000, 0x00000000a9000000|100%|HC|  |TAMS 0x00000000a9000000| PB 0x00000000a8f00000| Complete 
| 656|0x00000000a9000000, 0x00000000a9100000, 0x00000000a9100000|100%|HS|  |TAMS 0x00000000a9100000| PB 0x00000000a9000000| Complete 
| 657|0x00000000a9100000, 0x00000000a9200000, 0x00000000a9200000|100%|HC|  |TAMS 0x00000000a9200000| PB 0x00000000a9100000| Complete 
| 658|0x00000000a9200000, 0x00000000a9300000, 0x00000000a9300000|100%|HS|  |TAMS 0x00000000a9300000| PB 0x00000000a9200000| Complete 
| 659|0x00000000a9300000, 0x00000000a9400000, 0x00000000a9400000|100%|HC|  |TAMS 0x00000000a9400000| PB 0x00000000a9300000| Complete 
| 660|0x00000000a9400000, 0x00000000a9500000, 0x00000000a9500000|100%|HC|  |TAMS 0x00000000a9500000| PB 0x00000000a9400000| Complete 
| 661|0x00000000a9500000, 0x00000000a9600000, 0x00000000a9600000|100%|HS|  |TAMS 0x00000000a9600000| PB 0x00000000a9500000| Complete 
| 662|0x00000000a9600000, 0x00000000a9700000, 0x00000000a9700000|100%|HC|  |TAMS 0x00000000a9700000| PB 0x00000000a9600000| Complete 
| 663|0x00000000a9700000, 0x00000000a9800000, 0x00000000a9800000|100%|HC|  |TAMS 0x00000000a9800000| PB 0x00000000a9700000| Complete 
| 664|0x00000000a9800000, 0x00000000a9900000, 0x00000000a9900000|100%|HC|  |TAMS 0x00000000a9900000| PB 0x00000000a9800000| Complete 
| 665|0x00000000a9900000, 0x00000000a9a00000, 0x00000000a9a00000|100%|HC|  |TAMS 0x00000000a9a00000| PB 0x00000000a9900000| Complete 
| 666|0x00000000a9a00000, 0x00000000a9b00000, 0x00000000a9b00000|100%|HC|  |TAMS 0x00000000a9b00000| PB 0x00000000a9a00000| Complete 
| 667|0x00000000a9b00000, 0x00000000a9c00000, 0x00000000a9c00000|100%|HC|  |TAMS 0x00000000a9c00000| PB 0x00000000a9b00000| Complete 
| 668|0x00000000a9c00000, 0x00000000a9d00000, 0x00000000a9d00000|100%|HC|  |TAMS 0x00000000a9d00000| PB 0x00000000a9c00000| Complete 
| 669|0x00000000a9d00000, 0x00000000a9e00000, 0x00000000a9e00000|100%|HC|  |TAMS 0x00000000a9e00000| PB 0x00000000a9d00000| Complete 
| 670|0x00000000a9e00000, 0x00000000a9e00000, 0x00000000a9f00000|  0%| F|  |TAMS 0x00000000a9e00000| PB 0x00000000a9e00000| Untracked 
| 671|0x00000000a9f00000, 0x00000000aa000000, 0x00000000aa000000|100%|HS|  |TAMS 0x00000000aa000000| PB 0x00000000a9f00000| Complete 
| 672|0x00000000aa000000, 0x00000000aa100000, 0x00000000aa100000|100%|HC|  |TAMS 0x00000000aa100000| PB 0x00000000aa000000| Complete 
| 673|0x00000000aa100000, 0x00000000aa200000, 0x00000000aa200000|100%|HC|  |TAMS 0x00000000aa200000| PB 0x00000000aa100000| Complete 
| 674|0x00000000aa200000, 0x00000000aa300000, 0x00000000aa300000|100%|HC|  |TAMS 0x00000000aa300000| PB 0x00000000aa200000| Complete 
| 675|0x00000000aa300000, 0x00000000aa400000, 0x00000000aa400000|100%|HC|  |TAMS 0x00000000aa400000| PB 0x00000000aa300000| Complete 
| 676|0x00000000aa400000, 0x00000000aa500000, 0x00000000aa500000|100%|HC|  |TAMS 0x00000000aa500000| PB 0x00000000aa400000| Complete 
| 677|0x00000000aa500000, 0x00000000aa600000, 0x00000000aa600000|100%|HC|  |TAMS 0x00000000aa600000| PB 0x00000000aa500000| Complete 
| 678|0x00000000aa600000, 0x00000000aa700000, 0x00000000aa700000|100%|HC|  |TAMS 0x00000000aa700000| PB 0x00000000aa600000| Complete 
| 679|0x00000000aa700000, 0x00000000aa800000, 0x00000000aa800000|100%|HC|  |TAMS 0x00000000aa800000| PB 0x00000000aa700000| Complete 
| 680|0x00000000aa800000, 0x00000000aa900000, 0x00000000aa900000|100%|HC|  |TAMS 0x00000000aa900000| PB 0x00000000aa800000| Complete 
| 681|0x00000000aa900000, 0x00000000aaa00000, 0x00000000aaa00000|100%|HC|  |TAMS 0x00000000aaa00000| PB 0x00000000aa900000| Complete 
| 682|0x00000000aaa00000, 0x00000000aab00000, 0x00000000aab00000|100%|HC|  |TAMS 0x00000000aab00000| PB 0x00000000aaa00000| Complete 
| 683|0x00000000aab00000, 0x00000000aac00000, 0x00000000aac00000|100%|HC|  |TAMS 0x00000000aac00000| PB 0x00000000aab00000| Complete 
| 684|0x00000000aac00000, 0x00000000aad00000, 0x00000000aad00000|100%|HC|  |TAMS 0x00000000aad00000| PB 0x00000000aac00000| Complete 
| 685|0x00000000aad00000, 0x00000000aae00000, 0x00000000aae00000|100%|HC|  |TAMS 0x00000000aae00000| PB 0x00000000aad00000| Complete 
| 686|0x00000000aae00000, 0x00000000aaf00000, 0x00000000aaf00000|100%|HC|  |TAMS 0x00000000aaf00000| PB 0x00000000aae00000| Complete 
| 687|0x00000000aaf00000, 0x00000000ab000000, 0x00000000ab000000|100%|HC|  |TAMS 0x00000000ab000000| PB 0x00000000aaf00000| Complete 
| 688|0x00000000ab000000, 0x00000000ab000000, 0x00000000ab100000|  0%| F|  |TAMS 0x00000000ab000000| PB 0x00000000ab000000| Untracked 
| 689|0x00000000ab100000, 0x00000000ab200000, 0x00000000ab200000|100%| O|  |TAMS 0x00000000ab200000| PB 0x00000000ab200000| Untracked 
| 690|0x00000000ab200000, 0x00000000ab300000, 0x00000000ab300000|100%| O|  |TAMS 0x00000000ab300000| PB 0x00000000ab300000| Untracked 
| 691|0x00000000ab300000, 0x00000000ab400000, 0x00000000ab400000|100%| O|  |TAMS 0x00000000ab400000| PB 0x00000000ab400000| Untracked 
| 692|0x00000000ab400000, 0x00000000ab500000, 0x00000000ab500000|100%| O|  |TAMS 0x00000000ab500000| PB 0x00000000ab500000| Untracked 
| 693|0x00000000ab500000, 0x00000000ab600000, 0x00000000ab600000|100%| O|  |TAMS 0x00000000ab600000| PB 0x00000000ab600000| Untracked 
| 694|0x00000000ab600000, 0x00000000ab700000, 0x00000000ab700000|100%| O|  |TAMS 0x00000000ab700000| PB 0x00000000ab700000| Untracked 
| 695|0x00000000ab700000, 0x00000000ab800000, 0x00000000ab800000|100%| O|  |TAMS 0x00000000ab800000| PB 0x00000000ab800000| Untracked 
| 696|0x00000000ab800000, 0x00000000ab900000, 0x00000000ab900000|100%| O|  |TAMS 0x00000000ab900000| PB 0x00000000ab900000| Untracked 
| 697|0x00000000ab900000, 0x00000000aba00000, 0x00000000aba00000|100%| O|  |TAMS 0x00000000aba00000| PB 0x00000000aba00000| Untracked 
| 698|0x00000000aba00000, 0x00000000abb00000, 0x00000000abb00000|100%| O|  |TAMS 0x00000000abb00000| PB 0x00000000abb00000| Untracked 
| 699|0x00000000abb00000, 0x00000000abc00000, 0x00000000abc00000|100%| O|  |TAMS 0x00000000abc00000| PB 0x00000000abc00000| Untracked 
| 700|0x00000000abc00000, 0x00000000abd00000, 0x00000000abd00000|100%| O|  |TAMS 0x00000000abd00000| PB 0x00000000abd00000| Untracked 
| 701|0x00000000abd00000, 0x00000000abe00000, 0x00000000abe00000|100%| O|  |TAMS 0x00000000abe00000| PB 0x00000000abe00000| Untracked 
| 702|0x00000000abe00000, 0x00000000abf00000, 0x00000000abf00000|100%| O|  |TAMS 0x00000000abf00000| PB 0x00000000abf00000| Untracked 
| 703|0x00000000abf00000, 0x00000000ac000000, 0x00000000ac000000|100%| O|  |TAMS 0x00000000ac000000| PB 0x00000000ac000000| Untracked 
| 704|0x00000000ac000000, 0x00000000ac100000, 0x00000000ac100000|100%| O|  |TAMS 0x00000000ac100000| PB 0x00000000ac100000| Untracked 
| 705|0x00000000ac100000, 0x00000000ac200000, 0x00000000ac200000|100%| O|  |TAMS 0x00000000ac200000| PB 0x00000000ac200000| Untracked 
| 706|0x00000000ac200000, 0x00000000ac300000, 0x00000000ac300000|100%| O|  |TAMS 0x00000000ac300000| PB 0x00000000ac300000| Untracked 
| 707|0x00000000ac300000, 0x00000000ac400000, 0x00000000ac400000|100%| O|  |TAMS 0x00000000ac300000| PB 0x00000000ac300000| Untracked 
| 708|0x00000000ac400000, 0x00000000ac500000, 0x00000000ac500000|100%| O|  |TAMS 0x00000000ac400000| PB 0x00000000ac400000| Untracked 
| 709|0x00000000ac500000, 0x00000000ac600000, 0x00000000ac600000|100%| O|  |TAMS 0x00000000ac500000| PB 0x00000000ac500000| Untracked 
| 710|0x00000000ac600000, 0x00000000ac700000, 0x00000000ac700000|100%| O|  |TAMS 0x00000000ac600000| PB 0x00000000ac600000| Untracked 
| 711|0x00000000ac700000, 0x00000000ac800000, 0x00000000ac800000|100%| O|  |TAMS 0x00000000ac700000| PB 0x00000000ac700000| Untracked 
| 712|0x00000000ac800000, 0x00000000ac900000, 0x00000000ac900000|100%| O|  |TAMS 0x00000000ac800000| PB 0x00000000ac800000| Untracked 
| 713|0x00000000ac900000, 0x00000000aca00000, 0x00000000aca00000|100%| O|  |TAMS 0x00000000ac900000| PB 0x00000000ac900000| Untracked 
| 714|0x00000000aca00000, 0x00000000acb00000, 0x00000000acb00000|100%| O|  |TAMS 0x00000000aca00000| PB 0x00000000aca00000| Untracked 
| 715|0x00000000acb00000, 0x00000000acc00000, 0x00000000acc00000|100%|HS|  |TAMS 0x00000000acb00000| PB 0x00000000acb00000| Complete 
| 716|0x00000000acc00000, 0x00000000acd00000, 0x00000000acd00000|100%|HC|  |TAMS 0x00000000acc00000| PB 0x00000000acc00000| Complete 
| 717|0x00000000acd00000, 0x00000000ace00000, 0x00000000ace00000|100%|HC|  |TAMS 0x00000000acd00000| PB 0x00000000acd00000| Complete 
| 718|0x00000000ace00000, 0x00000000acf00000, 0x00000000acf00000|100%|HC|  |TAMS 0x00000000ace00000| PB 0x00000000ace00000| Complete 
| 719|0x00000000acf00000, 0x00000000ad000000, 0x00000000ad000000|100%|HC|  |TAMS 0x00000000acf00000| PB 0x00000000acf00000| Complete 
| 720|0x00000000ad000000, 0x00000000ad100000, 0x00000000ad100000|100%|HC|  |TAMS 0x00000000ad000000| PB 0x00000000ad000000| Complete 
| 721|0x00000000ad100000, 0x00000000ad200000, 0x00000000ad200000|100%|HC|  |TAMS 0x00000000ad100000| PB 0x00000000ad100000| Complete 
| 722|0x00000000ad200000, 0x00000000ad300000, 0x00000000ad300000|100%|HC|  |TAMS 0x00000000ad200000| PB 0x00000000ad200000| Complete 
| 723|0x00000000ad300000, 0x00000000ad400000, 0x00000000ad400000|100%|HC|  |TAMS 0x00000000ad300000| PB 0x00000000ad300000| Complete 
| 724|0x00000000ad400000, 0x00000000ad500000, 0x00000000ad500000|100%|HC|  |TAMS 0x00000000ad400000| PB 0x00000000ad400000| Complete 
| 725|0x00000000ad500000, 0x00000000ad600000, 0x00000000ad600000|100%|HC|  |TAMS 0x00000000ad500000| PB 0x00000000ad500000| Complete 
| 726|0x00000000ad600000, 0x00000000ad700000, 0x00000000ad700000|100%|HC|  |TAMS 0x00000000ad600000| PB 0x00000000ad600000| Complete 
| 727|0x00000000ad700000, 0x00000000ad800000, 0x00000000ad800000|100%|HC|  |TAMS 0x00000000ad700000| PB 0x00000000ad700000| Complete 
| 728|0x00000000ad800000, 0x00000000ad900000, 0x00000000ad900000|100%|HC|  |TAMS 0x00000000ad800000| PB 0x00000000ad800000| Complete 
| 729|0x00000000ad900000, 0x00000000ada00000, 0x00000000ada00000|100%|HC|  |TAMS 0x00000000ad900000| PB 0x00000000ad900000| Complete 
| 730|0x00000000ada00000, 0x00000000adb00000, 0x00000000adb00000|100%|HC|  |TAMS 0x00000000ada00000| PB 0x00000000ada00000| Complete 
| 731|0x00000000adb00000, 0x00000000adc00000, 0x00000000adc00000|100%|HC|  |TAMS 0x00000000adb00000| PB 0x00000000adb00000| Complete 
| 732|0x00000000adc00000, 0x00000000adc00000, 0x00000000add00000|  0%| F|  |TAMS 0x00000000adc00000| PB 0x00000000adc00000| Untracked 
| 733|0x00000000add00000, 0x00000000add00000, 0x00000000ade00000|  0%| F|  |TAMS 0x00000000add00000| PB 0x00000000add00000| Untracked 
| 734|0x00000000ade00000, 0x00000000ade00000, 0x00000000adf00000|  0%| F|  |TAMS 0x00000000ade00000| PB 0x00000000ade00000| Untracked 
| 735|0x00000000adf00000, 0x00000000adf00000, 0x00000000ae000000|  0%| F|  |TAMS 0x00000000adf00000| PB 0x00000000adf00000| Untracked 
| 736|0x00000000ae000000, 0x00000000ae000000, 0x00000000ae100000|  0%| F|  |TAMS 0x00000000ae000000| PB 0x00000000ae000000| Untracked 
| 737|0x00000000ae100000, 0x00000000ae100000, 0x00000000ae200000|  0%| F|  |TAMS 0x00000000ae100000| PB 0x00000000ae100000| Untracked 
| 738|0x00000000ae200000, 0x00000000ae200000, 0x00000000ae300000|  0%| F|  |TAMS 0x00000000ae200000| PB 0x00000000ae200000| Untracked 
| 739|0x00000000ae300000, 0x00000000ae300000, 0x00000000ae400000|  0%| F|  |TAMS 0x00000000ae300000| PB 0x00000000ae300000| Untracked 
| 740|0x00000000ae400000, 0x00000000ae400000, 0x00000000ae500000|  0%| F|  |TAMS 0x00000000ae400000| PB 0x00000000ae400000| Untracked 
| 741|0x00000000ae500000, 0x00000000ae500000, 0x00000000ae600000|  0%| F|  |TAMS 0x00000000ae500000| PB 0x00000000ae500000| Untracked 
| 742|0x00000000ae600000, 0x00000000ae600000, 0x00000000ae700000|  0%| F|  |TAMS 0x00000000ae600000| PB 0x00000000ae600000| Untracked 
| 743|0x00000000ae700000, 0x00000000ae700000, 0x00000000ae800000|  0%| F|  |TAMS 0x00000000ae700000| PB 0x00000000ae700000| Untracked 
| 744|0x00000000ae800000, 0x00000000ae800000, 0x00000000ae900000|  0%| F|  |TAMS 0x00000000ae800000| PB 0x00000000ae800000| Untracked 
| 745|0x00000000ae900000, 0x00000000aea00000, 0x00000000aea00000|100%|HS|  |TAMS 0x00000000aea00000| PB 0x00000000ae900000| Complete 
| 746|0x00000000aea00000, 0x00000000aeb00000, 0x00000000aeb00000|100%|HC|  |TAMS 0x00000000aeb00000| PB 0x00000000aea00000| Complete 
| 747|0x00000000aeb00000, 0x00000000aec00000, 0x00000000aec00000|100%|HC|  |TAMS 0x00000000aec00000| PB 0x00000000aeb00000| Complete 
| 748|0x00000000aec00000, 0x00000000aed00000, 0x00000000aed00000|100%|HC|  |TAMS 0x00000000aed00000| PB 0x00000000aec00000| Complete 
| 749|0x00000000aed00000, 0x00000000aee00000, 0x00000000aee00000|100%|HC|  |TAMS 0x00000000aee00000| PB 0x00000000aed00000| Complete 
| 750|0x00000000aee00000, 0x00000000aef00000, 0x00000000aef00000|100%|HC|  |TAMS 0x00000000aef00000| PB 0x00000000aee00000| Complete 
| 751|0x00000000aef00000, 0x00000000af000000, 0x00000000af000000|100%|HC|  |TAMS 0x00000000af000000| PB 0x00000000aef00000| Complete 
| 752|0x00000000af000000, 0x00000000af100000, 0x00000000af100000|100%|HC|  |TAMS 0x00000000af100000| PB 0x00000000af000000| Complete 
| 753|0x00000000af100000, 0x00000000af200000, 0x00000000af200000|100%|HC|  |TAMS 0x00000000af200000| PB 0x00000000af100000| Complete 
| 754|0x00000000af200000, 0x00000000af300000, 0x00000000af300000|100%|HC|  |TAMS 0x00000000af300000| PB 0x00000000af200000| Complete 
| 755|0x00000000af300000, 0x00000000af400000, 0x00000000af400000|100%|HC|  |TAMS 0x00000000af400000| PB 0x00000000af300000| Complete 
| 756|0x00000000af400000, 0x00000000af500000, 0x00000000af500000|100%|HC|  |TAMS 0x00000000af500000| PB 0x00000000af400000| Complete 
| 757|0x00000000af500000, 0x00000000af600000, 0x00000000af600000|100%|HC|  |TAMS 0x00000000af600000| PB 0x00000000af500000| Complete 
| 758|0x00000000af600000, 0x00000000af700000, 0x00000000af700000|100%|HC|  |TAMS 0x00000000af700000| PB 0x00000000af600000| Complete 
| 759|0x00000000af700000, 0x00000000af800000, 0x00000000af800000|100%|HC|  |TAMS 0x00000000af800000| PB 0x00000000af700000| Complete 
| 760|0x00000000af800000, 0x00000000af900000, 0x00000000af900000|100%|HC|  |TAMS 0x00000000af900000| PB 0x00000000af800000| Complete 
| 761|0x00000000af900000, 0x00000000afa00000, 0x00000000afa00000|100%|HC|  |TAMS 0x00000000afa00000| PB 0x00000000af900000| Complete 
| 762|0x00000000afa00000, 0x00000000afb00000, 0x00000000afb00000|100%|HC|  |TAMS 0x00000000afb00000| PB 0x00000000afa00000| Complete 
| 763|0x00000000afb00000, 0x00000000afc00000, 0x00000000afc00000|100%|HC|  |TAMS 0x00000000afc00000| PB 0x00000000afb00000| Complete 
| 764|0x00000000afc00000, 0x00000000afd00000, 0x00000000afd00000|100%|HC|  |TAMS 0x00000000afd00000| PB 0x00000000afc00000| Complete 
| 765|0x00000000afd00000, 0x00000000afe00000, 0x00000000afe00000|100%|HC|  |TAMS 0x00000000afe00000| PB 0x00000000afd00000| Complete 
| 766|0x00000000afe00000, 0x00000000aff00000, 0x00000000aff00000|100%|HC|  |TAMS 0x00000000aff00000| PB 0x00000000afe00000| Complete 
| 767|0x00000000aff00000, 0x00000000b0000000, 0x00000000b0000000|100%|HC|  |TAMS 0x00000000b0000000| PB 0x00000000aff00000| Complete 
| 768|0x00000000b0000000, 0x00000000b0100000, 0x00000000b0100000|100%|HC|  |TAMS 0x00000000b0100000| PB 0x00000000b0000000| Complete 
| 769|0x00000000b0100000, 0x00000000b0200000, 0x00000000b0200000|100%|HC|  |TAMS 0x00000000b0200000| PB 0x00000000b0100000| Complete 
| 770|0x00000000b0200000, 0x00000000b0300000, 0x00000000b0300000|100%|HC|  |TAMS 0x00000000b0300000| PB 0x00000000b0200000| Complete 
| 771|0x00000000b0300000, 0x00000000b0400000, 0x00000000b0400000|100%|HC|  |TAMS 0x00000000b0400000| PB 0x00000000b0300000| Complete 
| 772|0x00000000b0400000, 0x00000000b0500000, 0x00000000b0500000|100%|HC|  |TAMS 0x00000000b0500000| PB 0x00000000b0400000| Complete 
| 773|0x00000000b0500000, 0x00000000b0600000, 0x00000000b0600000|100%|HC|  |TAMS 0x00000000b0600000| PB 0x00000000b0500000| Complete 
| 774|0x00000000b0600000, 0x00000000b0700000, 0x00000000b0700000|100%| O|  |TAMS 0x00000000b0700000| PB 0x00000000b0700000| Untracked 
| 775|0x00000000b0700000, 0x00000000b0800000, 0x00000000b0800000|100%| O|  |TAMS 0x00000000b0800000| PB 0x00000000b0800000| Untracked 
| 776|0x00000000b0800000, 0x00000000b0900000, 0x00000000b0900000|100%| O|  |TAMS 0x00000000b0900000| PB 0x00000000b0900000| Untracked 
| 777|0x00000000b0900000, 0x00000000b0a00000, 0x00000000b0a00000|100%| O|  |TAMS 0x00000000b0a00000| PB 0x00000000b0a00000| Untracked 
| 778|0x00000000b0a00000, 0x00000000b0b00000, 0x00000000b0b00000|100%| O|  |TAMS 0x00000000b0b00000| PB 0x00000000b0b00000| Updating 
| 779|0x00000000b0b00000, 0x00000000b0c00000, 0x00000000b0c00000|100%| O|  |TAMS 0x00000000b0c00000| PB 0x00000000b0c00000| Untracked 
| 780|0x00000000b0c00000, 0x00000000b0d00000, 0x00000000b0d00000|100%|HS|  |TAMS 0x00000000b0c00000| PB 0x00000000b0c00000| Complete 
| 781|0x00000000b0d00000, 0x00000000b0e00000, 0x00000000b0e00000|100%|HC|  |TAMS 0x00000000b0d00000| PB 0x00000000b0d00000| Complete 
| 782|0x00000000b0e00000, 0x00000000b0f00000, 0x00000000b0f00000|100%|HC|  |TAMS 0x00000000b0e00000| PB 0x00000000b0e00000| Complete 
| 783|0x00000000b0f00000, 0x00000000b1000000, 0x00000000b1000000|100%|HC|  |TAMS 0x00000000b0f00000| PB 0x00000000b0f00000| Complete 
| 784|0x00000000b1000000, 0x00000000b1100000, 0x00000000b1100000|100%|HC|  |TAMS 0x00000000b1000000| PB 0x00000000b1000000| Complete 
| 785|0x00000000b1100000, 0x00000000b1200000, 0x00000000b1200000|100%|HC|  |TAMS 0x00000000b1100000| PB 0x00000000b1100000| Complete 
| 786|0x00000000b1200000, 0x00000000b1300000, 0x00000000b1300000|100%|HC|  |TAMS 0x00000000b1200000| PB 0x00000000b1200000| Complete 
| 787|0x00000000b1300000, 0x00000000b1400000, 0x00000000b1400000|100%|HC|  |TAMS 0x00000000b1300000| PB 0x00000000b1300000| Complete 
| 788|0x00000000b1400000, 0x00000000b1500000, 0x00000000b1500000|100%|HC|  |TAMS 0x00000000b1400000| PB 0x00000000b1400000| Complete 
| 789|0x00000000b1500000, 0x00000000b1600000, 0x00000000b1600000|100%|HC|  |TAMS 0x00000000b1500000| PB 0x00000000b1500000| Complete 
| 790|0x00000000b1600000, 0x00000000b1700000, 0x00000000b1700000|100%|HC|  |TAMS 0x00000000b1600000| PB 0x00000000b1600000| Complete 
| 791|0x00000000b1700000, 0x00000000b1800000, 0x00000000b1800000|100%|HC|  |TAMS 0x00000000b1700000| PB 0x00000000b1700000| Complete 
| 792|0x00000000b1800000, 0x00000000b1900000, 0x00000000b1900000|100%|HC|  |TAMS 0x00000000b1800000| PB 0x00000000b1800000| Complete 
| 793|0x00000000b1900000, 0x00000000b1a00000, 0x00000000b1a00000|100%|HC|  |TAMS 0x00000000b1900000| PB 0x00000000b1900000| Complete 
| 794|0x00000000b1a00000, 0x00000000b1b00000, 0x00000000b1b00000|100%|HC|  |TAMS 0x00000000b1a00000| PB 0x00000000b1a00000| Complete 
| 795|0x00000000b1b00000, 0x00000000b1c00000, 0x00000000b1c00000|100%|HC|  |TAMS 0x00000000b1b00000| PB 0x00000000b1b00000| Complete 
| 796|0x00000000b1c00000, 0x00000000b1d00000, 0x00000000b1d00000|100%|HC|  |TAMS 0x00000000b1c00000| PB 0x00000000b1c00000| Complete 
| 797|0x00000000b1d00000, 0x00000000b1e00000, 0x00000000b1e00000|100%|HC|  |TAMS 0x00000000b1d00000| PB 0x00000000b1d00000| Complete 
| 798|0x00000000b1e00000, 0x00000000b1f00000, 0x00000000b1f00000|100%|HC|  |TAMS 0x00000000b1e00000| PB 0x00000000b1e00000| Complete 
| 799|0x00000000b1f00000, 0x00000000b2000000, 0x00000000b2000000|100%|HC|  |TAMS 0x00000000b1f00000| PB 0x00000000b1f00000| Complete 
| 800|0x00000000b2000000, 0x00000000b2100000, 0x00000000b2100000|100%|HC|  |TAMS 0x00000000b2000000| PB 0x00000000b2000000| Complete 
| 801|0x00000000b2100000, 0x00000000b2200000, 0x00000000b2200000|100%|HC|  |TAMS 0x00000000b2100000| PB 0x00000000b2100000| Complete 
| 802|0x00000000b2200000, 0x00000000b2300000, 0x00000000b2300000|100%|HC|  |TAMS 0x00000000b2200000| PB 0x00000000b2200000| Complete 
| 803|0x00000000b2300000, 0x00000000b2400000, 0x00000000b2400000|100%|HC|  |TAMS 0x00000000b2300000| PB 0x00000000b2300000| Complete 
| 804|0x00000000b2400000, 0x00000000b2500000, 0x00000000b2500000|100%|HC|  |TAMS 0x00000000b2400000| PB 0x00000000b2400000| Complete 
| 805|0x00000000b2500000, 0x00000000b2600000, 0x00000000b2600000|100%|HC|  |TAMS 0x00000000b2500000| PB 0x00000000b2500000| Complete 
| 806|0x00000000b2600000, 0x00000000b2700000, 0x00000000b2700000|100%|HC|  |TAMS 0x00000000b2600000| PB 0x00000000b2600000| Complete 
| 807|0x00000000b2700000, 0x00000000b2800000, 0x00000000b2800000|100%|HC|  |TAMS 0x00000000b2700000| PB 0x00000000b2700000| Complete 
| 808|0x00000000b2800000, 0x00000000b2900000, 0x00000000b2900000|100%|HC|  |TAMS 0x00000000b2800000| PB 0x00000000b2800000| Complete 
| 809|0x00000000b2900000, 0x00000000b2a00000, 0x00000000b2a00000|100%|HC|  |TAMS 0x00000000b2900000| PB 0x00000000b2900000| Complete 
| 810|0x00000000b2a00000, 0x00000000b2b00000, 0x00000000b2b00000|100%|HC|  |TAMS 0x00000000b2a00000| PB 0x00000000b2a00000| Complete 
| 811|0x00000000b2b00000, 0x00000000b2c00000, 0x00000000b2c00000|100%|HC|  |TAMS 0x00000000b2b00000| PB 0x00000000b2b00000| Complete 
| 812|0x00000000b2c00000, 0x00000000b2d00000, 0x00000000b2d00000|100%|HC|  |TAMS 0x00000000b2c00000| PB 0x00000000b2c00000| Complete 
| 813|0x00000000b2d00000, 0x00000000b2e00000, 0x00000000b2e00000|100%|HC|  |TAMS 0x00000000b2d00000| PB 0x00000000b2d00000| Complete 
| 814|0x00000000b2e00000, 0x00000000b2f00000, 0x00000000b2f00000|100%|HS|  |TAMS 0x00000000b2e00000| PB 0x00000000b2e00000| Complete 
| 815|0x00000000b2f00000, 0x00000000b3000000, 0x00000000b3000000|100%|HC|  |TAMS 0x00000000b2f00000| PB 0x00000000b2f00000| Complete 
| 816|0x00000000b3000000, 0x00000000b3100000, 0x00000000b3100000|100%|HC|  |TAMS 0x00000000b3000000| PB 0x00000000b3000000| Complete 
| 817|0x00000000b3100000, 0x00000000b3200000, 0x00000000b3200000|100%|HC|  |TAMS 0x00000000b3100000| PB 0x00000000b3100000| Complete 
| 818|0x00000000b3200000, 0x00000000b3300000, 0x00000000b3300000|100%|HC|  |TAMS 0x00000000b3200000| PB 0x00000000b3200000| Complete 
| 819|0x00000000b3300000, 0x00000000b3400000, 0x00000000b3400000|100%|HC|  |TAMS 0x00000000b3300000| PB 0x00000000b3300000| Complete 
| 820|0x00000000b3400000, 0x00000000b3500000, 0x00000000b3500000|100%|HC|  |TAMS 0x00000000b3400000| PB 0x00000000b3400000| Complete 
| 821|0x00000000b3500000, 0x00000000b3600000, 0x00000000b3600000|100%|HC|  |TAMS 0x00000000b3500000| PB 0x00000000b3500000| Complete 
| 822|0x00000000b3600000, 0x00000000b3700000, 0x00000000b3700000|100%|HC|  |TAMS 0x00000000b3600000| PB 0x00000000b3600000| Complete 
| 823|0x00000000b3700000, 0x00000000b3800000, 0x00000000b3800000|100%|HC|  |TAMS 0x00000000b3700000| PB 0x00000000b3700000| Complete 
| 824|0x00000000b3800000, 0x00000000b3900000, 0x00000000b3900000|100%|HC|  |TAMS 0x00000000b3800000| PB 0x00000000b3800000| Complete 
| 825|0x00000000b3900000, 0x00000000b3a00000, 0x00000000b3a00000|100%|HC|  |TAMS 0x00000000b3900000| PB 0x00000000b3900000| Complete 
| 826|0x00000000b3a00000, 0x00000000b3b00000, 0x00000000b3b00000|100%|HC|  |TAMS 0x00000000b3a00000| PB 0x00000000b3a00000| Complete 
| 827|0x00000000b3b00000, 0x00000000b3c00000, 0x00000000b3c00000|100%|HC|  |TAMS 0x00000000b3b00000| PB 0x00000000b3b00000| Complete 
| 828|0x00000000b3c00000, 0x00000000b3d00000, 0x00000000b3d00000|100%|HC|  |TAMS 0x00000000b3c00000| PB 0x00000000b3c00000| Complete 
| 829|0x00000000b3d00000, 0x00000000b3e00000, 0x00000000b3e00000|100%|HC|  |TAMS 0x00000000b3d00000| PB 0x00000000b3d00000| Complete 
| 830|0x00000000b3e00000, 0x00000000b3f00000, 0x00000000b3f00000|100%|HC|  |TAMS 0x00000000b3e00000| PB 0x00000000b3e00000| Complete 
| 831|0x00000000b3f00000, 0x00000000b4000000, 0x00000000b4000000|100%|HC|  |TAMS 0x00000000b3f00000| PB 0x00000000b3f00000| Complete 
| 832|0x00000000b4000000, 0x00000000b4100000, 0x00000000b4100000|100%|HC|  |TAMS 0x00000000b4000000| PB 0x00000000b4000000| Complete 
| 833|0x00000000b4100000, 0x00000000b4200000, 0x00000000b4200000|100%|HC|  |TAMS 0x00000000b4100000| PB 0x00000000b4100000| Complete 
| 834|0x00000000b4200000, 0x00000000b4300000, 0x00000000b4300000|100%|HC|  |TAMS 0x00000000b4200000| PB 0x00000000b4200000| Complete 
| 835|0x00000000b4300000, 0x00000000b4400000, 0x00000000b4400000|100%|HC|  |TAMS 0x00000000b4300000| PB 0x00000000b4300000| Complete 
| 836|0x00000000b4400000, 0x00000000b4500000, 0x00000000b4500000|100%|HC|  |TAMS 0x00000000b4400000| PB 0x00000000b4400000| Complete 
| 837|0x00000000b4500000, 0x00000000b4600000, 0x00000000b4600000|100%|HC|  |TAMS 0x00000000b4500000| PB 0x00000000b4500000| Complete 
| 838|0x00000000b4600000, 0x00000000b4700000, 0x00000000b4700000|100%|HC|  |TAMS 0x00000000b4600000| PB 0x00000000b4600000| Complete 
| 839|0x00000000b4700000, 0x00000000b4800000, 0x00000000b4800000|100%|HC|  |TAMS 0x00000000b4700000| PB 0x00000000b4700000| Complete 
| 840|0x00000000b4800000, 0x00000000b4900000, 0x00000000b4900000|100%|HC|  |TAMS 0x00000000b4800000| PB 0x00000000b4800000| Complete 
| 841|0x00000000b4900000, 0x00000000b4a00000, 0x00000000b4a00000|100%|HC|  |TAMS 0x00000000b4900000| PB 0x00000000b4900000| Complete 
| 842|0x00000000b4a00000, 0x00000000b4b00000, 0x00000000b4b00000|100%|HC|  |TAMS 0x00000000b4a00000| PB 0x00000000b4a00000| Complete 
| 843|0x00000000b4b00000, 0x00000000b4c00000, 0x00000000b4c00000|100%|HC|  |TAMS 0x00000000b4b00000| PB 0x00000000b4b00000| Complete 
| 844|0x00000000b4c00000, 0x00000000b4d00000, 0x00000000b4d00000|100%|HC|  |TAMS 0x00000000b4c00000| PB 0x00000000b4c00000| Complete 
| 845|0x00000000b4d00000, 0x00000000b4e00000, 0x00000000b4e00000|100%|HC|  |TAMS 0x00000000b4d00000| PB 0x00000000b4d00000| Complete 
| 846|0x00000000b4e00000, 0x00000000b4f00000, 0x00000000b4f00000|100%|HC|  |TAMS 0x00000000b4e00000| PB 0x00000000b4e00000| Complete 
| 847|0x00000000b4f00000, 0x00000000b5000000, 0x00000000b5000000|100%|HC|  |TAMS 0x00000000b4f00000| PB 0x00000000b4f00000| Complete 
| 848|0x00000000b5000000, 0x00000000b5100000, 0x00000000b5100000|100%|HC|  |TAMS 0x00000000b5000000| PB 0x00000000b5000000| Complete 
| 849|0x00000000b5100000, 0x00000000b5200000, 0x00000000b5200000|100%|HC|  |TAMS 0x00000000b5100000| PB 0x00000000b5100000| Complete 
| 850|0x00000000b5200000, 0x00000000b5300000, 0x00000000b5300000|100%|HC|  |TAMS 0x00000000b5200000| PB 0x00000000b5200000| Complete 
| 851|0x00000000b5300000, 0x00000000b5400000, 0x00000000b5400000|100%|HC|  |TAMS 0x00000000b5300000| PB 0x00000000b5300000| Complete 
| 852|0x00000000b5400000, 0x00000000b5500000, 0x00000000b5500000|100%|HC|  |TAMS 0x00000000b5400000| PB 0x00000000b5400000| Complete 
| 853|0x00000000b5500000, 0x00000000b5600000, 0x00000000b5600000|100%|HC|  |TAMS 0x00000000b5500000| PB 0x00000000b5500000| Complete 
| 854|0x00000000b5600000, 0x00000000b5700000, 0x00000000b5700000|100%|HC|  |TAMS 0x00000000b5600000| PB 0x00000000b5600000| Complete 
| 855|0x00000000b5700000, 0x00000000b5800000, 0x00000000b5800000|100%|HC|  |TAMS 0x00000000b5700000| PB 0x00000000b5700000| Complete 
| 856|0x00000000b5800000, 0x00000000b5900000, 0x00000000b5900000|100%|HC|  |TAMS 0x00000000b5800000| PB 0x00000000b5800000| Complete 
| 857|0x00000000b5900000, 0x00000000b5a00000, 0x00000000b5a00000|100%|HC|  |TAMS 0x00000000b5900000| PB 0x00000000b5900000| Complete 
| 858|0x00000000b5a00000, 0x00000000b5b00000, 0x00000000b5b00000|100%|HC|  |TAMS 0x00000000b5a00000| PB 0x00000000b5a00000| Complete 
| 859|0x00000000b5b00000, 0x00000000b5c00000, 0x00000000b5c00000|100%|HC|  |TAMS 0x00000000b5b00000| PB 0x00000000b5b00000| Complete 
| 860|0x00000000b5c00000, 0x00000000b5d00000, 0x00000000b5d00000|100%|HC|  |TAMS 0x00000000b5c00000| PB 0x00000000b5c00000| Complete 
| 861|0x00000000b5d00000, 0x00000000b5e00000, 0x00000000b5e00000|100%|HC|  |TAMS 0x00000000b5d00000| PB 0x00000000b5d00000| Complete 
| 862|0x00000000b5e00000, 0x00000000b5f00000, 0x00000000b5f00000|100%|HC|  |TAMS 0x00000000b5e00000| PB 0x00000000b5e00000| Complete 
| 863|0x00000000b5f00000, 0x00000000b6000000, 0x00000000b6000000|100%|HC|  |TAMS 0x00000000b5f00000| PB 0x00000000b5f00000| Complete 
| 864|0x00000000b6000000, 0x00000000b6100000, 0x00000000b6100000|100%|HC|  |TAMS 0x00000000b6000000| PB 0x00000000b6000000| Complete 
| 865|0x00000000b6100000, 0x00000000b6200000, 0x00000000b6200000|100%|HC|  |TAMS 0x00000000b6100000| PB 0x00000000b6100000| Complete 
| 866|0x00000000b6200000, 0x00000000b6300000, 0x00000000b6300000|100%|HC|  |TAMS 0x00000000b6200000| PB 0x00000000b6200000| Complete 
| 867|0x00000000b6300000, 0x00000000b6400000, 0x00000000b6400000|100%|HC|  |TAMS 0x00000000b6300000| PB 0x00000000b6300000| Complete 
| 868|0x00000000b6400000, 0x00000000b6500000, 0x00000000b6500000|100%|HC|  |TAMS 0x00000000b6400000| PB 0x00000000b6400000| Complete 
| 869|0x00000000b6500000, 0x00000000b6600000, 0x00000000b6600000|100%|HC|  |TAMS 0x00000000b6500000| PB 0x00000000b6500000| Complete 
| 870|0x00000000b6600000, 0x00000000b6700000, 0x00000000b6700000|100%|HC|  |TAMS 0x00000000b6600000| PB 0x00000000b6600000| Complete 
| 871|0x00000000b6700000, 0x00000000b6800000, 0x00000000b6800000|100%|HC|  |TAMS 0x00000000b6700000| PB 0x00000000b6700000| Complete 
| 872|0x00000000b6800000, 0x00000000b6800000, 0x00000000b6900000|  0%| F|  |TAMS 0x00000000b6800000| PB 0x00000000b6800000| Untracked 
| 873|0x00000000b6900000, 0x00000000b6900000, 0x00000000b6a00000|  0%| F|  |TAMS 0x00000000b6900000| PB 0x00000000b6900000| Untracked 
| 874|0x00000000b6a00000, 0x00000000b6a00000, 0x00000000b6b00000|  0%| F|  |TAMS 0x00000000b6a00000| PB 0x00000000b6a00000| Untracked 
| 875|0x00000000b6b00000, 0x00000000b6b00000, 0x00000000b6c00000|  0%| F|  |TAMS 0x00000000b6b00000| PB 0x00000000b6b00000| Untracked 
| 876|0x00000000b6c00000, 0x00000000b6c00000, 0x00000000b6d00000|  0%| F|  |TAMS 0x00000000b6c00000| PB 0x00000000b6c00000| Untracked 
| 877|0x00000000b6d00000, 0x00000000b6d00000, 0x00000000b6e00000|  0%| F|  |TAMS 0x00000000b6d00000| PB 0x00000000b6d00000| Untracked 
| 878|0x00000000b6e00000, 0x00000000b6e00000, 0x00000000b6f00000|  0%| F|  |TAMS 0x00000000b6e00000| PB 0x00000000b6e00000| Untracked 
| 879|0x00000000b6f00000, 0x00000000b6f00000, 0x00000000b7000000|  0%| F|  |TAMS 0x00000000b6f00000| PB 0x00000000b6f00000| Untracked 
| 880|0x00000000b7000000, 0x00000000b7000000, 0x00000000b7100000|  0%| F|  |TAMS 0x00000000b7000000| PB 0x00000000b7000000| Untracked 
| 881|0x00000000b7100000, 0x00000000b7100000, 0x00000000b7200000|  0%| F|  |TAMS 0x00000000b7100000| PB 0x00000000b7100000| Untracked 
| 882|0x00000000b7200000, 0x00000000b7200000, 0x00000000b7300000|  0%| F|  |TAMS 0x00000000b7200000| PB 0x00000000b7200000| Untracked 
| 883|0x00000000b7300000, 0x00000000b7300000, 0x00000000b7400000|  0%| F|  |TAMS 0x00000000b7300000| PB 0x00000000b7300000| Untracked 
| 884|0x00000000b7400000, 0x00000000b7400000, 0x00000000b7500000|  0%| F|  |TAMS 0x00000000b7400000| PB 0x00000000b7400000| Untracked 
| 885|0x00000000b7500000, 0x00000000b7500000, 0x00000000b7600000|  0%| F|  |TAMS 0x00000000b7500000| PB 0x00000000b7500000| Untracked 
| 886|0x00000000b7600000, 0x00000000b7600000, 0x00000000b7700000|  0%| F|  |TAMS 0x00000000b7600000| PB 0x00000000b7600000| Untracked 
| 887|0x00000000b7700000, 0x00000000b7700000, 0x00000000b7800000|  0%| F|  |TAMS 0x00000000b7700000| PB 0x00000000b7700000| Untracked 
| 888|0x00000000b7800000, 0x00000000b7800000, 0x00000000b7900000|  0%| F|  |TAMS 0x00000000b7800000| PB 0x00000000b7800000| Untracked 
| 889|0x00000000b7900000, 0x00000000b7900000, 0x00000000b7a00000|  0%| F|  |TAMS 0x00000000b7900000| PB 0x00000000b7900000| Untracked 
| 890|0x00000000b7a00000, 0x00000000b7a00000, 0x00000000b7b00000|  0%| F|  |TAMS 0x00000000b7a00000| PB 0x00000000b7a00000| Untracked 
| 891|0x00000000b7b00000, 0x00000000b7b00000, 0x00000000b7c00000|  0%| F|  |TAMS 0x00000000b7b00000| PB 0x00000000b7b00000| Untracked 
| 892|0x00000000b7c00000, 0x00000000b7c00000, 0x00000000b7d00000|  0%| F|  |TAMS 0x00000000b7c00000| PB 0x00000000b7c00000| Untracked 
| 893|0x00000000b7d00000, 0x00000000b7d00000, 0x00000000b7e00000|  0%| F|  |TAMS 0x00000000b7d00000| PB 0x00000000b7d00000| Untracked 
| 894|0x00000000b7e00000, 0x00000000b7e00000, 0x00000000b7f00000|  0%| F|  |TAMS 0x00000000b7e00000| PB 0x00000000b7e00000| Untracked 
| 895|0x00000000b7f00000, 0x00000000b7f00000, 0x00000000b8000000|  0%| F|  |TAMS 0x00000000b7f00000| PB 0x00000000b7f00000| Untracked 
| 896|0x00000000b8000000, 0x00000000b8000000, 0x00000000b8100000|  0%| F|  |TAMS 0x00000000b8000000| PB 0x00000000b8000000| Untracked 
| 897|0x00000000b8100000, 0x00000000b8100000, 0x00000000b8200000|  0%| F|  |TAMS 0x00000000b8100000| PB 0x00000000b8100000| Untracked 
| 898|0x00000000b8200000, 0x00000000b8200000, 0x00000000b8300000|  0%| F|  |TAMS 0x00000000b8200000| PB 0x00000000b8200000| Untracked 
| 899|0x00000000b8300000, 0x00000000b8300000, 0x00000000b8400000|  0%| F|  |TAMS 0x00000000b8300000| PB 0x00000000b8300000| Untracked 
| 900|0x00000000b8400000, 0x00000000b8400000, 0x00000000b8500000|  0%| F|  |TAMS 0x00000000b8400000| PB 0x00000000b8400000| Untracked 
| 901|0x00000000b8500000, 0x00000000b8500000, 0x00000000b8600000|  0%| F|  |TAMS 0x00000000b8500000| PB 0x00000000b8500000| Untracked 
| 902|0x00000000b8600000, 0x00000000b8600000, 0x00000000b8700000|  0%| F|  |TAMS 0x00000000b8600000| PB 0x00000000b8600000| Untracked 
| 903|0x00000000b8700000, 0x00000000b8700000, 0x00000000b8800000|  0%| F|  |TAMS 0x00000000b8700000| PB 0x00000000b8700000| Untracked 
| 904|0x00000000b8800000, 0x00000000b8800000, 0x00000000b8900000|  0%| F|  |TAMS 0x00000000b8800000| PB 0x00000000b8800000| Untracked 
| 905|0x00000000b8900000, 0x00000000b8900000, 0x00000000b8a00000|  0%| F|  |TAMS 0x00000000b8900000| PB 0x00000000b8900000| Untracked 
| 906|0x00000000b8a00000, 0x00000000b8a00000, 0x00000000b8b00000|  0%| F|  |TAMS 0x00000000b8a00000| PB 0x00000000b8a00000| Untracked 
| 907|0x00000000b8b00000, 0x00000000b8b00000, 0x00000000b8c00000|  0%| F|  |TAMS 0x00000000b8b00000| PB 0x00000000b8b00000| Untracked 
| 908|0x00000000b8c00000, 0x00000000b8c00000, 0x00000000b8d00000|  0%| F|  |TAMS 0x00000000b8c00000| PB 0x00000000b8c00000| Untracked 
| 909|0x00000000b8d00000, 0x00000000b8d00000, 0x00000000b8e00000|  0%| F|  |TAMS 0x00000000b8d00000| PB 0x00000000b8d00000| Untracked 
| 910|0x00000000b8e00000, 0x00000000b8e00000, 0x00000000b8f00000|  0%| F|  |TAMS 0x00000000b8e00000| PB 0x00000000b8e00000| Untracked 
| 911|0x00000000b8f00000, 0x00000000b8f00000, 0x00000000b9000000|  0%| F|  |TAMS 0x00000000b8f00000| PB 0x00000000b8f00000| Untracked 
| 912|0x00000000b9000000, 0x00000000b9000000, 0x00000000b9100000|  0%| F|  |TAMS 0x00000000b9000000| PB 0x00000000b9000000| Untracked 
| 913|0x00000000b9100000, 0x00000000b9100000, 0x00000000b9200000|  0%| F|  |TAMS 0x00000000b9100000| PB 0x00000000b9100000| Untracked 
| 914|0x00000000b9200000, 0x00000000b9200000, 0x00000000b9300000|  0%| F|  |TAMS 0x00000000b9200000| PB 0x00000000b9200000| Untracked 
| 915|0x00000000b9300000, 0x00000000b9300000, 0x00000000b9400000|  0%| F|  |TAMS 0x00000000b9300000| PB 0x00000000b9300000| Untracked 
| 916|0x00000000b9400000, 0x00000000b9400000, 0x00000000b9500000|  0%| F|  |TAMS 0x00000000b9400000| PB 0x00000000b9400000| Untracked 
| 917|0x00000000b9500000, 0x00000000b9500000, 0x00000000b9600000|  0%| F|  |TAMS 0x00000000b9500000| PB 0x00000000b9500000| Untracked 
| 918|0x00000000b9600000, 0x00000000b9600000, 0x00000000b9700000|  0%| F|  |TAMS 0x00000000b9600000| PB 0x00000000b9600000| Untracked 
| 919|0x00000000b9700000, 0x00000000b9700000, 0x00000000b9800000|  0%| F|  |TAMS 0x00000000b9700000| PB 0x00000000b9700000| Untracked 
| 920|0x00000000b9800000, 0x00000000b9800000, 0x00000000b9900000|  0%| F|  |TAMS 0x00000000b9800000| PB 0x00000000b9800000| Untracked 
| 921|0x00000000b9900000, 0x00000000b9900000, 0x00000000b9a00000|  0%| F|  |TAMS 0x00000000b9900000| PB 0x00000000b9900000| Untracked 
| 922|0x00000000b9a00000, 0x00000000b9a00000, 0x00000000b9b00000|  0%| F|  |TAMS 0x00000000b9a00000| PB 0x00000000b9a00000| Untracked 
| 923|0x00000000b9b00000, 0x00000000b9b00000, 0x00000000b9c00000|  0%| F|  |TAMS 0x00000000b9b00000| PB 0x00000000b9b00000| Untracked 
| 924|0x00000000b9c00000, 0x00000000b9c00000, 0x00000000b9d00000|  0%| F|  |TAMS 0x00000000b9c00000| PB 0x00000000b9c00000| Untracked 
| 925|0x00000000b9d00000, 0x00000000b9d00000, 0x00000000b9e00000|  0%| F|  |TAMS 0x00000000b9d00000| PB 0x00000000b9d00000| Untracked 
| 926|0x00000000b9e00000, 0x00000000b9e00000, 0x00000000b9f00000|  0%| F|  |TAMS 0x00000000b9e00000| PB 0x00000000b9e00000| Untracked 
| 927|0x00000000b9f00000, 0x00000000b9f00000, 0x00000000ba000000|  0%| F|  |TAMS 0x00000000b9f00000| PB 0x00000000b9f00000| Untracked 
| 928|0x00000000ba000000, 0x00000000ba000000, 0x00000000ba100000|  0%| F|  |TAMS 0x00000000ba000000| PB 0x00000000ba000000| Untracked 
| 929|0x00000000ba100000, 0x00000000ba100000, 0x00000000ba200000|  0%| F|  |TAMS 0x00000000ba100000| PB 0x00000000ba100000| Untracked 
| 930|0x00000000ba200000, 0x00000000ba200000, 0x00000000ba300000|  0%| F|  |TAMS 0x00000000ba200000| PB 0x00000000ba200000| Untracked 
| 931|0x00000000ba300000, 0x00000000ba300000, 0x00000000ba400000|  0%| F|  |TAMS 0x00000000ba300000| PB 0x00000000ba300000| Untracked 
| 932|0x00000000ba400000, 0x00000000ba400000, 0x00000000ba500000|  0%| F|  |TAMS 0x00000000ba400000| PB 0x00000000ba400000| Untracked 
| 933|0x00000000ba500000, 0x00000000ba500000, 0x00000000ba600000|  0%| F|  |TAMS 0x00000000ba500000| PB 0x00000000ba500000| Untracked 
| 934|0x00000000ba600000, 0x00000000ba600000, 0x00000000ba700000|  0%| F|  |TAMS 0x00000000ba600000| PB 0x00000000ba600000| Untracked 
| 935|0x00000000ba700000, 0x00000000ba700000, 0x00000000ba800000|  0%| F|  |TAMS 0x00000000ba700000| PB 0x00000000ba700000| Untracked 
| 936|0x00000000ba800000, 0x00000000ba800000, 0x00000000ba900000|  0%| F|  |TAMS 0x00000000ba800000| PB 0x00000000ba800000| Untracked 
| 937|0x00000000ba900000, 0x00000000ba900000, 0x00000000baa00000|  0%| F|  |TAMS 0x00000000ba900000| PB 0x00000000ba900000| Untracked 
| 938|0x00000000baa00000, 0x00000000baa00000, 0x00000000bab00000|  0%| F|  |TAMS 0x00000000baa00000| PB 0x00000000baa00000| Untracked 
| 939|0x00000000bab00000, 0x00000000bab00000, 0x00000000bac00000|  0%| F|  |TAMS 0x00000000bab00000| PB 0x00000000bab00000| Untracked 
| 940|0x00000000bac00000, 0x00000000bac00000, 0x00000000bad00000|  0%| F|  |TAMS 0x00000000bac00000| PB 0x00000000bac00000| Untracked 
| 941|0x00000000bad00000, 0x00000000bad00000, 0x00000000bae00000|  0%| F|  |TAMS 0x00000000bad00000| PB 0x00000000bad00000| Untracked 
| 942|0x00000000bae00000, 0x00000000bae00000, 0x00000000baf00000|  0%| F|  |TAMS 0x00000000bae00000| PB 0x00000000bae00000| Untracked 
| 943|0x00000000baf00000, 0x00000000baf80000, 0x00000000bb000000| 50%| S|CS|TAMS 0x00000000baf00000| PB 0x00000000baf00000| Complete 
| 944|0x00000000bb000000, 0x00000000bb100000, 0x00000000bb100000|100%| S|CS|TAMS 0x00000000bb000000| PB 0x00000000bb000000| Complete 
| 945|0x00000000bb100000, 0x00000000bb200000, 0x00000000bb200000|100%| S|CS|TAMS 0x00000000bb100000| PB 0x00000000bb100000| Complete 
| 946|0x00000000bb200000, 0x00000000bb300000, 0x00000000bb300000|100%| S|CS|TAMS 0x00000000bb200000| PB 0x00000000bb200000| Complete 
| 947|0x00000000bb300000, 0x00000000bb300000, 0x00000000bb400000|  0%| F|  |TAMS 0x00000000bb300000| PB 0x00000000bb300000| Untracked 
| 948|0x00000000bb400000, 0x00000000bb400000, 0x00000000bb500000|  0%| F|  |TAMS 0x00000000bb400000| PB 0x00000000bb400000| Untracked 
| 949|0x00000000bb500000, 0x00000000bb500000, 0x00000000bb600000|  0%| F|  |TAMS 0x00000000bb500000| PB 0x00000000bb500000| Untracked 
| 950|0x00000000bb600000, 0x00000000bb600000, 0x00000000bb700000|  0%| F|  |TAMS 0x00000000bb600000| PB 0x00000000bb600000| Untracked 
| 951|0x00000000bb700000, 0x00000000bb700000, 0x00000000bb800000|  0%| F|  |TAMS 0x00000000bb700000| PB 0x00000000bb700000| Untracked 
| 952|0x00000000bb800000, 0x00000000bb800000, 0x00000000bb900000|  0%| F|  |TAMS 0x00000000bb800000| PB 0x00000000bb800000| Untracked 
| 953|0x00000000bb900000, 0x00000000bb900000, 0x00000000bba00000|  0%| F|  |TAMS 0x00000000bb900000| PB 0x00000000bb900000| Untracked 
| 954|0x00000000bba00000, 0x00000000bba00000, 0x00000000bbb00000|  0%| F|  |TAMS 0x00000000bba00000| PB 0x00000000bba00000| Untracked 
| 955|0x00000000bbb00000, 0x00000000bbb00000, 0x00000000bbc00000|  0%| F|  |TAMS 0x00000000bbb00000| PB 0x00000000bbb00000| Untracked 
| 956|0x00000000bbc00000, 0x00000000bbc00000, 0x00000000bbd00000|  0%| F|  |TAMS 0x00000000bbc00000| PB 0x00000000bbc00000| Untracked 
| 957|0x00000000bbd00000, 0x00000000bbd00000, 0x00000000bbe00000|  0%| F|  |TAMS 0x00000000bbd00000| PB 0x00000000bbd00000| Untracked 
| 958|0x00000000bbe00000, 0x00000000bbe00000, 0x00000000bbf00000|  0%| F|  |TAMS 0x00000000bbe00000| PB 0x00000000bbe00000| Untracked 
| 959|0x00000000bbf00000, 0x00000000bbf00000, 0x00000000bc000000|  0%| F|  |TAMS 0x00000000bbf00000| PB 0x00000000bbf00000| Untracked 
| 960|0x00000000bc000000, 0x00000000bc000000, 0x00000000bc100000|  0%| F|  |TAMS 0x00000000bc000000| PB 0x00000000bc000000| Untracked 
| 961|0x00000000bc100000, 0x00000000bc100000, 0x00000000bc200000|  0%| F|  |TAMS 0x00000000bc100000| PB 0x00000000bc100000| Untracked 
| 962|0x00000000bc200000, 0x00000000bc200000, 0x00000000bc300000|  0%| F|  |TAMS 0x00000000bc200000| PB 0x00000000bc200000| Untracked 
| 963|0x00000000bc300000, 0x00000000bc300000, 0x00000000bc400000|  0%| F|  |TAMS 0x00000000bc300000| PB 0x00000000bc300000| Untracked 
| 964|0x00000000bc400000, 0x00000000bc400000, 0x00000000bc500000|  0%| F|  |TAMS 0x00000000bc400000| PB 0x00000000bc400000| Untracked 
| 965|0x00000000bc500000, 0x00000000bc500000, 0x00000000bc600000|  0%| F|  |TAMS 0x00000000bc500000| PB 0x00000000bc500000| Untracked 
| 966|0x00000000bc600000, 0x00000000bc600000, 0x00000000bc700000|  0%| F|  |TAMS 0x00000000bc600000| PB 0x00000000bc600000| Untracked 
| 967|0x00000000bc700000, 0x00000000bc700000, 0x00000000bc800000|  0%| F|  |TAMS 0x00000000bc700000| PB 0x00000000bc700000| Untracked 
| 968|0x00000000bc800000, 0x00000000bc800000, 0x00000000bc900000|  0%| F|  |TAMS 0x00000000bc800000| PB 0x00000000bc800000| Untracked 
| 969|0x00000000bc900000, 0x00000000bc900000, 0x00000000bca00000|  0%| F|  |TAMS 0x00000000bc900000| PB 0x00000000bc900000| Untracked 
| 970|0x00000000bca00000, 0x00000000bca00000, 0x00000000bcb00000|  0%| F|  |TAMS 0x00000000bca00000| PB 0x00000000bca00000| Untracked 
| 971|0x00000000bcb00000, 0x00000000bcb00000, 0x00000000bcc00000|  0%| F|  |TAMS 0x00000000bcb00000| PB 0x00000000bcb00000| Untracked 
| 972|0x00000000bcc00000, 0x00000000bcc00000, 0x00000000bcd00000|  0%| F|  |TAMS 0x00000000bcc00000| PB 0x00000000bcc00000| Untracked 
| 973|0x00000000bcd00000, 0x00000000bcd00000, 0x00000000bce00000|  0%| F|  |TAMS 0x00000000bcd00000| PB 0x00000000bcd00000| Untracked 
| 974|0x00000000bce00000, 0x00000000bce00000, 0x00000000bcf00000|  0%| F|  |TAMS 0x00000000bce00000| PB 0x00000000bce00000| Untracked 
| 975|0x00000000bcf00000, 0x00000000bcf00000, 0x00000000bd000000|  0%| F|  |TAMS 0x00000000bcf00000| PB 0x00000000bcf00000| Untracked 
| 976|0x00000000bd000000, 0x00000000bd000000, 0x00000000bd100000|  0%| F|  |TAMS 0x00000000bd000000| PB 0x00000000bd000000| Untracked 
| 977|0x00000000bd100000, 0x00000000bd100000, 0x00000000bd200000|  0%| F|  |TAMS 0x00000000bd100000| PB 0x00000000bd100000| Untracked 
| 978|0x00000000bd200000, 0x00000000bd200000, 0x00000000bd300000|  0%| F|  |TAMS 0x00000000bd200000| PB 0x00000000bd200000| Untracked 
| 979|0x00000000bd300000, 0x00000000bd300000, 0x00000000bd400000|  0%| F|  |TAMS 0x00000000bd300000| PB 0x00000000bd300000| Untracked 
| 980|0x00000000bd400000, 0x00000000bd400000, 0x00000000bd500000|  0%| F|  |TAMS 0x00000000bd400000| PB 0x00000000bd400000| Untracked 
| 981|0x00000000bd500000, 0x00000000bd500000, 0x00000000bd600000|  0%| F|  |TAMS 0x00000000bd500000| PB 0x00000000bd500000| Untracked 
| 982|0x00000000bd600000, 0x00000000bd600000, 0x00000000bd700000|  0%| F|  |TAMS 0x00000000bd600000| PB 0x00000000bd600000| Untracked 
| 983|0x00000000bd700000, 0x00000000bd700000, 0x00000000bd800000|  0%| F|  |TAMS 0x00000000bd700000| PB 0x00000000bd700000| Untracked 
| 984|0x00000000bd800000, 0x00000000bd800000, 0x00000000bd900000|  0%| F|  |TAMS 0x00000000bd800000| PB 0x00000000bd800000| Untracked 
| 985|0x00000000bd900000, 0x00000000bd900000, 0x00000000bda00000|  0%| F|  |TAMS 0x00000000bd900000| PB 0x00000000bd900000| Untracked 
| 986|0x00000000bda00000, 0x00000000bda00000, 0x00000000bdb00000|  0%| F|  |TAMS 0x00000000bda00000| PB 0x00000000bda00000| Untracked 
| 987|0x00000000bdb00000, 0x00000000bdb00000, 0x00000000bdc00000|  0%| F|  |TAMS 0x00000000bdb00000| PB 0x00000000bdb00000| Untracked 
| 988|0x00000000bdc00000, 0x00000000bdc00000, 0x00000000bdd00000|  0%| F|  |TAMS 0x00000000bdc00000| PB 0x00000000bdc00000| Untracked 
| 989|0x00000000bdd00000, 0x00000000bdd00000, 0x00000000bde00000|  0%| F|  |TAMS 0x00000000bdd00000| PB 0x00000000bdd00000| Untracked 
| 990|0x00000000bde00000, 0x00000000bde00000, 0x00000000bdf00000|  0%| F|  |TAMS 0x00000000bde00000| PB 0x00000000bde00000| Untracked 
| 991|0x00000000bdf00000, 0x00000000bdf00000, 0x00000000be000000|  0%| F|  |TAMS 0x00000000bdf00000| PB 0x00000000bdf00000| Untracked 
| 992|0x00000000be000000, 0x00000000be000000, 0x00000000be100000|  0%| F|  |TAMS 0x00000000be000000| PB 0x00000000be000000| Untracked 
| 993|0x00000000be100000, 0x00000000be100000, 0x00000000be200000|  0%| F|  |TAMS 0x00000000be100000| PB 0x00000000be100000| Untracked 
| 994|0x00000000be200000, 0x00000000be200000, 0x00000000be300000|  0%| F|  |TAMS 0x00000000be200000| PB 0x00000000be200000| Untracked 
| 995|0x00000000be300000, 0x00000000be300000, 0x00000000be400000|  0%| F|  |TAMS 0x00000000be300000| PB 0x00000000be300000| Untracked 
| 996|0x00000000be400000, 0x00000000be400000, 0x00000000be500000|  0%| F|  |TAMS 0x00000000be400000| PB 0x00000000be400000| Untracked 
| 997|0x00000000be500000, 0x00000000be500000, 0x00000000be600000|  0%| F|  |TAMS 0x00000000be500000| PB 0x00000000be500000| Untracked 
| 998|0x00000000be600000, 0x00000000be600000, 0x00000000be700000|  0%| F|  |TAMS 0x00000000be600000| PB 0x00000000be600000| Untracked 
| 999|0x00000000be700000, 0x00000000be700000, 0x00000000be800000|  0%| F|  |TAMS 0x00000000be700000| PB 0x00000000be700000| Untracked 
|1000|0x00000000be800000, 0x00000000be800000, 0x00000000be900000|  0%| F|  |TAMS 0x00000000be800000| PB 0x00000000be800000| Untracked 
|1001|0x00000000be900000, 0x00000000be900000, 0x00000000bea00000|  0%| F|  |TAMS 0x00000000be900000| PB 0x00000000be900000| Untracked 
|1002|0x00000000bea00000, 0x00000000bea00000, 0x00000000beb00000|  0%| F|  |TAMS 0x00000000bea00000| PB 0x00000000bea00000| Untracked 
|1003|0x00000000beb00000, 0x00000000beb00000, 0x00000000bec00000|  0%| F|  |TAMS 0x00000000beb00000| PB 0x00000000beb00000| Untracked 
|1004|0x00000000bec00000, 0x00000000bec00000, 0x00000000bed00000|  0%| F|  |TAMS 0x00000000bec00000| PB 0x00000000bec00000| Untracked 
|1005|0x00000000bed00000, 0x00000000bed00000, 0x00000000bee00000|  0%| F|  |TAMS 0x00000000bed00000| PB 0x00000000bed00000| Untracked 
|1006|0x00000000bee00000, 0x00000000bee00000, 0x00000000bef00000|  0%| F|  |TAMS 0x00000000bee00000| PB 0x00000000bee00000| Untracked 
|1007|0x00000000bef00000, 0x00000000bef00000, 0x00000000bf000000|  0%| F|  |TAMS 0x00000000bef00000| PB 0x00000000bef00000| Untracked 
|1008|0x00000000bf000000, 0x00000000bf000000, 0x00000000bf100000|  0%| F|  |TAMS 0x00000000bf000000| PB 0x00000000bf000000| Untracked 
|1009|0x00000000bf100000, 0x00000000bf100000, 0x00000000bf200000|  0%| F|  |TAMS 0x00000000bf100000| PB 0x00000000bf100000| Untracked 
|1010|0x00000000bf200000, 0x00000000bf200000, 0x00000000bf300000|  0%| F|  |TAMS 0x00000000bf200000| PB 0x00000000bf200000| Untracked 
|1011|0x00000000bf300000, 0x00000000bf300000, 0x00000000bf400000|  0%| F|  |TAMS 0x00000000bf300000| PB 0x00000000bf300000| Untracked 
|1012|0x00000000bf400000, 0x00000000bf400000, 0x00000000bf500000|  0%| F|  |TAMS 0x00000000bf400000| PB 0x00000000bf400000| Untracked 
|1013|0x00000000bf500000, 0x00000000bf500000, 0x00000000bf600000|  0%| F|  |TAMS 0x00000000bf500000| PB 0x00000000bf500000| Untracked 
|1014|0x00000000bf600000, 0x00000000bf600000, 0x00000000bf700000|  0%| F|  |TAMS 0x00000000bf600000| PB 0x00000000bf600000| Untracked 
|1015|0x00000000bf700000, 0x00000000bf700000, 0x00000000bf800000|  0%| F|  |TAMS 0x00000000bf700000| PB 0x00000000bf700000| Untracked 
|1016|0x00000000bf800000, 0x00000000bf800000, 0x00000000bf900000|  0%| F|  |TAMS 0x00000000bf800000| PB 0x00000000bf800000| Untracked 
|1017|0x00000000bf900000, 0x00000000bf900000, 0x00000000bfa00000|  0%| F|  |TAMS 0x00000000bf900000| PB 0x00000000bf900000| Untracked 
|1018|0x00000000bfa00000, 0x00000000bfa00000, 0x00000000bfb00000|  0%| F|  |TAMS 0x00000000bfa00000| PB 0x00000000bfa00000| Untracked 
|1019|0x00000000bfb00000, 0x00000000bfb00000, 0x00000000bfc00000|  0%| F|  |TAMS 0x00000000bfb00000| PB 0x00000000bfb00000| Untracked 
|1020|0x00000000bfc00000, 0x00000000bfc00000, 0x00000000bfd00000|  0%| F|  |TAMS 0x00000000bfc00000| PB 0x00000000bfc00000| Untracked 
|1021|0x00000000bfd00000, 0x00000000bfd00000, 0x00000000bfe00000|  0%| F|  |TAMS 0x00000000bfd00000| PB 0x00000000bfd00000| Untracked 
|1022|0x00000000bfe00000, 0x00000000bfe00000, 0x00000000bff00000|  0%| F|  |TAMS 0x00000000bfe00000| PB 0x00000000bfe00000| Untracked 
|1023|0x00000000bff00000, 0x00000000bff00000, 0x00000000c0000000|  0%| F|  |TAMS 0x00000000bff00000| PB 0x00000000bff00000| Untracked 
|1024|0x00000000c0000000, 0x00000000c0000000, 0x00000000c0100000|  0%| F|  |TAMS 0x00000000c0000000| PB 0x00000000c0000000| Untracked 
|1025|0x00000000c0100000, 0x00000000c0100000, 0x00000000c0200000|  0%| F|  |TAMS 0x00000000c0100000| PB 0x00000000c0100000| Untracked 
|1026|0x00000000c0200000, 0x00000000c0200000, 0x00000000c0300000|  0%| F|  |TAMS 0x00000000c0200000| PB 0x00000000c0200000| Untracked 
|1027|0x00000000c0300000, 0x00000000c0300000, 0x00000000c0400000|  0%| F|  |TAMS 0x00000000c0300000| PB 0x00000000c0300000| Untracked 
|1028|0x00000000c0400000, 0x00000000c0400000, 0x00000000c0500000|  0%| F|  |TAMS 0x00000000c0400000| PB 0x00000000c0400000| Untracked 
|1029|0x00000000c0500000, 0x00000000c0500000, 0x00000000c0600000|  0%| F|  |TAMS 0x00000000c0500000| PB 0x00000000c0500000| Untracked 
|1030|0x00000000c0600000, 0x00000000c0600000, 0x00000000c0700000|  0%| F|  |TAMS 0x00000000c0600000| PB 0x00000000c0600000| Untracked 
|1031|0x00000000c0700000, 0x00000000c0700000, 0x00000000c0800000|  0%| F|  |TAMS 0x00000000c0700000| PB 0x00000000c0700000| Untracked 
|1032|0x00000000c0800000, 0x00000000c0800000, 0x00000000c0900000|  0%| F|  |TAMS 0x00000000c0800000| PB 0x00000000c0800000| Untracked 
|1033|0x00000000c0900000, 0x00000000c0900000, 0x00000000c0a00000|  0%| F|  |TAMS 0x00000000c0900000| PB 0x00000000c0900000| Untracked 
|1034|0x00000000c0a00000, 0x00000000c0a00000, 0x00000000c0b00000|  0%| F|  |TAMS 0x00000000c0a00000| PB 0x00000000c0a00000| Untracked 
|1035|0x00000000c0b00000, 0x00000000c0b00000, 0x00000000c0c00000|  0%| F|  |TAMS 0x00000000c0b00000| PB 0x00000000c0b00000| Untracked 
|1036|0x00000000c0c00000, 0x00000000c0c00000, 0x00000000c0d00000|  0%| F|  |TAMS 0x00000000c0c00000| PB 0x00000000c0c00000| Untracked 
|1037|0x00000000c0d00000, 0x00000000c0d00000, 0x00000000c0e00000|  0%| F|  |TAMS 0x00000000c0d00000| PB 0x00000000c0d00000| Untracked 
|1038|0x00000000c0e00000, 0x00000000c0e00000, 0x00000000c0f00000|  0%| F|  |TAMS 0x00000000c0e00000| PB 0x00000000c0e00000| Untracked 
|1039|0x00000000c0f00000, 0x00000000c0f00000, 0x00000000c1000000|  0%| F|  |TAMS 0x00000000c0f00000| PB 0x00000000c0f00000| Untracked 
|1040|0x00000000c1000000, 0x00000000c1000000, 0x00000000c1100000|  0%| F|  |TAMS 0x00000000c1000000| PB 0x00000000c1000000| Untracked 
|1041|0x00000000c1100000, 0x00000000c1100000, 0x00000000c1200000|  0%| F|  |TAMS 0x00000000c1100000| PB 0x00000000c1100000| Untracked 
|1042|0x00000000c1200000, 0x00000000c1200000, 0x00000000c1300000|  0%| F|  |TAMS 0x00000000c1200000| PB 0x00000000c1200000| Untracked 
|1043|0x00000000c1300000, 0x00000000c1300000, 0x00000000c1400000|  0%| F|  |TAMS 0x00000000c1300000| PB 0x00000000c1300000| Untracked 
|1044|0x00000000c1400000, 0x00000000c1400000, 0x00000000c1500000|  0%| F|  |TAMS 0x00000000c1400000| PB 0x00000000c1400000| Untracked 
|1045|0x00000000c1500000, 0x00000000c1500000, 0x00000000c1600000|  0%| F|  |TAMS 0x00000000c1500000| PB 0x00000000c1500000| Untracked 
|1046|0x00000000c1600000, 0x00000000c1600000, 0x00000000c1700000|  0%| F|  |TAMS 0x00000000c1600000| PB 0x00000000c1600000| Untracked 
|1047|0x00000000c1700000, 0x00000000c1700000, 0x00000000c1800000|  0%| F|  |TAMS 0x00000000c1700000| PB 0x00000000c1700000| Untracked 
|1048|0x00000000c1800000, 0x00000000c1800000, 0x00000000c1900000|  0%| F|  |TAMS 0x00000000c1800000| PB 0x00000000c1800000| Untracked 
|1049|0x00000000c1900000, 0x00000000c1900000, 0x00000000c1a00000|  0%| F|  |TAMS 0x00000000c1900000| PB 0x00000000c1900000| Untracked 
|1050|0x00000000c1a00000, 0x00000000c1a00000, 0x00000000c1b00000|  0%| F|  |TAMS 0x00000000c1a00000| PB 0x00000000c1a00000| Untracked 
|1051|0x00000000c1b00000, 0x00000000c1b00000, 0x00000000c1c00000|  0%| F|  |TAMS 0x00000000c1b00000| PB 0x00000000c1b00000| Untracked 
|1052|0x00000000c1c00000, 0x00000000c1c00000, 0x00000000c1d00000|  0%| F|  |TAMS 0x00000000c1c00000| PB 0x00000000c1c00000| Untracked 
|1053|0x00000000c1d00000, 0x00000000c1d00000, 0x00000000c1e00000|  0%| F|  |TAMS 0x00000000c1d00000| PB 0x00000000c1d00000| Untracked 
|1054|0x00000000c1e00000, 0x00000000c1e00000, 0x00000000c1f00000|  0%| F|  |TAMS 0x00000000c1e00000| PB 0x00000000c1e00000| Untracked 
|1055|0x00000000c1f00000, 0x00000000c1f00000, 0x00000000c2000000|  0%| F|  |TAMS 0x00000000c1f00000| PB 0x00000000c1f00000| Untracked 
|1056|0x00000000c2000000, 0x00000000c2000000, 0x00000000c2100000|  0%| F|  |TAMS 0x00000000c2000000| PB 0x00000000c2000000| Untracked 
|1057|0x00000000c2100000, 0x00000000c2100000, 0x00000000c2200000|  0%| F|  |TAMS 0x00000000c2100000| PB 0x00000000c2100000| Untracked 
|1058|0x00000000c2200000, 0x00000000c2200000, 0x00000000c2300000|  0%| F|  |TAMS 0x00000000c2200000| PB 0x00000000c2200000| Untracked 
|1059|0x00000000c2300000, 0x00000000c2300000, 0x00000000c2400000|  0%| F|  |TAMS 0x00000000c2300000| PB 0x00000000c2300000| Untracked 
|1060|0x00000000c2400000, 0x00000000c2400000, 0x00000000c2500000|  0%| F|  |TAMS 0x00000000c2400000| PB 0x00000000c2400000| Untracked 
|1061|0x00000000c2500000, 0x00000000c2500000, 0x00000000c2600000|  0%| F|  |TAMS 0x00000000c2500000| PB 0x00000000c2500000| Untracked 
|1062|0x00000000c2600000, 0x00000000c2600000, 0x00000000c2700000|  0%| F|  |TAMS 0x00000000c2600000| PB 0x00000000c2600000| Untracked 
|1063|0x00000000c2700000, 0x00000000c2700000, 0x00000000c2800000|  0%| F|  |TAMS 0x00000000c2700000| PB 0x00000000c2700000| Untracked 
|1064|0x00000000c2800000, 0x00000000c2800000, 0x00000000c2900000|  0%| F|  |TAMS 0x00000000c2800000| PB 0x00000000c2800000| Untracked 
|1065|0x00000000c2900000, 0x00000000c2900000, 0x00000000c2a00000|  0%| F|  |TAMS 0x00000000c2900000| PB 0x00000000c2900000| Untracked 
|1066|0x00000000c2a00000, 0x00000000c2a00000, 0x00000000c2b00000|  0%| F|  |TAMS 0x00000000c2a00000| PB 0x00000000c2a00000| Untracked 
|1067|0x00000000c2b00000, 0x00000000c2b00000, 0x00000000c2c00000|  0%| F|  |TAMS 0x00000000c2b00000| PB 0x00000000c2b00000| Untracked 
|1068|0x00000000c2c00000, 0x00000000c2c00000, 0x00000000c2d00000|  0%| F|  |TAMS 0x00000000c2c00000| PB 0x00000000c2c00000| Untracked 
|1069|0x00000000c2d00000, 0x00000000c2d00000, 0x00000000c2e00000|  0%| F|  |TAMS 0x00000000c2d00000| PB 0x00000000c2d00000| Untracked 
|1070|0x00000000c2e00000, 0x00000000c2e00000, 0x00000000c2f00000|  0%| F|  |TAMS 0x00000000c2e00000| PB 0x00000000c2e00000| Untracked 
|1071|0x00000000c2f00000, 0x00000000c2f00000, 0x00000000c3000000|  0%| F|  |TAMS 0x00000000c2f00000| PB 0x00000000c2f00000| Untracked 
|1072|0x00000000c3000000, 0x00000000c3000000, 0x00000000c3100000|  0%| F|  |TAMS 0x00000000c3000000| PB 0x00000000c3000000| Untracked 
|1073|0x00000000c3100000, 0x00000000c3100000, 0x00000000c3200000|  0%| F|  |TAMS 0x00000000c3100000| PB 0x00000000c3100000| Untracked 
|1074|0x00000000c3200000, 0x00000000c3200000, 0x00000000c3300000|  0%| F|  |TAMS 0x00000000c3200000| PB 0x00000000c3200000| Untracked 
|1075|0x00000000c3300000, 0x00000000c3300000, 0x00000000c3400000|  0%| F|  |TAMS 0x00000000c3300000| PB 0x00000000c3300000| Untracked 
|1076|0x00000000c3400000, 0x00000000c3400000, 0x00000000c3500000|  0%| F|  |TAMS 0x00000000c3400000| PB 0x00000000c3400000| Untracked 
|1077|0x00000000c3500000, 0x00000000c3500000, 0x00000000c3600000|  0%| F|  |TAMS 0x00000000c3500000| PB 0x00000000c3500000| Untracked 
|1078|0x00000000c3600000, 0x00000000c3600000, 0x00000000c3700000|  0%| F|  |TAMS 0x00000000c3600000| PB 0x00000000c3600000| Untracked 
|1079|0x00000000c3700000, 0x00000000c3700000, 0x00000000c3800000|  0%| F|  |TAMS 0x00000000c3700000| PB 0x00000000c3700000| Untracked 
|1080|0x00000000c3800000, 0x00000000c3880800, 0x00000000c3900000| 50%| E|  |TAMS 0x00000000c3800000| PB 0x00000000c3800000| Complete 
|1081|0x00000000c3900000, 0x00000000c3a00000, 0x00000000c3a00000|100%| E|CS|TAMS 0x00000000c3900000| PB 0x00000000c3900000| Complete 
|1082|0x00000000c3a00000, 0x00000000c3b00000, 0x00000000c3b00000|100%| E|CS|TAMS 0x00000000c3a00000| PB 0x00000000c3a00000| Complete 
|1083|0x00000000c3b00000, 0x00000000c3c00000, 0x00000000c3c00000|100%| E|CS|TAMS 0x00000000c3b00000| PB 0x00000000c3b00000| Complete 
|1084|0x00000000c3c00000, 0x00000000c3d00000, 0x00000000c3d00000|100%| E|CS|TAMS 0x00000000c3c00000| PB 0x00000000c3c00000| Complete 
|1085|0x00000000c3d00000, 0x00000000c3e00000, 0x00000000c3e00000|100%| E|CS|TAMS 0x00000000c3d00000| PB 0x00000000c3d00000| Complete 
|1086|0x00000000c3e00000, 0x00000000c3f00000, 0x00000000c3f00000|100%| E|CS|TAMS 0x00000000c3e00000| PB 0x00000000c3e00000| Complete 
|1087|0x00000000c3f00000, 0x00000000c4000000, 0x00000000c4000000|100%| E|CS|TAMS 0x00000000c3f00000| PB 0x00000000c3f00000| Complete 
|1088|0x00000000c4000000, 0x00000000c4100000, 0x00000000c4100000|100%| E|CS|TAMS 0x00000000c4000000| PB 0x00000000c4000000| Complete 
|1089|0x00000000c4100000, 0x00000000c4200000, 0x00000000c4200000|100%| E|CS|TAMS 0x00000000c4100000| PB 0x00000000c4100000| Complete 
|1090|0x00000000c4200000, 0x00000000c4300000, 0x00000000c4300000|100%| E|CS|TAMS 0x00000000c4200000| PB 0x00000000c4200000| Complete 
|1091|0x00000000c4300000, 0x00000000c4400000, 0x00000000c4400000|100%| E|CS|TAMS 0x00000000c4300000| PB 0x00000000c4300000| Complete 
|1092|0x00000000c4400000, 0x00000000c4500000, 0x00000000c4500000|100%| E|CS|TAMS 0x00000000c4400000| PB 0x00000000c4400000| Complete 
|1093|0x00000000c4500000, 0x00000000c4600000, 0x00000000c4600000|100%| E|CS|TAMS 0x00000000c4500000| PB 0x00000000c4500000| Complete 
|1094|0x00000000c4600000, 0x00000000c4700000, 0x00000000c4700000|100%| E|CS|TAMS 0x00000000c4600000| PB 0x00000000c4600000| Complete 
|1095|0x00000000c4700000, 0x00000000c4800000, 0x00000000c4800000|100%| E|CS|TAMS 0x00000000c4700000| PB 0x00000000c4700000| Complete 
|1096|0x00000000c4800000, 0x00000000c4900000, 0x00000000c4900000|100%| E|CS|TAMS 0x00000000c4800000| PB 0x00000000c4800000| Complete 
|1097|0x00000000c4900000, 0x00000000c4a00000, 0x00000000c4a00000|100%| E|CS|TAMS 0x00000000c4900000| PB 0x00000000c4900000| Complete 
|1098|0x00000000c4a00000, 0x00000000c4b00000, 0x00000000c4b00000|100%| E|CS|TAMS 0x00000000c4a00000| PB 0x00000000c4a00000| Complete 
|1099|0x00000000c4b00000, 0x00000000c4c00000, 0x00000000c4c00000|100%| E|CS|TAMS 0x00000000c4b00000| PB 0x00000000c4b00000| Complete 
|1100|0x00000000c4c00000, 0x00000000c4d00000, 0x00000000c4d00000|100%| E|CS|TAMS 0x00000000c4c00000| PB 0x00000000c4c00000| Complete 
|1101|0x00000000c4d00000, 0x00000000c4e00000, 0x00000000c4e00000|100%| E|CS|TAMS 0x00000000c4d00000| PB 0x00000000c4d00000| Complete 
|1102|0x00000000c4e00000, 0x00000000c4f00000, 0x00000000c4f00000|100%| E|CS|TAMS 0x00000000c4e00000| PB 0x00000000c4e00000| Complete 
|1103|0x00000000c4f00000, 0x00000000c5000000, 0x00000000c5000000|100%| E|CS|TAMS 0x00000000c4f00000| PB 0x00000000c4f00000| Complete 
|1104|0x00000000c5000000, 0x00000000c5100000, 0x00000000c5100000|100%| E|CS|TAMS 0x00000000c5000000| PB 0x00000000c5000000| Complete 
|1105|0x00000000c5100000, 0x00000000c5200000, 0x00000000c5200000|100%| E|CS|TAMS 0x00000000c5100000| PB 0x00000000c5100000| Complete 
|1106|0x00000000c5200000, 0x00000000c5300000, 0x00000000c5300000|100%| E|CS|TAMS 0x00000000c5200000| PB 0x00000000c5200000| Complete 
|1107|0x00000000c5300000, 0x00000000c5400000, 0x00000000c5400000|100%| E|CS|TAMS 0x00000000c5300000| PB 0x00000000c5300000| Complete 
|1108|0x00000000c5400000, 0x00000000c5500000, 0x00000000c5500000|100%| E|CS|TAMS 0x00000000c5400000| PB 0x00000000c5400000| Complete 
|1109|0x00000000c5500000, 0x00000000c5600000, 0x00000000c5600000|100%| E|CS|TAMS 0x00000000c5500000| PB 0x00000000c5500000| Complete 
|1110|0x00000000c5600000, 0x00000000c5700000, 0x00000000c5700000|100%| E|CS|TAMS 0x00000000c5600000| PB 0x00000000c5600000| Complete 
|1111|0x00000000c5700000, 0x00000000c5800000, 0x00000000c5800000|100%| E|CS|TAMS 0x00000000c5700000| PB 0x00000000c5700000| Complete 
|1112|0x00000000c5800000, 0x00000000c5900000, 0x00000000c5900000|100%| E|CS|TAMS 0x00000000c5800000| PB 0x00000000c5800000| Complete 
|1113|0x00000000c5900000, 0x00000000c5a00000, 0x00000000c5a00000|100%| E|CS|TAMS 0x00000000c5900000| PB 0x00000000c5900000| Complete 
|1114|0x00000000c5a00000, 0x00000000c5b00000, 0x00000000c5b00000|100%| E|CS|TAMS 0x00000000c5a00000| PB 0x00000000c5a00000| Complete 
|1115|0x00000000c5b00000, 0x00000000c5c00000, 0x00000000c5c00000|100%| E|CS|TAMS 0x00000000c5b00000| PB 0x00000000c5b00000| Complete 
|1116|0x00000000c5c00000, 0x00000000c5d00000, 0x00000000c5d00000|100%| E|CS|TAMS 0x00000000c5c00000| PB 0x00000000c5c00000| Complete 
|1117|0x00000000c5d00000, 0x00000000c5e00000, 0x00000000c5e00000|100%| E|CS|TAMS 0x00000000c5d00000| PB 0x00000000c5d00000| Complete 
|1118|0x00000000c5e00000, 0x00000000c5f00000, 0x00000000c5f00000|100%| E|CS|TAMS 0x00000000c5e00000| PB 0x00000000c5e00000| Complete 
|1119|0x00000000c5f00000, 0x00000000c6000000, 0x00000000c6000000|100%| E|CS|TAMS 0x00000000c5f00000| PB 0x00000000c5f00000| Complete 
|1120|0x00000000c6000000, 0x00000000c6100000, 0x00000000c6100000|100%| E|CS|TAMS 0x00000000c6000000| PB 0x00000000c6000000| Complete 
|1121|0x00000000c6100000, 0x00000000c6200000, 0x00000000c6200000|100%| E|CS|TAMS 0x00000000c6100000| PB 0x00000000c6100000| Complete 
|1122|0x00000000c6200000, 0x00000000c6300000, 0x00000000c6300000|100%| E|CS|TAMS 0x00000000c6200000| PB 0x00000000c6200000| Complete 
|1123|0x00000000c6300000, 0x00000000c6400000, 0x00000000c6400000|100%| E|CS|TAMS 0x00000000c6300000| PB 0x00000000c6300000| Complete 
|1124|0x00000000c6400000, 0x00000000c6500000, 0x00000000c6500000|100%| E|CS|TAMS 0x00000000c6400000| PB 0x00000000c6400000| Complete 
|1125|0x00000000c6500000, 0x00000000c6600000, 0x00000000c6600000|100%| E|CS|TAMS 0x00000000c6500000| PB 0x00000000c6500000| Complete 
|1126|0x00000000c6600000, 0x00000000c6700000, 0x00000000c6700000|100%| E|CS|TAMS 0x00000000c6600000| PB 0x00000000c6600000| Complete 
|1127|0x00000000c6700000, 0x00000000c6800000, 0x00000000c6800000|100%| E|CS|TAMS 0x00000000c6700000| PB 0x00000000c6700000| Complete 
|1128|0x00000000c6800000, 0x00000000c6900000, 0x00000000c6900000|100%| E|CS|TAMS 0x00000000c6800000| PB 0x00000000c6800000| Complete 
|1129|0x00000000c6900000, 0x00000000c6a00000, 0x00000000c6a00000|100%| E|CS|TAMS 0x00000000c6900000| PB 0x00000000c6900000| Complete 
|1130|0x00000000c6a00000, 0x00000000c6b00000, 0x00000000c6b00000|100%| E|CS|TAMS 0x00000000c6a00000| PB 0x00000000c6a00000| Complete 
|1131|0x00000000c6b00000, 0x00000000c6c00000, 0x00000000c6c00000|100%| E|CS|TAMS 0x00000000c6b00000| PB 0x00000000c6b00000| Complete 
|1132|0x00000000c6c00000, 0x00000000c6d00000, 0x00000000c6d00000|100%| E|CS|TAMS 0x00000000c6c00000| PB 0x00000000c6c00000| Complete 
|1133|0x00000000c6d00000, 0x00000000c6e00000, 0x00000000c6e00000|100%| E|CS|TAMS 0x00000000c6d00000| PB 0x00000000c6d00000| Complete 
|1134|0x00000000c6e00000, 0x00000000c6f00000, 0x00000000c6f00000|100%| E|CS|TAMS 0x00000000c6e00000| PB 0x00000000c6e00000| Complete 
|2013|0x00000000fdd00000, 0x00000000fde00000, 0x00000000fde00000|100%| O|  |TAMS 0x00000000fdd296c8| PB 0x00000000fdd296c8| Untracked 
|2014|0x00000000fde00000, 0x00000000fdf00000, 0x00000000fdf00000|100%| O|  |TAMS 0x00000000fdf00000| PB 0x00000000fdf00000| Untracked 
|2015|0x00000000fdf00000, 0x00000000fe000000, 0x00000000fe000000|100%| O|  |TAMS 0x00000000fe000000| PB 0x00000000fe000000| Untracked 
|2016|0x00000000fe000000, 0x00000000fe100000, 0x00000000fe100000|100%| O|  |TAMS 0x00000000fe100000| PB 0x00000000fe100000| Untracked 
|2017|0x00000000fe100000, 0x00000000fe200000, 0x00000000fe200000|100%| O|  |TAMS 0x00000000fe200000| PB 0x00000000fe200000| Updating 
|2018|0x00000000fe200000, 0x00000000fe300000, 0x00000000fe300000|100%| O|  |TAMS 0x00000000fe300000| PB 0x00000000fe300000| Untracked 
|2019|0x00000000fe300000, 0x00000000fe400000, 0x00000000fe400000|100%| O|  |TAMS 0x00000000fe400000| PB 0x00000000fe400000| Untracked 
|2020|0x00000000fe400000, 0x00000000fe500000, 0x00000000fe500000|100%| O|  |TAMS 0x00000000fe500000| PB 0x00000000fe500000| Untracked 
|2021|0x00000000fe500000, 0x00000000fe600000, 0x00000000fe600000|100%| O|  |TAMS 0x00000000fe600000| PB 0x00000000fe600000| Untracked 
|2022|0x00000000fe600000, 0x00000000fe700000, 0x00000000fe700000|100%| O|  |TAMS 0x00000000fe700000| PB 0x00000000fe700000| Untracked 
|2023|0x00000000fe700000, 0x00000000fe800000, 0x00000000fe800000|100%| O|  |TAMS 0x00000000fe800000| PB 0x00000000fe800000| Untracked 
|2024|0x00000000fe800000, 0x00000000fe900000, 0x00000000fe900000|100%| O|  |TAMS 0x00000000fe900000| PB 0x00000000fe900000| Updating 
|2025|0x00000000fe900000, 0x00000000fea00000, 0x00000000fea00000|100%| O|  |TAMS 0x00000000fea00000| PB 0x00000000fea00000| Untracked 
|2026|0x00000000fea00000, 0x00000000feb00000, 0x00000000feb00000|100%| O|  |TAMS 0x00000000feb00000| PB 0x00000000feb00000| Updating 
|2027|0x00000000feb00000, 0x00000000fec00000, 0x00000000fec00000|100%| E|CS|TAMS 0x00000000feb00000| PB 0x00000000feb00000| Complete 
|2028|0x00000000fec00000, 0x00000000fed00000, 0x00000000fed00000|100%| E|CS|TAMS 0x00000000fec00000| PB 0x00000000fec00000| Complete 
|2029|0x00000000fed00000, 0x00000000fee00000, 0x00000000fee00000|100%| O|  |TAMS 0x00000000fee00000| PB 0x00000000fee00000| Updating 
|2030|0x00000000fee00000, 0x00000000fef00000, 0x00000000fef00000|100%| O|  |TAMS 0x00000000fef00000| PB 0x00000000fef00000| Untracked 
|2031|0x00000000fef00000, 0x00000000ff000000, 0x00000000ff000000|100%| E|CS|TAMS 0x00000000fef00000| PB 0x00000000fef00000| Complete 
|2032|0x00000000ff000000, 0x00000000ff100000, 0x00000000ff100000|100%| O|  |TAMS 0x00000000ff100000| PB 0x00000000ff100000| Updating 
|2033|0x00000000ff100000, 0x00000000ff200000, 0x00000000ff200000|100%| E|CS|TAMS 0x00000000ff100000| PB 0x00000000ff100000| Complete 
|2034|0x00000000ff200000, 0x00000000ff300000, 0x00000000ff300000|100%| E|CS|TAMS 0x00000000ff200000| PB 0x00000000ff200000| Complete 
|2035|0x00000000ff300000, 0x00000000ff400000, 0x00000000ff400000|100%| O|  |TAMS 0x00000000ff400000| PB 0x00000000ff400000| Updating 
|2036|0x00000000ff400000, 0x00000000ff500000, 0x00000000ff500000|100%| E|CS|TAMS 0x00000000ff400000| PB 0x00000000ff400000| Complete 
|2037|0x00000000ff500000, 0x00000000ff600000, 0x00000000ff600000|100%| E|CS|TAMS 0x00000000ff500000| PB 0x00000000ff500000| Complete 
|2038|0x00000000ff600000, 0x00000000ff700000, 0x00000000ff700000|100%| E|CS|TAMS 0x00000000ff600000| PB 0x00000000ff600000| Complete 
|2039|0x00000000ff700000, 0x00000000ff800000, 0x00000000ff800000|100%| E|CS|TAMS 0x00000000ff700000| PB 0x00000000ff700000| Complete 
|2040|0x00000000ff800000, 0x00000000ff900000, 0x00000000ff900000|100%| O|  |TAMS 0x00000000ff900000| PB 0x00000000ff900000| Untracked 
|2041|0x00000000ff900000, 0x00000000ffa00000, 0x00000000ffa00000|100%| O|  |TAMS 0x00000000ffa00000| PB 0x00000000ffa00000| Untracked 
|2042|0x00000000ffa00000, 0x00000000ffb00000, 0x00000000ffb00000|100%| O|  |TAMS 0x00000000ffb00000| PB 0x00000000ffb00000| Untracked 
|2043|0x00000000ffb00000, 0x00000000ffc00000, 0x00000000ffc00000|100%| O|  |TAMS 0x00000000ffc00000| PB 0x00000000ffc00000| Untracked 
|2044|0x00000000ffc00000, 0x00000000ffd00000, 0x00000000ffd00000|100%| O|  |TAMS 0x00000000ffd00000| PB 0x00000000ffd00000| Untracked 
|2045|0x00000000ffd00000, 0x00000000ffe00000, 0x00000000ffe00000|100%| O|  |TAMS 0x00000000ffe00000| PB 0x00000000ffe00000| Untracked 
|2046|0x00000000ffe00000, 0x00000000fff00000, 0x00000000fff00000|100%| O|  |TAMS 0x00000000fff00000| PB 0x00000000fff00000| Untracked 
|2047|0x00000000fff00000, 0x0000000100000000, 0x0000000100000000|100%| O|  |TAMS 0x0000000100000000| PB 0x0000000100000000| Untracked 

Card table byte_map: [0x0000024cb5bb0000,0x0000024cb5fb0000] _byte_map_base: 0x0000024cb57b0000

Marking Bits: (CMBitMap*) 0x0000024ca147d4f0
 Bits: [0x0000024cb5fb0000, 0x0000024cb7fb0000)

Polling page: 0x0000024ca14f0000

Metaspace:

Usage:
  Non-class:    112.41 MB used.
      Class:     17.98 MB used.
       Both:    130.39 MB used.

Virtual space:
  Non-class space:      128.00 MB reserved,     113.44 MB ( 89%) committed,  2 nodes.
      Class space:        1.00 GB reserved,      19.12 MB (  2%) committed,  1 nodes.
             Both:        1.12 GB reserved,     132.56 MB ( 12%) committed. 

Chunk freelists:
   Non-Class:  13.69 MB
       Class:  12.92 MB
        Both:  26.61 MB

MaxMetaspaceSize: unlimited
CompressedClassSpaceSize: 1.00 GB
Initial GC threshold: 21.00 MB
Current GC threshold: 219.81 MB
CDS: off
 - commit_granule_bytes: 65536.
 - commit_granule_words: 8192.
 - virtual_space_node_default_size: 8388608.
 - enlarge_chunks_in_place: 1.
 - use_allocation_guard: 0.


Internal statistics:

num_allocs_failed_limit: 12.
num_arena_births: 4424.
num_arena_deaths: 0.
num_vsnodes_births: 3.
num_vsnodes_deaths: 0.
num_space_committed: 2120.
num_space_uncommitted: 0.
num_chunks_returned_to_freelist: 12.
num_chunks_taken_from_freelist: 10094.
num_chunk_merges: 12.
num_chunk_splits: 6602.
num_chunks_enlarged: 4216.
num_inconsistent_stats: 0.

CodeHeap 'non-profiled nmethods': size=120000Kb used=10894Kb max_used=11669Kb free=109105Kb
 bounds [0x0000024cad820000, 0x0000024cae390000, 0x0000024cb4d50000]
CodeHeap 'profiled nmethods': size=120000Kb used=28033Kb max_used=29548Kb free=91966Kb
 bounds [0x0000024ca5d50000, 0x0000024ca7a30000, 0x0000024cad280000]
CodeHeap 'non-nmethods': size=5760Kb used=2207Kb max_used=2309Kb free=3552Kb
 bounds [0x0000024cad280000, 0x0000024cad4f0000, 0x0000024cad820000]
 total_blobs=16525 nmethods=15601 adapters=827
 compilation: enabled
              stopped_count=0, restarted_count=0
 full_count=0

Compilation events (20 events):
Event: 41.557 Thread 0x0000024cbac76310 nmethod 19604 0x0000024cae364290 code [0x0000024cae3644a0, 0x0000024cae364b90]
Event: 41.562 Thread 0x0000024cc2213fb0 19695       4       com.android.tools.r8.graph.W2::equals (12 bytes)
Event: 41.563 Thread 0x0000024cc2213fb0 nmethod 19695 0x0000024cae365110 code [0x0000024cae3652a0, 0x0000024cae365360]
Event: 41.607 Thread 0x0000024cc2213fb0 19696       4       com.android.tools.r8.graph.O2$a::hashCode (11 bytes)
Event: 41.614 Thread 0x0000024cc2213fb0 nmethod 19696 0x0000024cae365410 code [0x0000024cae365640, 0x0000024cae365e20]
Event: 41.623 Thread 0x0000024cc2213fb0 19697       4       com.android.tools.r8.dex.L$$Lambda/0x000000010130fd70::accept (12 bytes)
Event: 41.626 Thread 0x0000024cbac76310 19698       4       com.android.tools.r8.dex.L$$Lambda/0x0000000101310a68::applyAsInt (12 bytes)
Event: 41.627 Thread 0x0000024cbac76310 nmethod 19698 0x0000024cae366190 code [0x0000024cae366340, 0x0000024cae366478]
Event: 41.627 Thread 0x0000024cbac76310 19699       4       com.android.tools.r8.dex.L::a (318 bytes)
Event: 41.818 Thread 0x0000024cbaca52d0 19701       1       com.android.tools.r8.dex.I::a (5 bytes)
Event: 41.819 Thread 0x0000024cbaca52d0 nmethod 19701 0x0000024cae366610 code [0x0000024cae3667a0, 0x0000024cae366868]
Event: 41.972 Thread 0x0000024cc2213fb0 nmethod 19697 0x0000024cae366910 code [0x0000024cae3674c0, 0x0000024cae36e3a8]
Event: 41.972 Thread 0x0000024cc2213fb0 19702       4       com.android.tools.r8.dex.L$$Lambda/0x0000000101311590::accept (12 bytes)
Event: 41.981 Thread 0x0000024cbac76310 nmethod 19699 0x0000024cae374990 code [0x0000024cae375540, 0x0000024cae37c228]
Event: 41.981 Thread 0x0000024cbac76310 19703       4       com.android.tools.r8.dex.L::c (326 bytes)
Event: 41.988 Thread 0x0000024cc2213fb0 nmethod 19702 0x0000024cae382890 code [0x0000024cae382b40, 0x0000024cae3836c8]
Event: 41.988 Thread 0x0000024cc2213fb0 19700       4       com.android.tools.r8.graph.s0$$Lambda/0x0000000101310000::compare (16 bytes)
Event: 41.997 Thread 0x0000024cc2213fb0 nmethod 19700 0x0000024cae384210 code [0x0000024cae384460, 0x0000024cae384cb0]
Event: 41.997 Thread 0x0000024cc2213fb0 19704       4       com.android.tools.r8.graph.O2$g::hashCode (9 bytes)
Event: 41.997 Thread 0x0000024cc2213fb0 nmethod 19704 0x0000024cae385390 code [0x0000024cae385540, 0x0000024cae3855f8]

GC Heap History (20 events):
Event: 27.219 GC heap before
{Heap before GC invocations=61 (full 0):
 garbage-first heap   total 930816K, used 679936K [0x0000000080000000, 0x0000000100000000)
  region size 1024K, 229 young (234496K), 7 survivors (7168K)
 Metaspace       used 122092K, committed 124224K, reserved 1179648K
  class space    used 16966K, committed 18048K, reserved 1048576K
}
Event: 27.339 GC heap after
{Heap after GC invocations=62 (full 0):
 garbage-first heap   total 930816K, used 576000K [0x0000000080000000, 0x0000000100000000)
  region size 1024K, 29 young (29696K), 29 survivors (29696K)
 Metaspace       used 122092K, committed 124224K, reserved 1179648K
  class space    used 16966K, committed 18048K, reserved 1048576K
}
Event: 28.653 GC heap before
{Heap before GC invocations=62 (full 0):
 garbage-first heap   total 930816K, used 725504K [0x0000000080000000, 0x0000000100000000)
  region size 1024K, 174 young (178176K), 29 survivors (29696K)
 Metaspace       used 125822K, committed 128064K, reserved 1179648K
  class space    used 17419K, committed 18560K, reserved 1048576K
}
Event: 28.735 GC heap after
{Heap after GC invocations=63 (full 0):
 garbage-first heap   total 930816K, used 640000K [0x0000000080000000, 0x0000000100000000)
  region size 1024K, 22 young (22528K), 22 survivors (22528K)
 Metaspace       used 125822K, committed 128064K, reserved 1179648K
  class space    used 17419K, committed 18560K, reserved 1048576K
}
Event: 28.878 GC heap before
{Heap before GC invocations=63 (full 0):
 garbage-first heap   total 930816K, used 658432K [0x0000000080000000, 0x0000000100000000)
  region size 1024K, 41 young (41984K), 22 survivors (22528K)
 Metaspace       used 126419K, committed 128640K, reserved 1179648K
  class space    used 17496K, committed 18624K, reserved 1048576K
}
Event: 28.898 GC heap after
{Heap after GC invocations=64 (full 0):
 garbage-first heap   total 930816K, used 645632K [0x0000000080000000, 0x0000000100000000)
  region size 1024K, 4 young (4096K), 4 survivors (4096K)
 Metaspace       used 126419K, committed 128640K, reserved 1179648K
  class space    used 17496K, committed 18624K, reserved 1048576K
}
Event: 29.938 GC heap before
{Heap before GC invocations=64 (full 0):
 garbage-first heap   total 1123328K, used 720384K [0x0000000080000000, 0x0000000100000000)
  region size 1024K, 143 young (146432K), 4 survivors (4096K)
 Metaspace       used 127724K, committed 129920K, reserved 1179648K
  class space    used 17688K, committed 18816K, reserved 1048576K
}
Event: 29.955 GC heap after
{Heap after GC invocations=65 (full 0):
 garbage-first heap   total 1123328K, used 591680K [0x0000000080000000, 0x0000000100000000)
  region size 1024K, 17 young (17408K), 17 survivors (17408K)
 Metaspace       used 127724K, committed 129920K, reserved 1179648K
  class space    used 17688K, committed 18816K, reserved 1048576K
}
Event: 31.449 GC heap before
{Heap before GC invocations=66 (full 0):
 garbage-first heap   total 1123328K, used 854848K [0x0000000080000000, 0x0000000100000000)
  region size 1024K, 264 young (270336K), 17 survivors (17408K)
 Metaspace       used 132477K, committed 134656K, reserved 1179648K
  class space    used 18299K, committed 19392K, reserved 1048576K
}
Event: 31.486 GC heap after
{Heap after GC invocations=67 (full 0):
 garbage-first heap   total 1123328K, used 615552K [0x0000000080000000, 0x0000000100000000)
  region size 1024K, 32 young (32768K), 32 survivors (32768K)
 Metaspace       used 132477K, committed 134656K, reserved 1179648K
  class space    used 18299K, committed 19392K, reserved 1048576K
}
Event: 33.389 GC heap before
{Heap before GC invocations=67 (full 0):
 garbage-first heap   total 1123328K, used 926848K [0x0000000080000000, 0x0000000100000000)
  region size 1024K, 300 young (307200K), 32 survivors (32768K)
 Metaspace       used 132609K, committed 134848K, reserved 1179648K
  class space    used 18315K, committed 19456K, reserved 1048576K
}
Event: 33.468 GC heap after
{Heap after GC invocations=68 (full 0):
 garbage-first heap   total 1123328K, used 639088K [0x0000000080000000, 0x0000000100000000)
  region size 1024K, 11 young (11264K), 11 survivors (11264K)
 Metaspace       used 132609K, committed 134848K, reserved 1179648K
  class space    used 18315K, committed 19456K, reserved 1048576K
}
Event: 33.473 GC heap before
{Heap before GC invocations=68 (full 0):
 garbage-first heap   total 1123328K, used 639088K [0x0000000080000000, 0x0000000100000000)
  region size 1024K, 13 young (13312K), 11 survivors (11264K)
 Metaspace       used 132609K, committed 134848K, reserved 1179648K
  class space    used 18315K, committed 19456K, reserved 1048576K
}
Event: 33.492 GC heap after
{Heap after GC invocations=69 (full 0):
 garbage-first heap   total 1123328K, used 638576K [0x0000000080000000, 0x0000000100000000)
  region size 1024K, 10 young (10240K), 10 survivors (10240K)
 Metaspace       used 132609K, committed 134848K, reserved 1179648K
  class space    used 18315K, committed 19456K, reserved 1048576K
}
Event: 36.499 GC heap before
{Heap before GC invocations=70 (full 0):
 garbage-first heap   total 1145856K, used 1021552K [0x0000000080000000, 0x0000000100000000)
  region size 1024K, 361 young (369664K), 10 survivors (10240K)
 Metaspace       used 133099K, committed 135360K, reserved 1179648K
  class space    used 18366K, committed 19520K, reserved 1048576K
}
Event: 36.565 GC heap after
{Heap after GC invocations=71 (full 0):
 garbage-first heap   total 1145856K, used 687216K [0x0000000080000000, 0x0000000100000000)
  region size 1024K, 38 young (38912K), 38 survivors (38912K)
 Metaspace       used 133099K, committed 135360K, reserved 1179648K
  class space    used 18366K, committed 19520K, reserved 1048576K
}
Event: 39.117 GC heap before
{Heap before GC invocations=71 (full 0):
 garbage-first heap   total 1145856K, used 1115248K [0x0000000080000000, 0x0000000100000000)
  region size 1024K, 360 young (368640K), 38 survivors (38912K)
 Metaspace       used 133317K, committed 135552K, reserved 1179648K
  class space    used 18382K, committed 19520K, reserved 1048576K
}
Event: 39.813 GC heap after
{Heap after GC invocations=72 (full 0):
 garbage-first heap   total 1198080K, used 798885K [0x0000000080000000, 0x0000000100000000)
  region size 1024K, 42 young (43008K), 42 survivors (43008K)
 Metaspace       used 133317K, committed 135552K, reserved 1179648K
  class space    used 18382K, committed 19520K, reserved 1048576K
}
Event: 40.472 GC heap before
{Heap before GC invocations=72 (full 0):
 garbage-first heap   total 1198080K, used 960677K [0x0000000080000000, 0x0000000100000000)
  region size 1024K, 201 young (205824K), 42 survivors (43008K)
 Metaspace       used 133372K, committed 135616K, reserved 1179648K
  class space    used 18387K, committed 19520K, reserved 1048576K
}
Event: 40.506 GC heap after
{Heap after GC invocations=73 (full 0):
 garbage-first heap   total 1198080K, used 798208K [0x0000000080000000, 0x0000000100000000)
  region size 1024K, 4 young (4096K), 4 survivors (4096K)
 Metaspace       used 133372K, committed 135616K, reserved 1179648K
  class space    used 18387K, committed 19520K, reserved 1048576K
}

Dll operation events (3 events):
Event: 0.036 Loaded shared library C:\Program Files\Android\Android Studio\jbr\bin\java.dll
Event: 0.043 Loaded shared library C:\Program Files\Android\Android Studio\jbr\bin\zip.dll
Event: 0.554 Loaded shared library C:\Program Files\Android\Android Studio\jbr\bin\verify.dll

Deoptimization events (20 events):
Event: 41.274 Thread 0x0000024cbf219fa0 DEOPT PACKING pc=0x0000024cae32f464 sp=0x0000009db6efe4a0
Event: 41.275 Thread 0x0000024cbf219fa0 DEOPT UNPACKING pc=0x0000024cad2d46a2 sp=0x0000009db6efe478 mode 2
Event: 41.275 Thread 0x0000024cbf219fa0 Uncommon trap: trap_request=0xffffffbe fr.pc=0x0000024cae32f464 relative=0x00000000000002a4
Event: 41.275 Thread 0x0000024cbf219fa0 Uncommon trap: reason=profile_predicate action=maybe_recompile pc=0x0000024cae32f464 method=sun.security.provider.DigestBase.implCompressMultiBlock0([BII)I @ 0 c2
Event: 41.275 Thread 0x0000024cbf219fa0 DEOPT PACKING pc=0x0000024cae32f464 sp=0x0000009db6efe4a0
Event: 41.275 Thread 0x0000024cbf219fa0 DEOPT UNPACKING pc=0x0000024cad2d46a2 sp=0x0000009db6efe478 mode 2
Event: 41.275 Thread 0x0000024cbf219fa0 Uncommon trap: trap_request=0xffffffbe fr.pc=0x0000024cae32f464 relative=0x00000000000002a4
Event: 41.275 Thread 0x0000024cbf219fa0 Uncommon trap: reason=profile_predicate action=maybe_recompile pc=0x0000024cae32f464 method=sun.security.provider.DigestBase.implCompressMultiBlock0([BII)I @ 0 c2
Event: 41.275 Thread 0x0000024cbf219fa0 DEOPT PACKING pc=0x0000024cae32f464 sp=0x0000009db6efe4a0
Event: 41.275 Thread 0x0000024cbf219fa0 DEOPT UNPACKING pc=0x0000024cad2d46a2 sp=0x0000009db6efe478 mode 2
Event: 41.276 Thread 0x0000024cbf219fa0 Uncommon trap: trap_request=0xffffffbe fr.pc=0x0000024cae32f464 relative=0x00000000000002a4
Event: 41.276 Thread 0x0000024cbf219fa0 Uncommon trap: reason=profile_predicate action=maybe_recompile pc=0x0000024cae32f464 method=sun.security.provider.DigestBase.implCompressMultiBlock0([BII)I @ 0 c2
Event: 41.276 Thread 0x0000024cbf219fa0 DEOPT PACKING pc=0x0000024cae32f464 sp=0x0000009db6efe4a0
Event: 41.276 Thread 0x0000024cbf219fa0 DEOPT UNPACKING pc=0x0000024cad2d46a2 sp=0x0000009db6efe478 mode 2
Event: 41.825 Thread 0x0000024cc2b44870 DEOPT PACKING pc=0x0000024ca789b486 sp=0x0000009db04fee70
Event: 41.825 Thread 0x0000024cc2b44870 DEOPT UNPACKING pc=0x0000024cad2d4e42 sp=0x0000009db04fe3b8 mode 0
Event: 41.983 Thread 0x0000024cbf21e140 Uncommon trap: trap_request=0xffffffbe fr.pc=0x0000024cae343e8c relative=0x000000000000024c
Event: 41.983 Thread 0x0000024cbf21e140 Uncommon trap: reason=profile_predicate action=maybe_recompile pc=0x0000024cae343e8c method=sun.security.provider.DigestBase.implCompressMultiBlock0([BII)I @ 2 c2
Event: 41.983 Thread 0x0000024cbf21e140 DEOPT PACKING pc=0x0000024cae343e8c sp=0x0000009db73fe270
Event: 41.984 Thread 0x0000024cbf21e140 DEOPT UNPACKING pc=0x0000024cad2d46a2 sp=0x0000009db73fe238 mode 2

Classes loaded (20 events):
Event: 31.647 Loading class sun/rmi/transport/tcp/TCPTransport$ConnectionHandler
Event: 31.648 Loading class sun/rmi/transport/tcp/TCPTransport$ConnectionHandler done
Event: 31.651 Loading class sun/rmi/transport/Transport$1
Event: 31.651 Loading class sun/rmi/transport/Transport$1 done
Event: 31.653 Loading class sun/rmi/transport/DGCImpl$LeaseInfo
Event: 31.653 Loading class sun/rmi/transport/DGCImpl$LeaseInfo done
Event: 31.653 Loading class sun/rmi/transport/DGCImpl$1
Event: 31.653 Loading class sun/rmi/transport/DGCImpl$1 done
Event: 31.653 Loading class sun/rmi/transport/SequenceEntry
Event: 31.653 Loading class sun/rmi/transport/SequenceEntry done
Event: 34.776 Loading class java/util/IdentityHashMap$EntryIterator
Event: 34.779 Loading class java/util/IdentityHashMap$EntryIterator done
Event: 34.793 Loading class java/util/IdentityHashMap$EntryIterator$Entry
Event: 34.795 Loading class java/util/IdentityHashMap$EntryIterator$Entry done
Event: 37.388 Loading class java/nio/ByteBufferAsShortBufferL
Event: 37.432 Loading class java/nio/ByteBufferAsShortBufferL done
Event: 41.121 Loading class java/util/zip/Adler32
Event: 41.191 Loading class java/util/zip/Adler32 done
Event: 41.358 Loading class java/nio/file/Files$2
Event: 41.378 Loading class java/nio/file/Files$2 done

Classes unloaded (0 events):
No events

Classes redefined (0 events):
No events

Internal exceptions (20 events):
Event: 30.909 Thread 0x0000024cc5178aa0 Exception <a 'java/lang/NoSuchMethodError'{0x00000000b66c8508}: static Lorg/jetbrains/kotlin/incremental/ClasspathChanges$ClasspathSnapshotEnabled$NotAvailableForNonIncrementalRun;.<clinit>()V> (0x00000000b66c8508) 
thrown [s\src\hotspot\share\prims\jni.cpp, line 1126]
Event: 30.909 Thread 0x0000024cc5178aa0 Exception <a 'java/lang/NoSuchMethodError'{0x00000000b66ca508}: static Lorg/jetbrains/kotlin/incremental/ClasspathChanges$ClasspathSnapshotEnabled;.<clinit>()V> (0x00000000b66ca508) 
thrown [s\src\hotspot\share\prims\jni.cpp, line 1126]
Event: 30.909 Thread 0x0000024cc5178aa0 Exception <a 'java/lang/NoSuchMethodError'{0x00000000b66cc358}: static Lorg/jetbrains/kotlin/incremental/ClasspathChanges;.<clinit>()V> (0x00000000b66cc358) 
thrown [s\src\hotspot\share\prims\jni.cpp, line 1126]
Event: 31.006 Thread 0x0000024cca9ac200 Exception <a 'java/lang/NoSuchMethodError'{0x00000000b59123d8}: 'long java.lang.invoke.DirectMethodHandle$Holder.invokeStatic(java.lang.Object)'> (0x00000000b59123d8) 
thrown [s\src\hotspot\share\interpreter\linkResolver.cpp, line 784]
Event: 31.006 Thread 0x0000024cca9ac200 Exception <a 'java/lang/NoSuchMethodError'{0x00000000b5915728}: 'long java.lang.invoke.DirectMethodHandle$Holder.invokeStaticInit(java.lang.Object)'> (0x00000000b5915728) 
thrown [s\src\hotspot\share\interpreter\linkResolver.cpp, line 784]
Event: 31.193 Thread 0x0000024cca9ac200 Exception <a 'java/lang/NoSuchMethodError'{0x00000000b4aafab0}: static Lorg/jetbrains/kotlin/daemon/common/LoopbackNetworkInterface$AbstractClientLoopbackSocketFactory;.<clinit>()V> (0x00000000b4aafab0) 
thrown [s\src\hotspot\share\prims\jni.cpp, line 1126]
Event: 31.193 Thread 0x0000024cca9ac200 Exception <a 'java/lang/NoSuchMethodError'{0x00000000b4abbca8}: static Lorg/jetbrains/kotlin/daemon/common/LoopbackNetworkInterface$ClientLoopbackSocketFactory;.<clinit>()V> (0x00000000b4abbca8) 
thrown [s\src\hotspot\share\prims\jni.cpp, line 1126]
Event: 31.225 Thread 0x0000024cca9ac200 Exception <a 'java/lang/NoSuchMethodError'{0x00000000b47851b8}: static [Ljava/rmi/server/ObjID;.<clinit>()V> (0x00000000b47851b8) 
thrown [s\src\hotspot\share\prims\jni.cpp, line 1126]
Event: 31.229 Thread 0x0000024cca9ac200 Exception <a 'java/lang/NoSuchMethodError'{0x00000000b4610378}: static [B.<clinit>()V> (0x00000000b4610378) 
thrown [s\src\hotspot\share\prims\jni.cpp, line 1126]
Event: 31.263 Thread 0x0000024ccb47de00 Exception <a 'java/lang/NoSuchMethodError'{0x00000000b49c3af8}: 'java.lang.Object java.lang.invoke.DirectMethodHandle$Holder.newInvokeSpecial(java.lang.Object, java.lang.Object, int, java.lang.Object, long)'> (0x00000000b49c3af8) 
thrown [s\src\hotspot\share\interpreter\linkResolver.cpp, line 784]
Event: 31.360 Thread 0x0000024cca9ac200 Exception <a 'java/lang/NoSuchMethodError'{0x00000000b3b0d968}: static Lorg/jetbrains/kotlin/daemon/common/CompileService$CallResult;.<clinit>()V> (0x00000000b3b0d968) 
thrown [s\src\hotspot\share\prims\jni.cpp, line 1126]
Event: 31.361 Thread 0x0000024cca9ac200 Exception <a 'java/lang/NoSuchMethodError'{0x00000000b3b19bc0}: static Lorg/jetbrains/kotlin/daemon/common/CompileService$CallResult$Good;.<clinit>()V> (0x00000000b3b19bc0) 
thrown [s\src\hotspot\share\prims\jni.cpp, line 1126]
Event: 31.362 Thread 0x0000024cca9ac200 Exception <a 'java/lang/NoSuchMethodError'{0x00000000b3b26e68}: static Lorg/jetbrains/kotlin/daemon/common/DaemonJVMOptions;.<clinit>()V> (0x00000000b3b26e68) 
thrown [s\src\hotspot\share\prims\jni.cpp, line 1126]
Event: 31.377 Thread 0x0000024cca9ac200 Exception <a 'java/lang/NoSuchMethodError'{0x00000000b3beb4d0}: static Lorg/jetbrains/kotlin/daemon/common/CompileService$CallResult$Ok;.<clinit>()V> (0x00000000b3beb4d0) 
thrown [s\src\hotspot\share\prims\jni.cpp, line 1126]
Event: 31.427 Thread 0x0000024cca9ac200 Exception <a 'java/lang/NoSuchMethodError'{0x00000000b35629e0}: static [Ljava/lang/Integer;.<clinit>()V> (0x00000000b35629e0) 
thrown [s\src\hotspot\share\prims\jni.cpp, line 1126]
Event: 33.510 Thread 0x0000024cca4f8dc0 Exception <a 'java/lang/IncompatibleClassChangeError'{0x00000000ff772148}: Found class java.lang.Object, but interface was expected> (0x00000000ff772148) 
thrown [s\src\hotspot\share\interpreter\linkResolver.cpp, line 851]
Event: 35.965 Thread 0x0000024cbf217840 Implicit null exception at 0x0000024cae19ebf3 to 0x0000024cae1a1522
Event: 37.151 Thread 0x0000024cbf217840 Implicit null exception at 0x0000024cae218daf to 0x0000024cae219234
Event: 41.414 Thread 0x0000024cbf217840 Exception <a 'sun/nio/fs/WindowsException'{0x00000000c4906c80}> (0x00000000c4906c80) 
thrown [s\src\hotspot\share\prims\jni.cpp, line 535]
Event: 41.588 Thread 0x0000024cbf219fa0 Exception <a 'sun/nio/fs/WindowsException'{0x00000000c3d1d540}> (0x00000000c3d1d540) 
thrown [s\src\hotspot\share\prims\jni.cpp, line 535]

ZGC Phase Switch (0 events):
No events

VM Operations (20 events):
Event: 35.961 Executing VM operation: HandshakeAllThreads (Deoptimize) done
Event: 36.499 Executing VM operation: G1CollectForAllocation (G1 Evacuation Pause)
Event: 36.565 Executing VM operation: G1CollectForAllocation (G1 Evacuation Pause) done
Event: 36.642 Executing VM operation: HandshakeAllThreads (Deoptimize)
Event: 36.642 Executing VM operation: HandshakeAllThreads (Deoptimize) done
Event: 37.149 Executing VM operation: HandshakeAllThreads (Deoptimize)
Event: 37.150 Executing VM operation: HandshakeAllThreads (Deoptimize) done
Event: 37.443 Executing VM operation: HandshakeAllThreads (Deoptimize)
Event: 38.849 Executing VM operation: HandshakeAllThreads (Deoptimize) done
Event: 38.849 Executing VM operation: Cleanup
Event: 38.849 Executing VM operation: Cleanup done
Event: 38.849 Executing VM operation: ICBufferFull
Event: 38.849 Executing VM operation: ICBufferFull done
Event: 39.021 Executing VM operation: G1CollectForAllocation (G1 Evacuation Pause)
Event: 39.815 Executing VM operation: G1CollectForAllocation (G1 Evacuation Pause) done
Event: 40.472 Executing VM operation: G1TryInitiateConcMark (G1 Humongous Allocation)
Event: 40.507 Executing VM operation: G1TryInitiateConcMark (G1 Humongous Allocation) done
Event: 41.242 Executing VM operation: HandshakeAllThreads (Deoptimize)
Event: 41.250 Executing VM operation: HandshakeAllThreads (Deoptimize) done
Event: 42.020 Executing VM operation: G1PauseRemark

Events (20 events):
Event: 42.132 Thread 0x0000024cbaa9f130 flushing nmethod 0x0000024cadbc4e90
Event: 42.132 Thread 0x0000024cbaa9f130 flushing nmethod 0x0000024cadbc1190
Event: 42.132 Thread 0x0000024cbaa9f130 flushing nmethod 0x0000024cadbc0c10
Event: 42.132 Thread 0x0000024cbaa9f130 flushing nmethod 0x0000024cadbc0690
Event: 42.132 Thread 0x0000024cbaa9f130 flushing nmethod 0x0000024cadb26810
Event: 42.132 Thread 0x0000024cbaa9f130 flushing nmethod 0x0000024cadb41b10
Event: 42.132 Thread 0x0000024cbaa9f130 flushing nmethod 0x0000024cada49010
Event: 42.132 Thread 0x0000024cbaa9f130 flushing nmethod 0x0000024cadb0e590
Event: 42.133 Thread 0x0000024cbaa9f130 flushing nmethod 0x0000024cadaf0c10
Event: 42.133 Thread 0x0000024cbaa9f130 flushing nmethod 0x0000024cadaccf10
Event: 42.133 Thread 0x0000024cbaa9f130 flushing nmethod 0x0000024cadabf010
Event: 42.133 Thread 0x0000024cbaa9f130 flushing nmethod 0x0000024cadabe890
Event: 42.133 Thread 0x0000024cbaa9f130 flushing nmethod 0x0000024cad86da10
Event: 42.133 Thread 0x0000024cbaa9f130 flushing nmethod 0x0000024cada1d010
Event: 42.133 Thread 0x0000024cbaa9f130 flushing nmethod 0x0000024cad961810
Event: 42.134 Thread 0x0000024cbaa9f130 flushing nmethod 0x0000024cad9ec210
Event: 42.134 Thread 0x0000024cbaa9f130 flushing nmethod 0x0000024cad9bb490
Event: 42.134 Thread 0x0000024cbaa9f130 flushing nmethod 0x0000024cad8ac390
Event: 42.134 Thread 0x0000024cbaa9f130 flushing nmethod 0x0000024cad8a2790
Event: 42.134 Thread 0x0000024cbaa9f130 flushing nmethod 0x0000024cad877690


Dynamic libraries:
0x00007ff6f4640000 - 0x00007ff6f464a000 	C:\Program Files\Android\Android Studio\jbr\bin\java.exe
0x00007ffda04c0000 - 0x00007ffda0728000 	C:\WINDOWS\SYSTEM32\ntdll.dll
0x00007ffd9e9f0000 - 0x00007ffd9eab9000 	C:\WINDOWS\System32\KERNEL32.DLL
0x00007ffd9d9e0000 - 0x00007ffd9ddd2000 	C:\WINDOWS\System32\KERNELBASE.dll
0x0000000050640000 - 0x00000000506e6000 	C:\WINDOWS\System32\SYSFER.DLL
0x00007ffd9e140000 - 0x00007ffd9e28b000 	C:\WINDOWS\System32\ucrtbase.dll
0x00007ffd61040000 - 0x00007ffd61058000 	C:\Program Files\Android\Android Studio\jbr\bin\jli.dll
0x00007ffd97030000 - 0x00007ffd9704b000 	C:\Program Files\Android\Android Studio\jbr\bin\VCRUNTIME140.dll
0x00007ffd9f190000 - 0x00007ffd9f355000 	C:\WINDOWS\System32\USER32.dll
0x00007ffd9dfe0000 - 0x00007ffd9e007000 	C:\WINDOWS\System32\win32u.dll
0x00007ffd9f650000 - 0x00007ffd9f67b000 	C:\WINDOWS\System32\GDI32.dll
0x00007ffd9e010000 - 0x00007ffd9e13d000 	C:\WINDOWS\System32\gdi32full.dll
0x00007ffd9d7b0000 - 0x00007ffd9d853000 	C:\WINDOWS\System32\msvcp_win.dll
0x00007ffd872b0000 - 0x00007ffd87543000 	C:\WINDOWS\WinSxS\amd64_microsoft.windows.common-controls_6595b64144ccf1df_6.0.26100.6899_none_3e0efeeae32e88c1\COMCTL32.dll
0x00007ffd9f860000 - 0x00007ffd9f909000 	C:\WINDOWS\System32\msvcrt.dll
0x00007ffd9f0c0000 - 0x00007ffd9f0ef000 	C:\WINDOWS\System32\IMM32.DLL
0x00007ffd9a000000 - 0x00007ffd9a00c000 	C:\Program Files\Android\Android Studio\jbr\bin\vcruntime140_1.dll
0x00007ffd51290000 - 0x00007ffd5131d000 	C:\Program Files\Android\Android Studio\jbr\bin\msvcp140.dll
0x00007ffd33910000 - 0x00007ffd3458d000 	C:\Program Files\Android\Android Studio\jbr\bin\server\jvm.dll
0x00007ffd9eff0000 - 0x00007ffd9f0a4000 	C:\WINDOWS\System32\ADVAPI32.dll
0x00007ffd9f370000 - 0x00007ffd9f416000 	C:\WINDOWS\System32\sechost.dll
0x00007ffd9fd90000 - 0x00007ffd9fea8000 	C:\WINDOWS\System32\RPCRT4.dll
0x00007ffd9fd10000 - 0x00007ffd9fd84000 	C:\WINDOWS\System32\WS2_32.dll
0x00007ffd9d4b0000 - 0x00007ffd9d50e000 	C:\WINDOWS\SYSTEM32\POWRPROF.dll
0x00007ffd87550000 - 0x00007ffd87585000 	C:\WINDOWS\SYSTEM32\WINMM.dll
0x00007ffd8fa40000 - 0x00007ffd8fa4b000 	C:\WINDOWS\SYSTEM32\VERSION.dll
0x00007ffd9d490000 - 0x00007ffd9d4a4000 	C:\WINDOWS\SYSTEM32\UMPDC.dll
0x00007ffd9c420000 - 0x00007ffd9c43b000 	C:\WINDOWS\SYSTEM32\kernel.appcore.dll
0x00007ffd80a60000 - 0x00007ffd80a6a000 	C:\Program Files\Android\Android Studio\jbr\bin\jimage.dll
0x00007ffd9aec0000 - 0x00007ffd9b102000 	C:\WINDOWS\SYSTEM32\DBGHELP.DLL
0x00007ffd9f990000 - 0x00007ffd9fd0b000 	C:\WINDOWS\System32\combase.dll
0x00007ffd9f420000 - 0x00007ffd9f4f7000 	C:\WINDOWS\System32\OLEAUT32.dll
0x00007ffd87dd0000 - 0x00007ffd87e0c000 	C:\WINDOWS\SYSTEM32\dbgcore.DLL
0x00007ffd9d710000 - 0x00007ffd9d7a8000 	C:\WINDOWS\System32\bcryptPrimitives.dll
0x00007ffd77fc0000 - 0x00007ffd77fce000 	C:\Program Files\Android\Android Studio\jbr\bin\instrument.dll
0x00007ffd720a0000 - 0x00007ffd720bf000 	C:\Program Files\Android\Android Studio\jbr\bin\java.dll
0x00007ffd70a10000 - 0x00007ffd70a28000 	C:\Program Files\Android\Android Studio\jbr\bin\zip.dll
0x00007ffd9e2a0000 - 0x00007ffd9e9ed000 	C:\WINDOWS\System32\SHELL32.dll
0x00007ffd9de70000 - 0x00007ffd9dfdb000 	C:\WINDOWS\System32\wintypes.dll
0x00007ffd9b2c0000 - 0x00007ffd9bb1d000 	C:\WINDOWS\SYSTEM32\windows.storage.dll
0x00007ffda0090000 - 0x00007ffda0182000 	C:\WINDOWS\System32\SHCORE.dll
0x00007ffd9fec0000 - 0x00007ffd9ff22000 	C:\WINDOWS\System32\shlwapi.dll
0x00007ffd9d570000 - 0x00007ffd9d599000 	C:\WINDOWS\SYSTEM32\profapi.dll
0x00007ffd7d9b0000 - 0x00007ffd7d9c0000 	C:\Program Files\Android\Android Studio\jbr\bin\net.dll
0x00007ffd8fc50000 - 0x00007ffd8fd6f000 	C:\WINDOWS\SYSTEM32\WINHTTP.dll
0x00007ffd9c990000 - 0x00007ffd9c9fb000 	C:\WINDOWS\system32\mswsock.dll
0x00007ffd6d990000 - 0x00007ffd6d9a6000 	C:\Program Files\Android\Android Studio\jbr\bin\nio.dll
0x00007ffd7a2f0000 - 0x00007ffd7a300000 	C:\Program Files\Android\Android Studio\jbr\bin\verify.dll
0x00007ffd6f7f0000 - 0x00007ffd6f817000 	C:\Users\MCC2104001_003\.gradle\native\c067742578af261105cb4f569cf0c3c89f3d7b1fecec35dd04571415982c5e48\windows-amd64\native-platform.dll
0x00007ffd5eb30000 - 0x00007ffd5ec74000 	C:\Users\MCC2104001_003\.gradle\native\100fb08df4bc3b14c8652ba06237920a3bd2aa13389f12d3474272988ae205f9\windows-amd64\native-platform-file-events.dll
0x00007ffd7b0f0000 - 0x00007ffd7b0f9000 	C:\Program Files\Android\Android Studio\jbr\bin\management.dll
0x00007ffd7aec0000 - 0x00007ffd7aecb000 	C:\Program Files\Android\Android Studio\jbr\bin\management_ext.dll
0x00007ffd9f0b0000 - 0x00007ffd9f0b8000 	C:\WINDOWS\System32\PSAPI.DLL
0x00007ffd9cc40000 - 0x00007ffd9cc5b000 	C:\WINDOWS\SYSTEM32\CRYPTSP.dll
0x00007ffd9c380000 - 0x00007ffd9c3bb000 	C:\WINDOWS\system32\rsaenh.dll
0x00007ffd9ca30000 - 0x00007ffd9ca5b000 	C:\WINDOWS\SYSTEM32\USERENV.dll
0x00007ffd9d540000 - 0x00007ffd9d566000 	C:\WINDOWS\SYSTEM32\bcrypt.dll
0x00007ffd9d450000 - 0x00007ffd9d45c000 	C:\WINDOWS\SYSTEM32\CRYPTBASE.dll
0x00007ffd9be90000 - 0x00007ffd9bec4000 	C:\WINDOWS\SYSTEM32\IPHLPAPI.DLL
0x00007ffd9f360000 - 0x00007ffd9f36a000 	C:\WINDOWS\System32\NSI.dll
0x00007ffd7c6a0000 - 0x00007ffd7c6a9000 	C:\Program Files\Android\Android Studio\jbr\bin\extnet.dll
0x00007ffd3c3d0000 - 0x00007ffd3c3d8000 	C:\WINDOWS\system32\wshunix.dll
0x00007ffd89ad0000 - 0x00007ffd89ae8000 	C:\WINDOWS\system32\napinsp.dll
0x00007ffd9bf30000 - 0x00007ffd9c056000 	C:\WINDOWS\SYSTEM32\DNSAPI.dll
0x00007ffd89ab0000 - 0x00007ffd89ac2000 	C:\WINDOWS\System32\winrnr.dll
0x00007ffd886d0000 - 0x00007ffd886f8000 	C:\WINDOWS\system32\nlansp_c.dll
0x00007ffd8a790000 - 0x00007ffd8a7a6000 	C:\WINDOWS\system32\wshbth.dll
0x00007ffd95a00000 - 0x00007ffd95a0b000 	C:\Windows\System32\rasadhlp.dll
0x00007ffd951f0000 - 0x00007ffd95276000 	C:\WINDOWS\System32\fwpuclnt.dll
0x00007ffd77a80000 - 0x00007ffd77a87000 	C:\Program Files\Android\Android Studio\jbr\bin\rmi.dll

dbghelp: loaded successfully - version: 4.0.5 - missing functions: none
symbol engine: initialized successfully - sym options: 0x614 - pdb path: .;C:\Program Files\Android\Android Studio\jbr\bin;C:\WINDOWS\SYSTEM32;C:\WINDOWS\WinSxS\amd64_microsoft.windows.common-controls_6595b64144ccf1df_6.0.26100.6899_none_3e0efeeae32e88c1;C:\Program Files\Android\Android Studio\jbr\bin\server;C:\Users\MCC2104001_003\.gradle\native\c067742578af261105cb4f569cf0c3c89f3d7b1fecec35dd04571415982c5e48\windows-amd64;C:\Users\MCC2104001_003\.gradle\native\100fb08df4bc3b14c8652ba06237920a3bd2aa13389f12d3474272988ae205f9\windows-amd64

VM Arguments:
jvm_args: --add-opens=java.base/java.util=ALL-UNNAMED --add-opens=java.base/java.lang=ALL-UNNAMED --add-opens=java.base/java.lang.invoke=ALL-UNNAMED --add-opens=java.prefs/java.util.prefs=ALL-UNNAMED --add-exports=jdk.compiler/com.sun.tools.javac.api=ALL-UNNAMED --add-exports=jdk.compiler/com.sun.tools.javac.util=ALL-UNNAMED --add-opens=java.base/java.nio.charset=ALL-UNNAMED --add-opens=java.base/java.net=ALL-UNNAMED --add-opens=java.base/java.util.concurrent.atomic=ALL-UNNAMED -Xmx2048m -Dfile.encoding=UTF-8 -Duser.country=US -Duser.language=en -Duser.variant -javaagent:C:\Users\MCC2104001_003\.gradle\wrapper\dists\gradle-8.9-bin\90cnw93cvbtalezasaz0blq0a\gradle-8.9\lib\agents\gradle-instrumentation-agent-8.9.jar 
java_command: org.gradle.launcher.daemon.bootstrap.GradleDaemon 8.9
java_class_path (initial): C:\Users\MCC2104001_003\.gradle\wrapper\dists\gradle-8.9-bin\90cnw93cvbtalezasaz0blq0a\gradle-8.9\lib\gradle-daemon-main-8.9.jar
Launcher Type: SUN_STANDARD

[Global flags]
     intx CICompilerCount                          = 4                                         {product} {ergonomic}
     uint ConcGCThreads                            = 2                                         {product} {ergonomic}
     uint G1ConcRefinementThreads                  = 8                                         {product} {ergonomic}
   size_t G1HeapRegionSize                         = 1048576                                   {product} {ergonomic}
    uintx GCDrainStackTargetSize                   = 64                                        {product} {ergonomic}
   size_t InitialHeapSize                          = 132120576                                 {product} {ergonomic}
   size_t MarkStackSize                            = 4194304                                   {product} {ergonomic}
   size_t MaxHeapSize                              = 2147483648                                {product} {command line}
   size_t MaxNewSize                               = 1287651328                                {product} {ergonomic}
   size_t MinHeapDeltaBytes                        = 1048576                                   {product} {ergonomic}
   size_t MinHeapSize                              = 8388608                                   {product} {ergonomic}
    uintx NonNMethodCodeHeapSize                   = 5839372                                {pd product} {ergonomic}
    uintx NonProfiledCodeHeapSize                  = 122909434                              {pd product} {ergonomic}
    uintx ProfiledCodeHeapSize                     = 122909434                              {pd product} {ergonomic}
    uintx ReservedCodeCacheSize                    = 251658240                              {pd product} {ergonomic}
     bool SegmentedCodeCache                       = true                                      {product} {ergonomic}
   size_t SoftMaxHeapSize                          = 2147483648                             {manageable} {ergonomic}
     bool UseCompressedOops                        = true                           {product lp64_product} {ergonomic}
     bool UseG1GC                                  = true                                      {product} {ergonomic}
     bool UseLargePagesIndividualAllocation        = false                                  {pd product} {ergonomic}

Logging:
Log output configuration:
 #0: stdout all=warning uptime,level,tags foldmultilines=false
 #1: stderr all=off uptime,level,tags foldmultilines=false

Environment Variables:
PATH=C:\WINDOWS\system32;C:\WINDOWS;C:\WINDOWS\System32\Wbem;C:\WINDOWS\System32\WindowsPowerShell\v1.0\;C:\WINDOWS\System32\OpenSSH\;C:\Program Files\dotnet\;C:\xampp\php;C:\composer;C:\Program Files\nodejs\;C:\Users\MCC2104001_003\AppData\Local\Programs\Python\Python313;C:\Users\MCC2104001_003\AppData\Local\Programs\Python\Python313\Scripts;C:\Users\MCC2104001_003\AppData\Local\Programs\Microsoft VS Code\bin;C:\Users\MCC2104001_003\AppData\Local\GitHubDesktop\bin
USERNAME=MCC2104001_003
OS=Windows_NT
PROCESSOR_IDENTIFIER=Intel64 Family 6 Model 142 Stepping 12, GenuineIntel
TMP=C:\Users\MCC210~1\AppData\Local\Temp
TEMP=C:\Users\MCC210~1\AppData\Local\Temp




Periodic native trim disabled

JNI global refs:
JNI global refs: 29, weak refs: 0

JNI global refs memory usage: 835, weak refs: 833

Process memory usage:
Resident Set Size: 1229184K (15% of 8143556K total physical memory with 580348K free physical memory)

OOME stack traces (most recent first):
Classloader memory used:
Loader org.gradle.internal.classloader.VisitableURLClassLoader$InstrumentingVisitableURLClassLoader: 45889K
Loader org.gradle.internal.classloader.VisitableURLClassLoader                         : 43171K
Loader bootstrap                                                                       : 31000K
Loader org.gradle.initialization.MixInLegacyTypesClassLoader                           : 11816K
Loader jdk.internal.reflect.DelegatingClassLoader                                      : 580K
Loader jdk.internal.loader.ClassLoaders$PlatformClassLoader                            : 518K
Loader org.gradle.internal.classloader.VisitableURLClassLoader                         : 310K
Loader jdk.internal.loader.ClassLoaders$AppClassLoader                                 : 230K

Classes loaded by more than one classloader:
Class Program                                                                         : loaded 5 times (x 69B)
Class Build_gradle                                                                    : loaded 3 times (x 127B)
Class Build_gradle$1                                                                  : loaded 3 times (x 71B)
Class com.google.common.collect.RegularImmutableMap$KeySet                            : loaded 2 times (x 147B)
Class org.gradle.internal.classloader.FilteringClassLoader                            : loaded 2 times (x 102B)
Class [Lcom.google.common.collect.MapMakerInternalMap$Segment;                        : loaded 2 times (x 66B)
Class com.google.common.io.FileWriteMode                                              : loaded 2 times (x 76B)
Class [Lcom.google.common.base.AbstractIterator$State;                                : loaded 2 times (x 66B)
Class com.google.common.base.CharMatcher$IsEither                                     : loaded 2 times (x 108B)
Class org.gradle.internal.classloader.ClassLoaderHierarchy                            : loaded 2 times (x 67B)
Class com.google.common.collect.AbstractMapBasedMultimap$WrappedCollection            : loaded 2 times (x 121B)
Class com.google.common.collect.ImmutableEnumSet                                      : loaded 2 times (x 143B)
Class com.google.common.util.concurrent.ExecutionError                                : loaded 2 times (x 79B)
Class com.google.common.collect.ImmutableList$1                                       : loaded 2 times (x 94B)
Class org.gradle.api.internal.classpath.ManifestUtil                                  : loaded 2 times (x 68B)
Class com.google.common.collect.RegularImmutableMap                                   : loaded 2 times (x 118B)
Class com.google.common.collect.ImmutableMap$MapViewOfValuesAsSingletonSets           : loaded 2 times (x 122B)
Class [Lorg.objectweb.asm.Symbol;                                                     : loaded 2 times (x 66B)
Class org.objectweb.asm.ClassVisitor                                                  : loaded 2 times (x 85B)
Class com.google.common.collect.UnmodifiableListIterator                              : loaded 2 times (x 92B)
Class com.google.common.collect.MapMakerInternalMap$StrongKeyDummyValueEntry$LinkedStrongKeyDummyValueEntry: loaded 2 times (x 79B)
Class com.google.common.collect.MapMakerInternalMap$Strength                          : loaded 2 times (x 77B)
Class org.objectweb.asm.MethodTooLargeException                                       : loaded 2 times (x 80B)
Class [Lcom.google.common.cache.CacheBuilder$OneWeigher;                              : loaded 2 times (x 66B)
Class com.google.common.base.Suppliers                                                : loaded 2 times (x 68B)
Class com.google.common.base.Platform$JdkPatternCompiler                              : loaded 2 times (x 72B)
Class org.gradle.internal.classloader.DefaultClassLoaderFactory                       : loaded 2 times (x 79B)
Class [Lcom.google.common.collect.AbstractIterator$State;                             : loaded 2 times (x 66B)
Class com.google.common.base.CharMatcher$None                                         : loaded 2 times (x 109B)
Class org.gradle.internal.classloader.ClassLoaderVisitor                              : loaded 2 times (x 73B)
Class [Lcom.google.common.collect.ImmutableMapEntry;                                  : loaded 2 times (x 66B)
Class org.gradle.api.internal.classpath.EffectiveClassPath                            : loaded 2 times (x 87B)
Class com.google.common.collect.AbstractIterator$1                                    : loaded 2 times (x 68B)
Class com.google.common.collect.ImmutableRangeSet                                     : loaded 2 times (x 112B)
Class com.google.common.collect.ImmutableEnumMap                                      : loaded 2 times (x 122B)
Class com.google.common.collect.ListMultimap                                          : loaded 2 times (x 67B)
Class com.google.common.collect.ImmutableSet$SerializedForm                           : loaded 2 times (x 70B)
Class com.google.common.collect.Iterators$EmptyModifiableIterator                     : loaded 2 times (x 83B)
Class com.google.common.collect.Sets$1                                                : loaded 2 times (x 136B)
Class org.objectweb.asm.AnnotationVisitor                                             : loaded 2 times (x 75B)
Class com.google.common.base.Splitter                                                 : loaded 2 times (x 69B)
Class org.gradle.api.internal.DefaultClassPathProvider                                : loaded 2 times (x 73B)
Class com.google.common.collect.MapMakerInternalMap$Strength$1                        : loaded 2 times (x 77B)
Class com.google.common.collect.Maps$ViewCachingAbstractMap                           : loaded 2 times (x 122B)
Class com.google.common.collect.Sets$2                                                : loaded 2 times (x 136B)
Class [Lorg.gradle.api.internal.ClassPathProvider;                                    : loaded 2 times (x 66B)
Class org.gradle.api.internal.ClassPathProvider                                       : loaded 2 times (x 67B)
Class [Lorg.objectweb.asm.AnnotationVisitor;                                          : loaded 2 times (x 66B)
Class com.google.common.collect.MapMakerInternalMap$Strength$2                        : loaded 2 times (x 77B)
Class com.google.common.collect.Sets$3                                                : loaded 2 times (x 136B)
Class com.google.common.util.concurrent.AbstractFuture$SafeAtomicHelper               : loaded 2 times (x 76B)
Class com.google.common.cache.LocalCache$LocalLoadingCache                            : loaded 2 times (x 131B)
Class com.google.common.base.AbstractIterator$State                                   : loaded 2 times (x 76B)
Class org.gradle.internal.service.UnknownServiceException                             : loaded 2 times (x 80B)
Class com.google.common.collect.MapMakerInternalMap$StrongValueEntry                  : loaded 2 times (x 67B)
Class com.google.common.collect.Sets$4                                                : loaded 2 times (x 136B)
Class org.objectweb.asm.ModuleVisitor                                                 : loaded 2 times (x 78B)
Class com.google.common.cache.LocalCache$Strength$1                                   : loaded 2 times (x 78B)
Class com.google.common.util.concurrent.SettableFuture                                : loaded 2 times (x 111B)
Class com.google.common.cache.LocalCache$Strength$2                                   : loaded 2 times (x 78B)
Class com.google.common.collect.Interners$InternerImpl                                : loaded 2 times (x 72B)
Class com.google.common.collect.Interner                                              : loaded 2 times (x 67B)
Class com.google.common.cache.LocalCache$Strength$3                                   : loaded 2 times (x 78B)
Class com.google.common.collect.MapDifference                                         : loaded 2 times (x 67B)
Class com.google.common.base.Splitter$1                                               : loaded 2 times (x 74B)
Class com.google.common.collect.MapMaker$Dummy                                        : loaded 2 times (x 76B)
Class org.objectweb.asm.FieldWriter                                                   : loaded 2 times (x 75B)
Class com.google.common.cache.CacheBuilder$NullListener                               : loaded 2 times (x 79B)
Class org.gradle.internal.classpath.TransformedClassPath                              : loaded 2 times (x 93B)
Class com.google.common.collect.ImmutableListMultimap                                 : loaded 2 times (x 173B)
Class com.google.common.collect.ImmutableRangeSet$AsSet                               : loaded 2 times (x 296B)
Class com.google.common.cache.CacheLoader$FunctionToCacheLoader                       : loaded 2 times (x 72B)
Class com.google.common.collect.Iterators$ArrayItr                                    : loaded 2 times (x 94B)
Class com.google.common.collect.ImmutableCollection$Builder                           : loaded 2 times (x 73B)
Class com.google.common.collect.EmptyImmutableListMultimap                            : loaded 2 times (x 173B)
Class com.google.common.collect.BaseImmutableMultimap                                 : loaded 2 times (x 120B)
Class com.google.common.base.Joiner                                                   : loaded 2 times (x 76B)
Class com.google.common.base.MoreObjects                                              : loaded 2 times (x 68B)
Class [Lorg.objectweb.asm.Type;                                                       : loaded 2 times (x 66B)
Class com.google.common.collect.Platform                                              : loaded 2 times (x 68B)
Class com.google.common.collect.UnmodifiableIterator                                  : loaded 2 times (x 77B)
Class org.gradle.internal.service.ServiceLocator                                      : loaded 2 times (x 67B)
Class com.google.common.base.Ascii                                                    : loaded 2 times (x 68B)
Class com.google.common.collect.SingletonImmutableBiMap                               : loaded 2 times (x 140B)
Class com.google.common.cache.LocalCache$1                                            : loaded 2 times (x 86B)
Class com.google.common.collect.AbstractMapEntry                                      : loaded 2 times (x 78B)
Class com.google.common.collect.MapMakerInternalMap$AbstractStrongKeyEntry            : loaded 2 times (x 77B)
Class com.google.common.collect.Sets$ImprovedAbstractSet                              : loaded 2 times (x 132B)
Class com.google.common.collect.ImmutableList$Builder                                 : loaded 2 times (x 74B)
Class com.google.common.cache.LocalCache$2                                            : loaded 2 times (x 139B)
Class com.google.common.collect.AbstractMultimap                                      : loaded 2 times (x 120B)
Class com.google.common.collect.ImmutableRangeSet$1                                   : loaded 2 times (x 206B)
Class com.google.common.util.concurrent.AbstractFuture$UnsafeAtomicHelper$1           : loaded 2 times (x 73B)
Class com.google.common.collect.RegularImmutableAsList                                : loaded 2 times (x 213B)
Class com.google.common.base.Optional                                                 : loaded 2 times (x 77B)
Class com.google.common.collect.Range                                                 : loaded 2 times (x 84B)
Class com.google.common.util.concurrent.AbstractFuture$Trusted                        : loaded 2 times (x 67B)
Class com.google.common.collect.Iterators                                             : loaded 2 times (x 68B)
Class com.google.common.base.CharMatcher$RangesMatcher                                : loaded 2 times (x 109B)
Class com.google.common.io.ByteSink$AsCharSink                                        : loaded 2 times (x 77B)
Class com.google.common.util.concurrent.UncheckedExecutionException                   : loaded 2 times (x 79B)
Class com.google.common.collect.Lists$StringAsImmutableList                           : loaded 2 times (x 204B)
Class org.gradle.kotlin.dsl.VersionCatalogAccessorsKt                                 : loaded 2 times (x 68B)
Class com.google.common.collect.ImmutableSortedSetFauxverideShim                      : loaded 2 times (x 144B)
Class com.google.common.base.CharMatcher$JavaLetterOrDigit                            : loaded 2 times (x 108B)
Class org.gradle.internal.InternalTransformer                                         : loaded 2 times (x 67B)
Class com.google.common.collect.AbstractMapBasedMultimap$KeySet$1                     : loaded 2 times (x 79B)
Class org.objectweb.asm.ClassWriter                                                   : loaded 2 times (x 103B)
Class com.google.common.cache.CacheLoader$UnsupportedLoadingOperationException        : loaded 2 times (x 79B)
Class com.google.common.base.CharMatcher$And                                          : loaded 2 times (x 109B)
Class org.gradle.internal.classloader.ClasspathUtil$1                                 : loaded 2 times (x 73B)
Class com.google.common.collect.FluentIterable$1                                      : loaded 2 times (x 78B)
Class com.google.common.base.Objects                                                  : loaded 2 times (x 68B)
Class org.objectweb.asm.FieldVisitor                                                  : loaded 2 times (x 74B)
Class com.google.common.collect.IndexedImmutableSet                                   : loaded 2 times (x 147B)
Class com.google.common.collect.ImmutableMap$1                                        : loaded 2 times (x 78B)
Class com.google.common.collect.BiMap                                                 : loaded 2 times (x 67B)
Class org.gradle.api.internal.classpath.DefaultModuleRegistry$DefaultModule           : loaded 2 times (x 83B)
Class com.google.common.base.Absent                                                   : loaded 2 times (x 77B)
Class com.google.common.collect.FluentIterable$2                                      : loaded 2 times (x 78B)
Class com.google.common.primitives.Ints                                               : loaded 2 times (x 68B)
Class com.google.common.base.Equivalence$Identity                                     : loaded 2 times (x 79B)
Class com.google.common.collect.FluentIterable$3                                      : loaded 2 times (x 78B)
Class com.google.common.math.MathPreconditions                                        : loaded 2 times (x 68B)
Class com.google.common.collect.Multiset                                              : loaded 2 times (x 67B)
Class com.google.common.collect.ArrayListMultimapGwtSerializationDependencies         : loaded 2 times (x 169B)
Class com.google.common.collect.ObjectArrays                                          : loaded 2 times (x 68B)
Class com.google.common.collect.AbstractIndexedListIterator                           : loaded 2 times (x 93B)
Class com.google.common.collect.ImmutableMapEntrySet                                  : loaded 2 times (x 148B)
Class org.gradle.api.internal.classpath.Module                                        : loaded 2 times (x 67B)
Class com.google.common.cache.Weigher                                                 : loaded 2 times (x 67B)
Class org.gradle.api.internal.classpath.UnknownModuleException                        : loaded 2 times (x 79B)
Class com.google.common.base.Stopwatch                                                : loaded 2 times (x 69B)
Class com.google.common.cache.LocalCache$Strength                                     : loaded 2 times (x 78B)
Class com.google.common.cache.Cache                                                   : loaded 2 times (x 67B)
Class com.google.common.io.Files$2                                                    : loaded 2 times (x 73B)
Class com.google.common.io.AppendableWriter                                           : loaded 2 times (x 97B)
Class com.google.common.util.concurrent.AbstractFuture$Cancellation                   : loaded 2 times (x 69B)
Class com.google.common.collect.ImmutableMap$Builder                                  : loaded 2 times (x 79B)
Class com.google.common.base.NullnessCasts                                            : loaded 2 times (x 68B)
Class com.google.common.base.Present                                                  : loaded 2 times (x 78B)
Class com.google.common.cache.RemovalListener                                         : loaded 2 times (x 67B)
Class org.gradle.api.internal.DefaultClassPathRegistry                                : loaded 2 times (x 73B)
Class com.google.common.collect.ImmutableMultimap$Keys                                : loaded 2 times (x 163B)
Class com.google.common.primitives.IntsMethodsForWeb                                  : loaded 2 times (x 68B)
Class com.google.common.collect.Multimap                                              : loaded 2 times (x 67B)
Class org.gradle.api.internal.ClassPathRegistry                                       : loaded 2 times (x 67B)
Class org.gradle.internal.classpath.DefaultClassPath$ImmutableUniqueList              : loaded 2 times (x 196B)
Class com.google.common.collect.NullnessCasts                                         : loaded 2 times (x 68B)
Class com.google.common.collect.MapMakerInternalMap$Segment                           : loaded 2 times (x 139B)
Class com.google.common.base.ExtraObjectsMethodsForWeb                                : loaded 2 times (x 68B)
Class com.google.common.base.PairwiseEquivalence                                      : loaded 2 times (x 80B)
Class com.google.common.io.ByteSink                                                   : loaded 2 times (x 73B)
Class com.google.common.cache.CacheBuilder                                            : loaded 2 times (x 69B)
Class com.google.common.collect.SingletonImmutableList                                : loaded 2 times (x 204B)
Class Settings_gradle$1                                                               : loaded 2 times (x 71B)
Class org.gradle.internal.classpath.ClassPath                                         : loaded 2 times (x 67B)
Class org.gradle.api.UncheckedIOException                                             : loaded 2 times (x 79B)
Class com.google.common.collect.Interners$InternerBuilder                             : loaded 2 times (x 73B)
Class com.google.common.io.Files$FileByteSource                                       : loaded 2 times (x 82B)
Class com.google.common.collect.ImmutableList$ReverseImmutableList                    : loaded 2 times (x 205B)
Class com.google.common.base.JdkPattern                                               : loaded 2 times (x 72B)
Class com.google.common.io.CharStreams$NullWriter                                     : loaded 2 times (x 96B)
Class org.objectweb.asm.SymbolTable$Entry                                             : loaded 2 times (x 71B)
Class com.google.common.util.concurrent.AbstractFuture$AtomicHelper                   : loaded 2 times (x 75B)
Class org.objectweb.asm.Edge                                                          : loaded 2 times (x 69B)
Class com.google.common.base.Suppliers$SupplierOfInstance                             : loaded 2 times (x 76B)
Class com.google.common.collect.Iterators$1                                           : loaded 2 times (x 78B)
Class com.google.common.cache.LocalCache$ComputingValueReference                      : loaded 2 times (x 93B)
Class com.google.common.collect.SingletonImmutableSet                                 : loaded 2 times (x 143B)
Class com.google.common.collect.ImmutableMap$IteratorBasedImmutableMap                : loaded 2 times (x 122B)
Class com.google.common.cache.LocalCache$Segment                                      : loaded 2 times (x 151B)
Class com.google.common.collect.SortedIterable                                        : loaded 2 times (x 67B)
Class [Lorg.objectweb.asm.SymbolTable$Entry;                                          : loaded 2 times (x 66B)
Class com.google.common.cache.CacheLoader                                             : loaded 2 times (x 71B)
Class com.google.common.collect.Iterators$4                                           : loaded 2 times (x 79B)
Class com.google.common.collect.ImmutableBiMap                                        : loaded 2 times (x 140B)
Class com.google.common.collect.AbstractListMultimap                                  : loaded 2 times (x 169B)
Class org.gradle.internal.installation.GradleInstallation$1                           : loaded 2 times (x 72B)
Class org.gradle.api.internal.classpath.ModuleRegistry                                : loaded 2 times (x 67B)
Class com.google.common.util.concurrent.internal.InternalFutureFailureAccess          : loaded 2 times (x 69B)
Class com.google.common.collect.Iterators$5                                           : loaded 2 times (x 79B)
Class com.google.common.collect.ImmutableSet$JdkBackedSetBuilderImpl                  : loaded 2 times (x 73B)
Class com.google.common.base.Splitter$SplittingIterator                               : loaded 2 times (x 81B)
Class com.google.common.io.Closer$SuppressingSuppressor                               : loaded 2 times (x 72B)
Class com.google.common.collect.ImmutableMultimap$Values                              : loaded 2 times (x 123B)
Class com.google.common.util.concurrent.AbstractFuture$UnsafeAtomicHelper             : loaded 2 times (x 75B)
Class com.google.common.cache.LocalCache$LocalManualCache$1                           : loaded 2 times (x 72B)
Class com.google.common.base.CharMatcher$ForPredicate                                 : loaded 2 times (x 109B)
Class com.google.common.collect.ImmutableCollection                                   : loaded 2 times (x 122B)
Class com.google.common.base.CharMatcher$AnyOf                                        : loaded 2 times (x 109B)
Class org.gradle.api.internal.classpath.DefaultModuleRegistry                         : loaded 2 times (x 80B)
Class com.google.common.util.concurrent.ListenableFuture                              : loaded 2 times (x 67B)
Class com.google.common.cache.ReferenceEntry                                          : loaded 2 times (x 67B)
Class com.google.common.collect.ImmutableSet$CachingAsList                            : loaded 2 times (x 144B)
Class com.google.common.base.Converter                                                : loaded 2 times (x 87B)
Class com.google.common.collect.Lists                                                 : loaded 2 times (x 68B)
Class com.google.common.base.CharMatcher$Any                                          : loaded 2 times (x 109B)
Class com.google.common.util.concurrent.AbstractFuture                                : loaded 2 times (x 103B)
Class com.google.common.base.FunctionalEquivalence                                    : loaded 2 times (x 80B)
Class com.google.common.collect.Iterators$9                                           : loaded 2 times (x 78B)
Class com.google.common.collect.AbstractMapBasedMultimap                              : loaded 2 times (x 136B)
Class com.google.common.collect.ImmutableAsList                                       : loaded 2 times (x 206B)
Class com.google.common.io.CharStreams                                                : loaded 2 times (x 68B)
Class com.google.common.collect.ImmutableMultiset                                     : loaded 2 times (x 160B)
Class org.objectweb.asm.RecordComponentVisitor                                        : loaded 2 times (x 74B)
Class com.google.common.cache.CacheLoader$SupplierToCacheLoader                       : loaded 2 times (x 72B)
Class com.google.common.collect.Maps$EntryTransformer                                 : loaded 2 times (x 67B)
Class org.gradle.internal.service.ServiceLookupException                              : loaded 2 times (x 79B)
Class com.google.common.collect.ImmutableSortedSet                                    : loaded 2 times (x 296B)
Class [Lcom.google.common.cache.LocalCache$EntryFactory;                              : loaded 2 times (x 66B)
Class com.google.common.base.CharMatcher$JavaLetter                                   : loaded 2 times (x 108B)
Class org.gradle.internal.classloader.ClassLoaderFactory                              : loaded 2 times (x 67B)
Class com.google.common.cache.LocalCache$LocalManualCache                             : loaded 2 times (x 96B)
Class com.google.common.base.CharMatcher$IsNot                                        : loaded 2 times (x 108B)
Class com.google.common.base.CommonPattern                                            : loaded 2 times (x 71B)
Class org.gradle.internal.service.CachingServiceLocator                               : loaded 2 times (x 79B)
Class com.google.common.collect.AbstractMapBasedMultimap$KeySet                       : loaded 2 times (x 134B)
Class com.google.common.collect.RegularImmutableSortedSet                             : loaded 2 times (x 296B)
Class com.google.common.math.IntMath                                                  : loaded 2 times (x 68B)
Class com.google.common.collect.MapMakerInternalMap$InternalEntry                     : loaded 2 times (x 67B)
Class com.google.common.collect.Iterators$10                                          : loaded 2 times (x 78B)
Class com.google.common.collect.ImmutableMapEntry                                     : loaded 2 times (x 82B)
Class com.google.common.base.CharMatcher$JavaDigit                                    : loaded 2 times (x 108B)
Class com.google.common.collect.ImmutableMultimap                                     : loaded 2 times (x 144B)
Class com.google.common.base.Equivalence                                              : loaded 2 times (x 79B)
Class com.google.common.collect.ImmutableMapEntry$NonTerminalImmutableMapEntry        : loaded 2 times (x 82B)
Class com.google.common.base.Function                                                 : loaded 2 times (x 67B)
Class com.google.common.collect.IndexedImmutableSet$1                                 : loaded 2 times (x 209B)
Class com.google.common.cache.CacheBuilder$OneWeigher                                 : loaded 2 times (x 79B)
Class com.google.common.collect.RegularImmutableList                                  : loaded 2 times (x 209B)
Class com.google.common.collect.ImmutableBiMapFauxverideShim                          : loaded 2 times (x 117B)
Class org.gradle.internal.classloader.ClasspathUtil                                   : loaded 2 times (x 68B)
Class com.google.common.base.Charsets                                                 : loaded 2 times (x 68B)
Class com.google.common.util.concurrent.Uninterruptibles                              : loaded 2 times (x 68B)
Class com.google.common.collect.Maps                                                  : loaded 2 times (x 68B)
Class com.google.common.base.CharMatcher$JavaUpperCase                                : loaded 2 times (x 108B)
Class org.gradle.api.specs.Spec                                                       : loaded 2 times (x 67B)
Class com.google.common.collect.MapMaker                                              : loaded 2 times (x 69B)
Class [Lcom.google.common.collect.ImmutableEntry;                                     : loaded 2 times (x 66B)
Class com.google.common.cache.LocalCache$LoadingValueReference                        : loaded 2 times (x 93B)
Class com.google.common.collect.AbstractIterator                                      : loaded 2 times (x 79B)
Class com.google.common.collect.MapMakerInternalMap$StrongKeyDummyValueEntry          : loaded 2 times (x 79B)
Class com.google.common.io.LineReader$1                                               : loaded 2 times (x 72B)
Class com.google.common.collect.CollectSpliterators                                   : loaded 2 times (x 68B)
Class com.google.common.collect.AbstractMapBasedMultimap$AsMap                        : loaded 2 times (x 125B)
Class com.google.common.base.Platform                                                 : loaded 2 times (x 68B)
Class [Lorg.objectweb.asm.AnnotationWriter;                                           : loaded 2 times (x 66B)
Class com.google.common.collect.AbstractMapBasedMultimap$WrappedList                  : loaded 2 times (x 202B)
Class com.google.common.primitives.Ints$IntConverter                                  : loaded 2 times (x 87B)
Class com.google.common.collect.Maps$8                                                : loaded 2 times (x 79B)
Class [Lcom.google.common.collect.Iterators$EmptyModifiableIterator;                  : loaded 2 times (x 66B)
Class com.google.common.collect.ImmutableRangeSet$Builder                             : loaded 2 times (x 74B)
Class com.google.common.collect.Sets$SetView                                          : loaded 2 times (x 135B)
Class com.google.common.cache.LocalCache$StrongValueReference                         : loaded 2 times (x 87B)
Class com.google.common.util.concurrent.AbstractFuture$SynchronizedHelper             : loaded 2 times (x 75B)
Class com.google.common.base.CharMatcher$Invisible                                    : loaded 2 times (x 109B)
Class com.google.common.graph.SuccessorsFunction                                      : loaded 2 times (x 67B)
Class org.objectweb.asm.Type                                                          : loaded 2 times (x 69B)
Class org.gradle.internal.classloader.VisitableURLClassLoader$InstrumentingVisitableURLClassLoader: loaded 2 times (x 120B)
Class com.google.common.collect.MapMakerInternalMap$StrongKeyDummyValueEntry$Helper   : loaded 2 times (x 76B)
Class com.google.common.io.Files$FileByteSink                                         : loaded 2 times (x 74B)
Class org.objectweb.asm.ByteVector                                                    : loaded 2 times (x 76B)
Class [Lcom.google.common.cache.CacheBuilder$NullListener;                            : loaded 2 times (x 66B)
Class com.google.common.math.IntMath$1                                                : loaded 2 times (x 68B)
Class org.gradle.internal.classloader.VisitableURLClassLoader$Spec                    : loaded 2 times (x 71B)
Class org.gradle.internal.classpath.DefaultClassPath                                  : loaded 2 times (x 87B)
Class org.objectweb.asm.Symbol                                                        : loaded 2 times (x 70B)
Class com.google.common.base.AbstractIterator                                         : loaded 2 times (x 77B)
Class com.google.common.io.Closer                                                     : loaded 2 times (x 75B)
Class com.google.common.io.Java8Compatibility                                         : loaded 2 times (x 68B)
Class com.google.common.collect.RegularImmutableMap$Values                            : loaded 2 times (x 204B)
Class com.google.common.collect.ImmutableSet                                          : loaded 2 times (x 142B)
Class com.google.common.base.CharMatcher$BitSetMatcher                                : loaded 2 times (x 109B)
Class com.google.common.base.CharMatcher$Ascii                                        : loaded 2 times (x 109B)
Class org.gradle.internal.classloader.ClassLoaderSpec                                 : loaded 2 times (x 68B)
Class org.objectweb.asm.AnnotationWriter                                              : loaded 2 times (x 76B)
Class com.google.common.cache.CacheStats                                              : loaded 2 times (x 68B)
Class com.google.common.collect.Interners                                             : loaded 2 times (x 68B)
Class com.google.common.io.Closer$Suppressor                                          : loaded 2 times (x 67B)
Class com.google.common.io.LineProcessor                                              : loaded 2 times (x 67B)
Class com.google.common.collect.ImmutableMultisetGwtSerializationDependencies         : loaded 2 times (x 122B)
Class org.objectweb.asm.RecordComponentWriter                                         : loaded 2 times (x 75B)
Class com.google.common.util.concurrent.AbstractFuture$Listener                       : loaded 2 times (x 69B)
Class com.google.common.base.CharMatcher$Or                                           : loaded 2 times (x 109B)
Class Settings_gradle$1$1                                                             : loaded 2 times (x 71B)
Class org.objectweb.asm.Attribute                                                     : loaded 2 times (x 74B)
Class com.google.common.base.Supplier                                                 : loaded 2 times (x 67B)
Class org.gradle.internal.classloader.VisitableURLClassLoader                         : loaded 2 times (x 114B)
Class com.google.common.collect.ImmutableList$SerializedForm                          : loaded 2 times (x 70B)
Class com.google.common.util.concurrent.AbstractFuture$Waiter                         : loaded 2 times (x 69B)
Class Settings_gradle                                                                 : loaded 2 times (x 125B)
Class org.gradle.internal.Cast                                                        : loaded 2 times (x 68B)
Class org.gradle.api.Action                                                           : loaded 2 times (x 67B)
Class com.google.common.collect.MapMakerInternalMap                                   : loaded 2 times (x 158B)
Class com.google.common.collect.Sets                                                  : loaded 2 times (x 68B)
Class org.objectweb.asm.Handler                                                       : loaded 2 times (x 69B)
Class com.google.common.base.Ticker                                                   : loaded 2 times (x 69B)
Class com.google.common.base.Strings                                                  : loaded 2 times (x 68B)
Class com.google.common.base.CharMatcher$FastMatcher                                  : loaded 2 times (x 108B)
Class org.gradle.internal.agents.InstrumentingClassLoader                             : loaded 2 times (x 67B)
Class [Lcom.google.common.cache.LocalCache$Segment;                                   : loaded 2 times (x 66B)
Class [Lcom.google.common.cache.LocalCache$Strength;                                  : loaded 2 times (x 66B)
Class com.google.common.cache.CacheBuilder$1                                          : loaded 2 times (x 82B)
Class com.google.common.collect.ImmutableMap                                          : loaded 2 times (x 117B)
Class com.google.common.base.Predicate                                                : loaded 2 times (x 67B)
Class org.gradle.internal.classpath.DefaultClassPath$ImmutableUniqueList$Builder      : loaded 2 times (x 72B)
Class com.google.common.collect.MapMakerInternalMap$WeakValueReference                : loaded 2 times (x 67B)
Class com.google.common.collect.AbstractRangeSet                                      : loaded 2 times (x 111B)
Class com.google.common.cache.LocalCache                                              : loaded 2 times (x 184B)
Class com.google.common.cache.CacheBuilder$2                                          : loaded 2 times (x 69B)
Class com.google.common.base.CharMatcher$NegatedFastMatcher                           : loaded 2 times (x 110B)
Class [Lcom.google.common.collect.AbstractMapEntry;                                   : loaded 2 times (x 66B)
Class com.google.common.collect.ImmutableEntry                                        : loaded 2 times (x 79B)
Class com.google.common.collect.ArrayListMultimap                                     : loaded 2 times (x 169B)
Class com.google.common.base.AbstractIterator$1                                       : loaded 2 times (x 68B)
Class com.google.common.base.CharMatcher$Digit                                        : loaded 2 times (x 109B)
Class org.gradle.api.GradleException                                                  : loaded 2 times (x 79B)
Class com.google.common.base.Suppliers$MemoizingSupplier                              : loaded 2 times (x 76B)
Class com.google.common.collect.CollectPreconditions                                  : loaded 2 times (x 68B)
Class com.google.common.base.CharMatcher$JavaIsoControl                               : loaded 2 times (x 109B)
Class [Lcom.google.common.collect.MapMakerInternalMap$Strength;                       : loaded 2 times (x 66B)
Class [Lcom.google.common.io.FileWriteMode;                                           : loaded 2 times (x 66B)
Class com.google.common.collect.SortedMapDifference                                   : loaded 2 times (x 67B)
Class com.google.common.base.CharMatcher$JavaLowerCase                                : loaded 2 times (x 108B)
Class com.google.common.collect.MapMakerInternalMap$StrongKeyDummyValueSegment        : loaded 2 times (x 139B)
Class com.google.common.collect.Iterables$4                                           : loaded 2 times (x 78B)
Class com.google.common.io.Files                                                      : loaded 2 times (x 68B)
Class com.google.common.cache.LocalCache$EntryFactory                                 : loaded 2 times (x 80B)
Class [Lcom.google.common.collect.MapMaker$Dummy;                                     : loaded 2 times (x 66B)
Class com.google.common.cache.LocalCache$AbstractReferenceEntry                       : loaded 2 times (x 104B)
Class com.google.common.base.Splitter$1$1                                             : loaded 2 times (x 83B)
Class com.google.common.base.CharMatcher$Whitespace                                   : loaded 2 times (x 109B)
Class org.gradle.internal.IoActions                                                   : loaded 2 times (x 68B)
Class com.google.common.collect.ImmutableMapKeySet                                    : loaded 2 times (x 147B)
Class com.google.common.collect.ImmutableRangeSet$ComplementRanges                    : loaded 2 times (x 204B)
Class org.objectweb.asm.SymbolTable                                                   : loaded 2 times (x 69B)
Class com.google.common.cache.CacheLoader$InvalidCacheLoadException                   : loaded 2 times (x 79B)
Class com.google.common.collect.ImmutableSet$RegularSetBuilderImpl                    : loaded 2 times (x 74B)
Class com.google.common.base.CharMatcher$SingleWidth                                  : loaded 2 times (x 109B)
Class org.gradle.internal.classloader.SystemClassLoaderSpec                           : loaded 2 times (x 68B)
Class com.google.common.collect.FluentIterable                                        : loaded 2 times (x 78B)
Class com.google.common.cache.LocalCache$StrongEntry                                  : loaded 2 times (x 105B)
Class com.google.common.util.concurrent.AbstractFuture$TrustedFuture                  : loaded 2 times (x 111B)
Class com.google.common.cache.LoadingCache                                            : loaded 2 times (x 67B)
Class com.google.common.base.Suppliers$NonSerializableMemoizingSupplier               : loaded 2 times (x 76B)
Class org.objectweb.asm.MethodWriter                                                  : loaded 2 times (x 103B)
Class [Lcom.google.common.cache.Weigher;                                              : loaded 2 times (x 66B)
Class com.google.common.collect.RegularImmutableMap$BucketOverflowException           : loaded 2 times (x 79B)
Class com.google.common.collect.ImmutableMultimap$1                                   : loaded 2 times (x 79B)
Class com.google.common.collect.AbstractMapBasedMultimap$RandomAccessWrappedList      : loaded 2 times (x 202B)
Class com.google.common.collect.AbstractIterator$State                                : loaded 2 times (x 76B)
Class com.google.common.collect.ImmutableMultimap$2                                   : loaded 2 times (x 78B)
Class com.google.common.collect.RegularImmutableBiMap                                 : loaded 2 times (x 145B)
Class com.google.common.cache.LocalCache$ValueReference                               : loaded 2 times (x 67B)
Class com.google.common.base.CharMatcher$Negated                                      : loaded 2 times (x 110B)
Class com.google.common.base.CharMatcher$Is                                           : loaded 2 times (x 108B)
Class com.google.common.util.concurrent.AbstractFuture$Failure                        : loaded 2 times (x 69B)
Class com.google.common.base.Equivalence$Equals                                       : loaded 2 times (x 79B)
Class com.google.common.collect.Hashing                                               : loaded 2 times (x 68B)
Class com.google.common.base.PatternCompiler                                          : loaded 2 times (x 67B)
Class com.google.common.base.Preconditions                                            : loaded 2 times (x 68B)
Class com.google.common.io.CharSink                                                   : loaded 2 times (x 76B)
Class com.google.common.base.Joiner$1                                                 : loaded 2 times (x 77B)
Class org.objectweb.asm.Label                                                         : loaded 2 times (x 70B)
Class org.objectweb.asm.CurrentFrame                                                  : loaded 2 times (x 70B)
Class org.objectweb.asm.ClassTooLargeException                                        : loaded 2 times (x 80B)
Class com.google.common.collect.PeekingIterator                                       : loaded 2 times (x 67B)
Class com.google.common.base.CharMatcher                                              : loaded 2 times (x 108B)
Class com.google.common.collect.Table                                                 : loaded 2 times (x 67B)
Class com.google.common.collect.MapMakerInternalMap$InternalEntryHelper               : loaded 2 times (x 67B)
Class com.google.common.collect.RangeGwtSerializationDependencies                     : loaded 2 times (x 68B)
Class com.google.common.base.Joiner$2                                                 : loaded 2 times (x 76B)
Class org.objectweb.asm.Frame                                                         : loaded 2 times (x 70B)
Class org.objectweb.asm.MethodVisitor                                                 : loaded 2 times (x 102B)
Class com.google.common.cache.LocalCache$EntryFactory$1                               : loaded 2 times (x 80B)
Class [Lcom.google.common.cache.RemovalListener;                                      : loaded 2 times (x 66B)
Class com.google.common.base.CharMatcher$1                                            : loaded 2 times (x 110B)
Class com.google.common.base.CharMatcher$NamedFastMatcher                             : loaded 2 times (x 109B)
Class com.google.common.collect.RangeSet                                              : loaded 2 times (x 67B)
Class com.google.common.cache.LocalCache$EntryFactory$2                               : loaded 2 times (x 80B)
Class com.google.common.collect.CollectCollectors                                     : loaded 2 times (x 68B)
Class org.objectweb.asm.ModuleWriter                                                  : loaded 2 times (x 79B)
Class com.google.common.cache.LocalCache$EntryFactory$3                               : loaded 2 times (x 80B)
Class com.google.common.base.Ticker$1                                                 : loaded 2 times (x 69B)
Class com.google.common.collect.ImmutableMapEntrySet$RegularEntrySet                  : loaded 2 times (x 148B)
Class com.google.common.collect.Maps$BiMapConverter                                   : loaded 2 times (x 87B)
Class com.google.common.collect.CollectSpliterators$1                                 : loaded 2 times (x 87B)
Class com.google.common.cache.LocalCache$EntryFactory$4                               : loaded 2 times (x 80B)
Class com.google.common.collect.ImmutableSet$Builder                                  : loaded 2 times (x 82B)
Class com.google.common.base.CharMatcher$InRange                                      : loaded 2 times (x 108B)
Class com.google.common.cache.LocalCache$EntryFactory$5                               : loaded 2 times (x 80B)
Class com.google.common.io.LineReader                                                 : loaded 2 times (x 69B)
Class com.google.common.cache.LocalCache$EntryFactory$6                               : loaded 2 times (x 80B)
Class org.gradle.internal.installation.CurrentGradleInstallationLocator               : loaded 2 times (x 68B)
Class com.google.common.collect.ImmutableMultimap$Builder                             : loaded 2 times (x 80B)
Class com.google.common.collect.Maps$KeySet                                           : loaded 2 times (x 134B)
Class com.google.common.cache.LocalCache$EntryFactory$7                               : loaded 2 times (x 80B)
Class com.google.common.collect.ImmutableSet$EmptySetBuilderImpl                      : loaded 2 times (x 73B)
Class com.google.common.collect.ImmutableList                                         : loaded 2 times (x 203B)
Class org.gradle.internal.service.DefaultServiceLocator                               : loaded 2 times (x 80B)
Class com.google.common.collect.ImmutableMultimap$EntryCollection                     : loaded 2 times (x 124B)
Class com.google.common.collect.Maps$EntrySet                                         : loaded 2 times (x 133B)
Class com.google.common.cache.LocalCache$EntryFactory$8                               : loaded 2 times (x 80B)
Class com.google.common.collect.ImmutableSet$SetBuilderImpl                           : loaded 2 times (x 73B)
Class org.gradle.internal.installation.CurrentGradleInstallation                      : loaded 2 times (x 70B)
Class com.google.common.cache.CacheLoader$1                                           : loaded 2 times (x 72B)
Class com.google.common.collect.ForwardingObject                                      : loaded 2 times (x 69B)
Class com.google.common.collect.ImmutableList$SubList                                 : loaded 2 times (x 205B)
Class org.gradle.util.internal.GUtil                                                  : loaded 2 times (x 68B)
Class com.google.common.io.ByteSource                                                 : loaded 2 times (x 81B)
Class com.google.common.util.concurrent.AbstractFuture$SetFuture                      : loaded 2 times (x 72B)
Class com.google.common.cache.AbstractCache$StatsCounter                              : loaded 2 times (x 67B)
Class com.google.common.collect.MapMakerInternalMap$1                                 : loaded 2 times (x 80B)
Class com.google.common.io.LineBuffer                                                 : loaded 2 times (x 72B)
Class com.google.common.collect.Iterators$MergingIterator                             : loaded 2 times (x 78B)
Class com.google.common.collect.RegularImmutableSet                                   : loaded 2 times (x 145B)
Class org.gradle.internal.installation.GradleInstallation                             : loaded 2 times (x 72B)
Class com.google.common.collect.Iterables                                             : loaded 2 times (x 68B)
Class com.google.common.base.Splitter$Strategy                                        : loaded 2 times (x 67B)

---------------  S Y S T E M  ---------------

OS:
 Windows 11 , 64 bit Build 26100 (10.0.26100.6725)
OS uptime: 4 days 7:54 hours

CPU: total 8 (initial active 8) (4 cores per cpu, 2 threads per core) family 6 model 142 stepping 12 microcode 0xfc, cx8, cmov, fxsr, ht, mmx, 3dnowpref, sse, sse2, sse3, ssse3, sse4.1, sse4.2, popcnt, lzcnt, tsc, tscinvbit, avx, avx2, aes, erms, clmul, bmi1, bmi2, adx, fma, vzeroupper, clflush, clflushopt, rdtscp, f16c
Processor Information for all 8 processors :
  Max Mhz: 2112, Current Mhz: 1609, Mhz Limit: 1605

Memory: 4k page, system-wide physical 7952M (665M free)
TotalPageFile size 23952M (AvailPageFile size 199M)
current process WorkingSet (physical memory assigned to process): 1219M, peak: 1219M
current process commit charge ("private bytes"): 1637M, peak: 2050M

vm_info: OpenJDK 64-Bit Server VM (21.0.3+-12282718-b509.11) for windows-amd64 JRE (21.0.3+-12282718-b509.11), built on 2024-08-27T17:34:15Z by "builder" with MS VC++ 16.10 / 16.11 (VS2019)

END.
