#
# There is insufficient memory for the Java Runtime Environment to continue.
# Native memory allocation (malloc) failed to allocate 1090896 bytes. Error detail: Chunk::new
# Possible reasons:
#   The system is out of physical RAM or swap space
#   This process is running with CompressedOops enabled, and the Java Heap may be blocking the growth of the native heap
# Possible solutions:
#   Reduce memory load on the system
#   Increase physical memory or swap space
#   Check if swap backing store is full
#   Decrease Java heap size (-Xmx/-Xms)
#   Decrease number of Java threads
#   Decrease Java thread stack sizes (-Xss)
#   Set larger code cache with -XX:ReservedCodeCacheSize=
#   JVM is running with Unscaled Compressed Oops mode in which the Java heap is
#     placed in the first 4GB address space. The Java Heap base address is the
#     maximum limit for the native heap growth. Please use -XX:HeapBaseMinAddress
#     to set the Java Heap base and to place the Java Heap above 4GB virtual address.
# This output file may be truncated or incomplete.
#
#  Out of Memory Error (arena.cpp:168), pid=18384, tid=22700
#
# JRE version: OpenJDK Runtime Environment (21.0.3) (build 21.0.3+-12282718-b509.11)
# Java VM: OpenJDK 64-Bit Server VM (21.0.3+-12282718-b509.11, mixed mode, tiered, compressed oops, compressed class ptrs, g1 gc, windows-amd64)
# No core dump will be written. Minidumps are not enabled by default on client versions of Windows
#

---------------  S U M M A R Y ------------

Command Line: --add-opens=java.base/java.util=ALL-UNNAMED --add-opens=java.base/java.lang=ALL-UNNAMED --add-opens=java.base/java.lang.invoke=ALL-UNNAMED --add-opens=java.prefs/java.util.prefs=ALL-UNNAMED --add-exports=jdk.compiler/com.sun.tools.javac.api=ALL-UNNAMED --add-exports=jdk.compiler/com.sun.tools.javac.util=ALL-UNNAMED --add-opens=java.base/java.nio.charset=ALL-UNNAMED --add-opens=java.base/java.net=ALL-UNNAMED --add-opens=java.base/java.util.concurrent.atomic=ALL-UNNAMED -Xmx2048m -Dfile.encoding=UTF-8 -Duser.country=US -Duser.language=en -Duser.variant -javaagent:C:\Users\MCC2104001_003\.gradle\wrapper\dists\gradle-8.9-bin\90cnw93cvbtalezasaz0blq0a\gradle-8.9\lib\agents\gradle-instrumentation-agent-8.9.jar org.gradle.launcher.daemon.bootstrap.GradleDaemon 8.9

Host: Intel(R) Core(TM) i5-10210U CPU @ 1.60GHz, 8 cores, 7G,  Windows 11 , 64 bit Build 26100 (10.0.26100.7705)
Time: Mon Mar  9 14:40:37 2026 SE Asia Standard Time elapsed time: 49.348185 seconds (0d 0h 0m 49s)

---------------  T H R E A D  ---------------

Current thread (0x0000024e44364e30):  JavaThread "C2 CompilerThread0" daemon [_thread_in_native, id=22700, stack(0x000000a1eca00000,0x000000a1ecb00000) (1024K)]


Current CompileTask:
C2:  49348 15464   !   4       org.gradle.api.internal.artifacts.ivyservice.resolveengine.artifact.VariantResolvingArtifactSet::select (153 bytes)

Stack: [0x000000a1eca00000,0x000000a1ecb00000]
Native frames: (J=compiled Java code, j=interpreted, Vv=VM code, C=native code)
V  [jvm.dll+0x6cafb9]
V  [jvm.dll+0x858523]
V  [jvm.dll+0x85aa7e]
V  [jvm.dll+0x85b163]
V  [jvm.dll+0x27d356]
V  [jvm.dll+0xbf93d]
V  [jvm.dll+0xbfe73]
V  [jvm.dll+0x2f0eb1]
V  [jvm.dll+0x5f5a39]
V  [jvm.dll+0x24fad2]
V  [jvm.dll+0x24840d]
V  [jvm.dll+0x245fce]
V  [jvm.dll+0x1c5804]
V  [jvm.dll+0x25575c]
V  [jvm.dll+0x253c36]
V  [jvm.dll+0x3ec996]
V  [jvm.dll+0x800d78]
V  [jvm.dll+0x6c98cd]
C  [ucrtbase.dll+0x37b0]
C  [KERNEL32.DLL+0x2e8d7]
C  [ntdll.dll+0x8c40c]


---------------  P R O C E S S  ---------------

Threads class SMR info:
_java_thread_list=0x0000024e4f156b80, length=138, elements={
0x0000024e2cae10c0, 0x0000024e4437f720, 0x0000024e4435de10, 0x0000024e4436a8b0,
0x0000024e4436b310, 0x0000024e443617c0, 0x0000024e443625f0, 0x0000024e44364e30,
0x0000024e443692d0, 0x0000024e444ac110, 0x0000024e448380b0, 0x0000024e49f62290,
0x0000024e4a0ac640, 0x0000024e4a60e4f0, 0x0000024e49431990, 0x0000024e49432a60,
0x0000024e4a12b420, 0x0000024e4a60bb40, 0x0000024e4a238da0, 0x0000024e4a239ac0,
0x0000024e4a23a150, 0x0000024e4a23a7e0, 0x0000024e4a23ae70, 0x0000024e4a238080,
0x0000024e4a238710, 0x0000024e4a23b500, 0x0000024e4e70ee40, 0x0000024e4e710f10,
0x0000024e4e710880, 0x0000024e4e7115a0, 0x0000024e4e7101f0, 0x0000024e4e70e120,
0x0000024e4e715740, 0x0000024e4a242d70, 0x0000024e4a2419c0, 0x0000024e4a240610,
0x0000024e4a2426e0, 0x0000024e4a23ff80, 0x0000024e4a23f8f0, 0x0000024e4a243a90,
0x0000024e4a243400, 0x0000024e4a244120, 0x0000024e4a241330, 0x0000024e4a242050,
0x0000024e4a2454d0, 0x0000024e4a2447b0, 0x0000024e4a244e40, 0x0000024e4a246880,
0x0000024e4a2461f0, 0x0000024e4a246f10, 0x0000024e4c4cc190, 0x0000024e4c4cdbd0,
0x0000024e4c4ce260, 0x0000024e4c4cc820, 0x0000024e4c4d0330, 0x0000024e4ce58950,
0x0000024e4ce5d180, 0x0000024e4ce5d810, 0x0000024e4ce5b740, 0x0000024e4ce5dea0,
0x0000024e4ce5c460, 0x0000024e4ce5e530, 0x0000024e4ce5ebc0, 0x0000024e4c4d09c0,
0x0000024e4c4d1050, 0x0000024e559de300, 0x0000024e559dcf50, 0x0000024e559dd5e0,
0x0000024e559ddc70, 0x0000024e559df020, 0x0000024e559dfd40, 0x0000024e559de990,
0x0000024e4c4cd540, 0x0000024e559e03d0, 0x0000024e4e70e7b0, 0x0000024e4ed840f0,
0x0000024e4ed84780, 0x0000024e4ed82d40, 0x0000024e4ed84e10, 0x0000024e4ed82020,
0x0000024e4ed833d0, 0x0000024e4ed81990, 0x0000024e4ed826b0, 0x0000024e4ed83a60,
0x0000024e4d0cd110, 0x0000024e4d0cb040, 0x0000024e4d0ce4c0, 0x0000024e4abb7600,
0x0000024e4abb96d0, 0x0000024e4abba3f0, 0x0000024e4abb7c90, 0x0000024e4abb6f70,
0x0000024e4abbb7a0, 0x0000024e4abbbe30, 0x0000024e4abbd1e0, 0x0000024e4abbdf00,
0x0000024e4abbcb50, 0x0000024e4abbc4c0, 0x0000024e4abbd870, 0x0000024e4abbaa80,
0x0000024e4abbe590, 0x0000024e4abbb110, 0x0000024e4abb9d60, 0x0000024e4abb8320,
0x0000024e4abb9040, 0x0000024e4abb89b0, 0x0000024e4d0cbd60, 0x0000024e4d0cde30,
0x0000024e4d0cd7a0, 0x0000024e4d0cca80, 0x0000024e4d0ceb50, 0x0000024e4d0cb6d0,
0x0000024e4d0d12b0, 0x0000024e4d0d2660, 0x0000024e4d0cf1e0, 0x0000024e4d0cf870,
0x0000024e4d0cff00, 0x0000024e4d0d0590, 0x0000024e4d0d0c20, 0x0000024e4d0d1940,
0x0000024e4f6a9b70, 0x0000024e4f6aa200, 0x0000024e4f6aa890, 0x0000024e4f6aaf20,
0x0000024e4e504370, 0x0000024e4e506ad0, 0x0000024e4e504a00, 0x0000024e4e506440,
0x0000024e4e508510, 0x0000024e4e508ba0, 0x0000024e4e505720, 0x0000024e4e509230,
0x0000024e4e505db0, 0x0000024e4e511570, 0x0000024e4f6ab5b0, 0x0000024e4f6abc40,
0x0000024e507139f0, 0x0000024e50715530
}

Java Threads: ( => current thread )
  0x0000024e2cae10c0 JavaThread "main"                              [_thread_blocked, id=19768, stack(0x000000a1ebc00000,0x000000a1ebd00000) (1024K)]
  0x0000024e4437f720 JavaThread "Reference Handler"          daemon [_thread_blocked, id=23540, stack(0x000000a1ec400000,0x000000a1ec500000) (1024K)]
  0x0000024e4435de10 JavaThread "Finalizer"                  daemon [_thread_blocked, id=2760, stack(0x000000a1ec500000,0x000000a1ec600000) (1024K)]
  0x0000024e4436a8b0 JavaThread "Signal Dispatcher"          daemon [_thread_blocked, id=24236, stack(0x000000a1ec600000,0x000000a1ec700000) (1024K)]
  0x0000024e4436b310 JavaThread "Attach Listener"            daemon [_thread_blocked, id=12932, stack(0x000000a1ec700000,0x000000a1ec800000) (1024K)]
  0x0000024e443617c0 JavaThread "Service Thread"             daemon [_thread_blocked, id=22776, stack(0x000000a1ec800000,0x000000a1ec900000) (1024K)]
  0x0000024e443625f0 JavaThread "Monitor Deflation Thread"   daemon [_thread_blocked, id=8048, stack(0x000000a1ec900000,0x000000a1eca00000) (1024K)]
=>0x0000024e44364e30 JavaThread "C2 CompilerThread0"         daemon [_thread_in_native, id=22700, stack(0x000000a1eca00000,0x000000a1ecb00000) (1024K)]
  0x0000024e443692d0 JavaThread "C1 CompilerThread0"         daemon [_thread_blocked, id=21680, stack(0x000000a1ecb00000,0x000000a1ecc00000) (1024K)]
  0x0000024e444ac110 JavaThread "Common-Cleaner"             daemon [_thread_blocked, id=12164, stack(0x000000a1ecc00000,0x000000a1ecd00000) (1024K)]
  0x0000024e448380b0 JavaThread "Notification Thread"        daemon [_thread_blocked, id=7784, stack(0x000000a1ecd00000,0x000000a1ece00000) (1024K)]
  0x0000024e49f62290 JavaThread "Daemon health stats"               [_thread_blocked, id=7516, stack(0x000000a1ed300000,0x000000a1ed400000) (1024K)]
  0x0000024e4a0ac640 JavaThread "Incoming local TCP Connector on port 58256"        [_thread_in_native, id=13144, stack(0x000000a1ed400000,0x000000a1ed500000) (1024K)]
  0x0000024e4a60e4f0 JavaThread "Daemon periodic checks"            [_thread_blocked, id=14896, stack(0x000000a1ed500000,0x000000a1ed600000) (1024K)]
  0x0000024e49431990 JavaThread "Daemon"                            [_thread_blocked, id=8688, stack(0x000000a1ed600000,0x000000a1ed700000) (1024K)]
  0x0000024e49432a60 JavaThread "Handler for socket connection from /127.0.0.1:58256 to /127.0.0.1:58257"        [_thread_in_native, id=4516, stack(0x000000a1ed700000,0x000000a1ed800000) (1024K)]
  0x0000024e4a12b420 JavaThread "Cancel handler"                    [_thread_blocked, id=21232, stack(0x000000a1ed800000,0x000000a1ed900000) (1024K)]
  0x0000024e4a60bb40 JavaThread "Daemon worker"                     [_thread_blocked, id=16908, stack(0x000000a1ed900000,0x000000a1eda00000) (1024K)]
  0x0000024e4a238da0 JavaThread "Asynchronous log dispatcher for DefaultDaemonConnection: socket connection from /127.0.0.1:58256 to /127.0.0.1:58257"        [_thread_blocked, id=25876, stack(0x000000a1eda00000,0x000000a1edb00000) (1024K)]
  0x0000024e4a239ac0 JavaThread "Stdin handler"                     [_thread_blocked, id=26464, stack(0x000000a1edb00000,0x000000a1edc00000) (1024K)]
  0x0000024e4a23a150 JavaThread "Daemon client event forwarder"        [_thread_blocked, id=23624, stack(0x000000a1edc00000,0x000000a1edd00000) (1024K)]
  0x0000024e4a23a7e0 JavaThread "Cache worker for journal cache (C:\Users\MCC2104001_003\.gradle\caches\journal-1)"        [_thread_blocked, id=18728, stack(0x000000a1ee100000,0x000000a1ee200000) (1024K)]
  0x0000024e4a23ae70 JavaThread "File lock request listener"        [_thread_in_native, id=9292, stack(0x000000a1ee200000,0x000000a1ee300000) (1024K)]
  0x0000024e4a238080 JavaThread "Cache worker for file hash cache (C:\Users\MCC2104001_003\.gradle\caches\8.9\fileHashes)"        [_thread_blocked, id=11220, stack(0x000000a1ee300000,0x000000a1ee400000) (1024K)]
  0x0000024e4a238710 JavaThread "Cache worker for file hash cache (C:\Users\MCC2104001_003\AndroidStudioProjects\IsekiParcom\.gradle\8.9\fileHashes)"        [_thread_blocked, id=8536, stack(0x000000a1ee500000,0x000000a1ee600000) (1024K)]
  0x0000024e4a23b500 JavaThread "Cache worker for Build Output Cleanup Cache (C:\Users\MCC2104001_003\AndroidStudioProjects\IsekiParcom\.gradle\buildOutputCleanup)"        [_thread_blocked, id=23544, stack(0x000000a1ee600000,0x000000a1ee700000) (1024K)]
  0x0000024e4e70ee40 JavaThread "File watcher server"        daemon [_thread_blocked, id=23312, stack(0x000000a1ee700000,0x000000a1ee800000) (1024K)]
  0x0000024e4e710f10 JavaThread "File watcher consumer"      daemon [_thread_blocked, id=1436, stack(0x000000a1ee800000,0x000000a1ee900000) (1024K)]
  0x0000024e4e710880 JavaThread "Cache worker for checksums cache (C:\Users\MCC2104001_003\AndroidStudioProjects\IsekiParcom\.gradle\8.9\checksums)"        [_thread_blocked, id=10060, stack(0x000000a1ee900000,0x000000a1eea00000) (1024K)]
  0x0000024e4e7115a0 JavaThread "Cache worker for file content cache (C:\Users\MCC2104001_003\.gradle\caches\8.9\fileContent)"        [_thread_blocked, id=21904, stack(0x000000a1eea00000,0x000000a1eeb00000) (1024K)]
  0x0000024e4e7101f0 JavaThread "Cache worker for cache directory md-rule (C:\Users\MCC2104001_003\.gradle\caches\8.9\md-rule)"        [_thread_blocked, id=25684, stack(0x000000a1eeb00000,0x000000a1eec00000) (1024K)]
  0x0000024e4e70e120 JavaThread "Cache worker for cache directory md-supplier (C:\Users\MCC2104001_003\.gradle\caches\8.9\md-supplier)"        [_thread_blocked, id=8304, stack(0x000000a1eec00000,0x000000a1eed00000) (1024K)]
  0x0000024e4e715740 JavaThread "Unconstrained build operations"        [_thread_blocked, id=9616, stack(0x000000a1eed00000,0x000000a1eee00000) (1024K)]
  0x0000024e4a242d70 JavaThread "Unconstrained build operations Thread 2"        [_thread_blocked, id=15472, stack(0x000000a1eee00000,0x000000a1eef00000) (1024K)]
  0x0000024e4a2419c0 JavaThread "Unconstrained build operations Thread 3"        [_thread_blocked, id=12056, stack(0x000000a1eef00000,0x000000a1ef000000) (1024K)]
  0x0000024e4a240610 JavaThread "Unconstrained build operations Thread 4"        [_thread_blocked, id=11004, stack(0x000000a1ef000000,0x000000a1ef100000) (1024K)]
  0x0000024e4a2426e0 JavaThread "Unconstrained build operations Thread 5"        [_thread_blocked, id=20680, stack(0x000000a1ef100000,0x000000a1ef200000) (1024K)]
  0x0000024e4a23ff80 JavaThread "Unconstrained build operations Thread 6"        [_thread_blocked, id=26376, stack(0x000000a1ef200000,0x000000a1ef300000) (1024K)]
  0x0000024e4a23f8f0 JavaThread "Unconstrained build operations Thread 7"        [_thread_blocked, id=13480, stack(0x000000a1ef300000,0x000000a1ef400000) (1024K)]
  0x0000024e4a243a90 JavaThread "Unconstrained build operations Thread 8"        [_thread_blocked, id=22628, stack(0x000000a1ef400000,0x000000a1ef500000) (1024K)]
  0x0000024e4a243400 JavaThread "Unconstrained build operations Thread 9"        [_thread_blocked, id=20220, stack(0x000000a1ef500000,0x000000a1ef600000) (1024K)]
  0x0000024e4a244120 JavaThread "Unconstrained build operations Thread 10"        [_thread_blocked, id=9720, stack(0x000000a1ef600000,0x000000a1ef700000) (1024K)]
  0x0000024e4a241330 JavaThread "Unconstrained build operations Thread 11"        [_thread_blocked, id=12172, stack(0x000000a1ef700000,0x000000a1ef800000) (1024K)]
  0x0000024e4a242050 JavaThread "Unconstrained build operations Thread 12"        [_thread_blocked, id=25720, stack(0x000000a1ef800000,0x000000a1ef900000) (1024K)]
  0x0000024e4a2454d0 JavaThread "Unconstrained build operations Thread 13"        [_thread_blocked, id=22248, stack(0x000000a1ef900000,0x000000a1efa00000) (1024K)]
  0x0000024e4a2447b0 JavaThread "Unconstrained build operations Thread 14"        [_thread_blocked, id=14540, stack(0x000000a1efa00000,0x000000a1efb00000) (1024K)]
  0x0000024e4a244e40 JavaThread "Unconstrained build operations Thread 15"        [_thread_blocked, id=8936, stack(0x000000a1efb00000,0x000000a1efc00000) (1024K)]
  0x0000024e4a246880 JavaThread "Unconstrained build operations Thread 16"        [_thread_blocked, id=12372, stack(0x000000a1efc00000,0x000000a1efd00000) (1024K)]
  0x0000024e4a2461f0 JavaThread "Unconstrained build operations Thread 17"        [_thread_blocked, id=25692, stack(0x000000a1efd00000,0x000000a1efe00000) (1024K)]
  0x0000024e4a246f10 JavaThread "Unconstrained build operations Thread 18"        [_thread_blocked, id=7076, stack(0x000000a1efe00000,0x000000a1eff00000) (1024K)]
  0x0000024e4c4cc190 JavaThread "Unconstrained build operations Thread 19"        [_thread_blocked, id=26176, stack(0x000000a1eff00000,0x000000a1f0000000) (1024K)]
  0x0000024e4c4cdbd0 JavaThread "Unconstrained build operations Thread 20"        [_thread_blocked, id=8932, stack(0x000000a1f0000000,0x000000a1f0100000) (1024K)]
  0x0000024e4c4ce260 JavaThread "Unconstrained build operations Thread 21"        [_thread_blocked, id=23960, stack(0x000000a1f0100000,0x000000a1f0200000) (1024K)]
  0x0000024e4c4cc820 JavaThread "build event listener"              [_thread_blocked, id=17676, stack(0x000000a1ed200000,0x000000a1ed300000) (1024K)]
  0x0000024e4c4d0330 JavaThread "Memory manager"                    [_thread_blocked, id=6008, stack(0x000000a1ee400000,0x000000a1ee500000) (1024K)]
  0x0000024e4ce58950 JavaThread "build event listener"              [_thread_blocked, id=6856, stack(0x000000a1f0300000,0x000000a1f0400000) (1024K)]
  0x0000024e4ce5d180 JavaThread "included builds"                   [_thread_blocked, id=25868, stack(0x000000a1f0400000,0x000000a1f0500000) (1024K)]
  0x0000024e4ce5d810 JavaThread "Execution worker"                  [_thread_blocked, id=26020, stack(0x000000a1f0500000,0x000000a1f0600000) (1024K)]
  0x0000024e4ce5b740 JavaThread "Execution worker Thread 2"         [_thread_blocked, id=18396, stack(0x000000a1f0600000,0x000000a1f0700000) (1024K)]
  0x0000024e4ce5dea0 JavaThread "Execution worker Thread 3"         [_thread_blocked, id=2016, stack(0x000000a1f0700000,0x000000a1f0800000) (1024K)]
  0x0000024e4ce5c460 JavaThread "Execution worker Thread 4"         [_thread_blocked, id=26356, stack(0x000000a1f0800000,0x000000a1f0900000) (1024K)]
  0x0000024e4ce5e530 JavaThread "Execution worker Thread 5"         [_thread_blocked, id=4660, stack(0x000000a1f0900000,0x000000a1f0a00000) (1024K)]
  0x0000024e4ce5ebc0 JavaThread "Execution worker Thread 6"         [_thread_blocked, id=3288, stack(0x000000a1f0a00000,0x000000a1f0b00000) (1024K)]
  0x0000024e4c4d09c0 JavaThread "Execution worker Thread 7"         [_thread_blocked, id=9928, stack(0x000000a1f0b00000,0x000000a1f0c00000) (1024K)]
  0x0000024e4c4d1050 JavaThread "Cache worker for execution history cache (C:\Users\MCC2104001_003\AndroidStudioProjects\IsekiParcom\.gradle\8.9\executionHistory)"        [_thread_blocked, id=4912, stack(0x000000a1f0c00000,0x000000a1f0d00000) (1024K)]
  0x0000024e559de300 JavaThread "Unconstrained build operations Thread 22"        [_thread_blocked, id=13020, stack(0x000000a1f0d00000,0x000000a1f0e00000) (1024K)]
  0x0000024e559dcf50 JavaThread "Unconstrained build operations Thread 23"        [_thread_blocked, id=26560, stack(0x000000a1f0e00000,0x000000a1f0f00000) (1024K)]
  0x0000024e559dd5e0 JavaThread "Unconstrained build operations Thread 24"        [_thread_blocked, id=23124, stack(0x000000a1f0f00000,0x000000a1f1000000) (1024K)]
  0x0000024e559ddc70 JavaThread "Unconstrained build operations Thread 25"        [_thread_blocked, id=22752, stack(0x000000a1f1000000,0x000000a1f1100000) (1024K)]
  0x0000024e559df020 JavaThread "Unconstrained build operations Thread 26"        [_thread_blocked, id=3712, stack(0x000000a1f1100000,0x000000a1f1200000) (1024K)]
  0x0000024e559dfd40 JavaThread "Unconstrained build operations Thread 27"        [_thread_blocked, id=23212, stack(0x000000a1f1200000,0x000000a1f1300000) (1024K)]
  0x0000024e559de990 JavaThread "Unconstrained build operations Thread 28"        [_thread_blocked, id=19228, stack(0x000000a1f1300000,0x000000a1f1400000) (1024K)]
  0x0000024e4c4cd540 JavaThread "Unconstrained build operations Thread 29"        [_thread_blocked, id=20168, stack(0x000000a1f1400000,0x000000a1f1500000) (1024K)]
  0x0000024e559e03d0 JavaThread "Unconstrained build operations Thread 30"        [_thread_blocked, id=23288, stack(0x000000a1f1500000,0x000000a1f1600000) (1024K)]
  0x0000024e4e70e7b0 JavaThread "Unconstrained build operations Thread 31"        [_thread_blocked, id=6304, stack(0x000000a1f1600000,0x000000a1f1700000) (1024K)]
  0x0000024e4ed840f0 JavaThread "Unconstrained build operations Thread 32"        [_thread_blocked, id=12716, stack(0x000000a1f1700000,0x000000a1f1800000) (1024K)]
  0x0000024e4ed84780 JavaThread "Unconstrained build operations Thread 33"        [_thread_blocked, id=24696, stack(0x000000a1f1800000,0x000000a1f1900000) (1024K)]
  0x0000024e4ed82d40 JavaThread "Unconstrained build operations Thread 34"        [_thread_blocked, id=20552, stack(0x000000a1f1900000,0x000000a1f1a00000) (1024K)]
  0x0000024e4ed84e10 JavaThread "Unconstrained build operations Thread 35"        [_thread_blocked, id=19964, stack(0x000000a1f1a00000,0x000000a1f1b00000) (1024K)]
  0x0000024e4ed82020 JavaThread "Unconstrained build operations Thread 36"        [_thread_blocked, id=8348, stack(0x000000a1f1b00000,0x000000a1f1c00000) (1024K)]
  0x0000024e4ed833d0 JavaThread "Unconstrained build operations Thread 37"        [_thread_blocked, id=21180, stack(0x000000a1f1c00000,0x000000a1f1d00000) (1024K)]
  0x0000024e4ed81990 JavaThread "Unconstrained build operations Thread 38"        [_thread_blocked, id=20676, stack(0x000000a1f1d00000,0x000000a1f1e00000) (1024K)]
  0x0000024e4ed826b0 JavaThread "Unconstrained build operations Thread 39"        [_thread_blocked, id=17104, stack(0x000000a1f1e00000,0x000000a1f1f00000) (1024K)]
  0x0000024e4ed83a60 JavaThread "Unconstrained build operations Thread 40"        [_thread_blocked, id=3320, stack(0x000000a1f1f00000,0x000000a1f2000000) (1024K)]
  0x0000024e4d0cd110 JavaThread "Unconstrained build operations Thread 41"        [_thread_blocked, id=20996, stack(0x000000a1f2000000,0x000000a1f2100000) (1024K)]
  0x0000024e4d0cb040 JavaThread "Unconstrained build operations Thread 42"        [_thread_blocked, id=11824, stack(0x000000a1f2100000,0x000000a1f2200000) (1024K)]
  0x0000024e4d0ce4c0 JavaThread "Unconstrained build operations Thread 43"        [_thread_blocked, id=24256, stack(0x000000a1f2200000,0x000000a1f2300000) (1024K)]
  0x0000024e4abb7600 JavaThread "Unconstrained build operations Thread 44"        [_thread_blocked, id=18940, stack(0x000000a1f2300000,0x000000a1f2400000) (1024K)]
  0x0000024e4abb96d0 JavaThread "Unconstrained build operations Thread 45"        [_thread_blocked, id=15096, stack(0x000000a1f2400000,0x000000a1f2500000) (1024K)]
  0x0000024e4abba3f0 JavaThread "Unconstrained build operations Thread 46"        [_thread_blocked, id=6824, stack(0x000000a1f2500000,0x000000a1f2600000) (1024K)]
  0x0000024e4abb7c90 JavaThread "Unconstrained build operations Thread 47"        [_thread_blocked, id=18800, stack(0x000000a1f2600000,0x000000a1f2700000) (1024K)]
  0x0000024e4abb6f70 JavaThread "Unconstrained build operations Thread 48"        [_thread_blocked, id=26592, stack(0x000000a1f2700000,0x000000a1f2800000) (1024K)]
  0x0000024e4abbb7a0 JavaThread "Unconstrained build operations Thread 49"        [_thread_blocked, id=25860, stack(0x000000a1f2800000,0x000000a1f2900000) (1024K)]
  0x0000024e4abbbe30 JavaThread "Unconstrained build operations Thread 50"        [_thread_blocked, id=10652, stack(0x000000a1f2900000,0x000000a1f2a00000) (1024K)]
  0x0000024e4abbd1e0 JavaThread "Unconstrained build operations Thread 51"        [_thread_blocked, id=13660, stack(0x000000a1f2a00000,0x000000a1f2b00000) (1024K)]
  0x0000024e4abbdf00 JavaThread "Unconstrained build operations Thread 52"        [_thread_blocked, id=25008, stack(0x000000a1f2b00000,0x000000a1f2c00000) (1024K)]
  0x0000024e4abbcb50 JavaThread "Unconstrained build operations Thread 53"        [_thread_blocked, id=15112, stack(0x000000a1f2c00000,0x000000a1f2d00000) (1024K)]
  0x0000024e4abbc4c0 JavaThread "Unconstrained build operations Thread 54"        [_thread_blocked, id=22016, stack(0x000000a1f2d00000,0x000000a1f2e00000) (1024K)]
  0x0000024e4abbd870 JavaThread "Unconstrained build operations Thread 55"        [_thread_blocked, id=11768, stack(0x000000a1f2e00000,0x000000a1f2f00000) (1024K)]
  0x0000024e4abbaa80 JavaThread "Unconstrained build operations Thread 56"        [_thread_blocked, id=3920, stack(0x000000a1f2f00000,0x000000a1f3000000) (1024K)]
  0x0000024e4abbe590 JavaThread "Unconstrained build operations Thread 57"        [_thread_blocked, id=6032, stack(0x000000a1f3000000,0x000000a1f3100000) (1024K)]
  0x0000024e4abbb110 JavaThread "Unconstrained build operations Thread 58"        [_thread_blocked, id=1760, stack(0x000000a1f3100000,0x000000a1f3200000) (1024K)]
  0x0000024e4abb9d60 JavaThread "Unconstrained build operations Thread 59"        [_thread_blocked, id=14916, stack(0x000000a1f3200000,0x000000a1f3300000) (1024K)]
  0x0000024e4abb8320 JavaThread "Unconstrained build operations Thread 60"        [_thread_blocked, id=8796, stack(0x000000a1f3300000,0x000000a1f3400000) (1024K)]
  0x0000024e4abb9040 JavaThread "Unconstrained build operations Thread 61"        [_thread_blocked, id=21036, stack(0x000000a1f3400000,0x000000a1f3500000) (1024K)]
  0x0000024e4abb89b0 JavaThread "Unconstrained build operations Thread 62"        [_thread_blocked, id=4520, stack(0x000000a1f3500000,0x000000a1f3600000) (1024K)]
  0x0000024e4d0cbd60 JavaThread "Unconstrained build operations Thread 63"        [_thread_blocked, id=25424, stack(0x000000a1f3600000,0x000000a1f3700000) (1024K)]
  0x0000024e4d0cde30 JavaThread "Unconstrained build operations Thread 64"        [_thread_blocked, id=12572, stack(0x000000a1f3700000,0x000000a1f3800000) (1024K)]
  0x0000024e4d0cd7a0 JavaThread "Unconstrained build operations Thread 65"        [_thread_blocked, id=25936, stack(0x000000a1f3800000,0x000000a1f3900000) (1024K)]
  0x0000024e4d0cca80 JavaThread "Unconstrained build operations Thread 66"        [_thread_blocked, id=12796, stack(0x000000a1f3900000,0x000000a1f3a00000) (1024K)]
  0x0000024e4d0ceb50 JavaThread "Unconstrained build operations Thread 67"        [_thread_blocked, id=20144, stack(0x000000a1f3a00000,0x000000a1f3b00000) (1024K)]
  0x0000024e4d0cb6d0 JavaThread "Unconstrained build operations Thread 68"        [_thread_blocked, id=19532, stack(0x000000a1f3b00000,0x000000a1f3c00000) (1024K)]
  0x0000024e4d0d12b0 JavaThread "Unconstrained build operations Thread 69"        [_thread_blocked, id=11532, stack(0x000000a1f3c00000,0x000000a1f3d00000) (1024K)]
  0x0000024e4d0d2660 JavaThread "Unconstrained build operations Thread 70"        [_thread_blocked, id=24000, stack(0x000000a1f3d00000,0x000000a1f3e00000) (1024K)]
  0x0000024e4d0cf1e0 JavaThread "Unconstrained build operations Thread 71"        [_thread_blocked, id=18948, stack(0x000000a1f3e00000,0x000000a1f3f00000) (1024K)]
  0x0000024e4d0cf870 JavaThread "Unconstrained build operations Thread 72"        [_thread_blocked, id=9652, stack(0x000000a1f3f00000,0x000000a1f4000000) (1024K)]
  0x0000024e4d0cff00 JavaThread "Unconstrained build operations Thread 73"        [_thread_blocked, id=10088, stack(0x000000a1f4000000,0x000000a1f4100000) (1024K)]
  0x0000024e4d0d0590 JavaThread "Unconstrained build operations Thread 74"        [_thread_blocked, id=13320, stack(0x000000a1f4100000,0x000000a1f4200000) (1024K)]
  0x0000024e4d0d0c20 JavaThread "Unconstrained build operations Thread 75"        [_thread_blocked, id=12632, stack(0x000000a1f4200000,0x000000a1f4300000) (1024K)]
  0x0000024e4d0d1940 JavaThread "Unconstrained build operations Thread 76"        [_thread_blocked, id=8392, stack(0x000000a1f4300000,0x000000a1f4400000) (1024K)]
  0x0000024e4f6a9b70 JavaThread "Unconstrained build operations Thread 77"        [_thread_blocked, id=2828, stack(0x000000a1f4400000,0x000000a1f4500000) (1024K)]
  0x0000024e4f6aa200 JavaThread "Unconstrained build operations Thread 78"        [_thread_blocked, id=20868, stack(0x000000a1f4500000,0x000000a1f4600000) (1024K)]
  0x0000024e4f6aa890 JavaThread "Unconstrained build operations Thread 79"        [_thread_blocked, id=9184, stack(0x000000a1f4600000,0x000000a1f4700000) (1024K)]
  0x0000024e4f6aaf20 JavaThread "Unconstrained build operations Thread 80"        [_thread_blocked, id=13392, stack(0x000000a1f4700000,0x000000a1f4800000) (1024K)]
  0x0000024e4e504370 JavaThread "WorkerExecutor Queue"              [_thread_in_vm, id=20184, stack(0x000000a1f4800000,0x000000a1f4900000) (1024K)]
  0x0000024e4e506ad0 JavaThread "WorkerExecutor Queue Thread 2"        [_thread_blocked, id=25228, stack(0x000000a1f0200000,0x000000a1f0300000) (1024K)]
  0x0000024e4e504a00 JavaThread "ForkJoinPool.commonPool-worker-1" daemon [_thread_blocked, id=11636, stack(0x000000a1f4900000,0x000000a1f4a00000) (1024K)]
  0x0000024e4e506440 JavaThread "ForkJoinPool.commonPool-worker-2" daemon [_thread_blocked, id=1156, stack(0x000000a1f4a00000,0x000000a1f4b00000) (1024K)]
  0x0000024e4e508510 JavaThread "ForkJoinPool.commonPool-worker-3" daemon [_thread_blocked, id=17876, stack(0x000000a1f4b00000,0x000000a1f4c00000) (1024K)]
  0x0000024e4e508ba0 JavaThread "ForkJoinPool.commonPool-worker-4" daemon [_thread_blocked, id=21324, stack(0x000000a1f4c00000,0x000000a1f4d00000) (1024K)]
  0x0000024e4e505720 JavaThread "ForkJoinPool.commonPool-worker-5" daemon [_thread_blocked, id=25748, stack(0x000000a1f4d00000,0x000000a1f4e00000) (1024K)]
  0x0000024e4e509230 JavaThread "ForkJoinPool.commonPool-worker-6" daemon [_thread_blocked, id=20672, stack(0x000000a1f4e00000,0x000000a1f4f00000) (1024K)]
  0x0000024e4e505db0 JavaThread "ForkJoinPool.commonPool-worker-7" daemon [_thread_blocked, id=3280, stack(0x000000a1f4f00000,0x000000a1f5000000) (1024K)]
  0x0000024e4e511570 JavaThread "RMI Scheduler(0)"           daemon [_thread_blocked, id=10560, stack(0x000000a1f5000000,0x000000a1f5100000) (1024K)]
  0x0000024e4f6ab5b0 JavaThread "RMI RenewClean-[127.0.0.1:17596,org.jetbrains.kotlin.daemon.common.LoopbackNetworkInterface$ClientLoopbackSocketFactory@4ce90a52]" daemon [_thread_blocked, id=25664, stack(0x000000a1f5100000,0x000000a1f5200000) (1024K)]
  0x0000024e4f6abc40 JavaThread "RMI GC Daemon"              daemon [_thread_blocked, id=17040, stack(0x000000a1f5200000,0x000000a1f5300000) (1024K)]
  0x0000024e507139f0 JavaThread "C2 CompilerThread1"         daemon [_thread_in_native, id=6068, stack(0x000000a1f5300000,0x000000a1f5400000) (1024K)]
  0x0000024e50715530 JavaThread "C2 CompilerThread2"         daemon [_thread_in_native, id=16652, stack(0x000000a1f5400000,0x000000a1f5500000) (1024K)]
Total: 138

Other Threads:
  0x0000024e44308750 VMThread "VM Thread"                           [id=25636, stack(0x000000a1ec300000,0x000000a1ec400000) (1024K)] _threads_hazard_ptr=0x0000024e4f156b80
  0x0000024e44150b30 WatcherThread "VM Periodic Task Thread"        [id=17064, stack(0x000000a1ec200000,0x000000a1ec300000) (1024K)]
  0x0000024e2cb3b1c0 WorkerThread "GC Thread#0"                     [id=13352, stack(0x000000a1ebd00000,0x000000a1ebe00000) (1024K)]
  0x0000024e4491afb0 WorkerThread "GC Thread#1"                     [id=26332, stack(0x000000a1ece00000,0x000000a1ecf00000) (1024K)]
  0x0000024e448eef20 WorkerThread "GC Thread#2"                     [id=14284, stack(0x000000a1ecf00000,0x000000a1ed000000) (1024K)]
  0x0000024e4976d120 WorkerThread "GC Thread#3"                     [id=26472, stack(0x000000a1ed000000,0x000000a1ed100000) (1024K)]
  0x0000024e4976dae0 WorkerThread "GC Thread#4"                     [id=23492, stack(0x000000a1ed100000,0x000000a1ed200000) (1024K)]
  0x0000024e4a160020 WorkerThread "GC Thread#5"                     [id=22476, stack(0x000000a1edd00000,0x000000a1ede00000) (1024K)]
  0x0000024e4a1603c0 WorkerThread "GC Thread#6"                     [id=22204, stack(0x000000a1ede00000,0x000000a1edf00000) (1024K)]
  0x0000024e4a160760 WorkerThread "GC Thread#7"                     [id=19116, stack(0x000000a1edf00000,0x000000a1ee000000) (1024K)]
  0x0000024e2cb4cef0 ConcurrentGCThread "G1 Main Marker"            [id=19344, stack(0x000000a1ebe00000,0x000000a1ebf00000) (1024K)]
  0x0000024e2cb4e470 WorkerThread "G1 Conc#0"                       [id=25624, stack(0x000000a1ebf00000,0x000000a1ec000000) (1024K)]
  0x0000024e49765000 WorkerThread "G1 Conc#1"                       [id=10796, stack(0x000000a1ee000000,0x000000a1ee100000) (1024K)]
  0x0000024e2cb9dec0 ConcurrentGCThread "G1 Refine#0"               [id=22020, stack(0x000000a1ec000000,0x000000a1ec100000) (1024K)]
  0x0000024e2cb9e7e0 ConcurrentGCThread "G1 Service"                [id=21440, stack(0x000000a1ec100000,0x000000a1ec200000) (1024K)]
Total: 15

Threads with active compile tasks:
C2 CompilerThread0    53393 15464   !   4       org.gradle.api.internal.artifacts.ivyservice.resolveengine.artifact.VariantResolvingArtifactSet::select (153 bytes)
C1 CompilerThread0    53393 15557       3       java.util.HashMap$ValueSpliterator::tryAdvance (138 bytes)
C2 CompilerThread1    53393 15541       4       com.google.common.io.Files::getFileExtension (42 bytes)
C2 CompilerThread2    53393 15477   !   4       java.io.ObjectOutputStream::writeObject0 (620 bytes)
Total: 4

VM state: synchronizing (normal execution)

VM Mutex/Monitor currently owned by a thread:  ([mutex/lock_event])
[0x00007ff939fe20c8] Threads_lock - owner thread: 0x0000024e44308750

Heap address: 0x0000000080000000, size: 2048 MB, Compressed Oops mode: 32-bit

CDS archive(s) not mapped
Compressed class space mapped at: 0x0000000100000000-0x0000000140000000, reserved size: 1073741824
Narrow klass base: 0x0000000000000000, Narrow klass shift: 3, Narrow klass range: 0x140000000

GC Precious Log:
 CardTable entry size: 512
 Card Set container configuration: InlinePtr #cards 5 size 8 Array Of Cards #cards 12 size 40 Howl #buckets 4 coarsen threshold 1843 Howl Bitmap #cards 512 size 80 coarsen threshold 460 Card regions per heap region 1 cards per card region 2048
 CPUs: 8 total, 8 available
 Memory: 7952M
 Large Page Support: Disabled
 NUMA Support: Disabled
 Compressed Oops: Enabled (32-bit)
 Heap Region Size: 1M
 Heap Min Capacity: 8M
 Heap Initial Capacity: 126M
 Heap Max Capacity: 2G
 Pre-touch: Disabled
 Parallel Workers: 8
 Concurrent Workers: 2
 Concurrent Refinement Workers: 8
 Periodic GC: Disabled

Heap:
 garbage-first heap   total 377856K, used 258535K [0x0000000080000000, 0x0000000100000000)
  region size 1024K, 28 young (28672K), 3 survivors (3072K)
 Metaspace       used 119337K, committed 121600K, reserved 1179648K
  class space    used 16378K, committed 17536K, reserved 1048576K

Heap Regions: E=young(eden), S=young(survivor), O=old, HS=humongous(starts), HC=humongous(continues), CS=collection set, F=free, TAMS=top-at-mark-start, PB=parsable bottom
|   0|0x0000000080000000, 0x0000000080100000, 0x0000000080100000|100%|HS|  |TAMS 0x0000000080000000| PB 0x0000000080000000| Complete 
|   1|0x0000000080100000, 0x0000000080200000, 0x0000000080200000|100%|HC|  |TAMS 0x0000000080100000| PB 0x0000000080100000| Complete 
|   2|0x0000000080200000, 0x0000000080300000, 0x0000000080300000|100%|HC|  |TAMS 0x0000000080200000| PB 0x0000000080200000| Complete 
|   3|0x0000000080300000, 0x0000000080400000, 0x0000000080400000|100%|HC|  |TAMS 0x0000000080300000| PB 0x0000000080300000| Complete 
|   4|0x0000000080400000, 0x0000000080500000, 0x0000000080500000|100%| O|  |TAMS 0x0000000080400000| PB 0x0000000080400000| Untracked 
|   5|0x0000000080500000, 0x0000000080600000, 0x0000000080600000|100%| O|  |TAMS 0x0000000080500000| PB 0x0000000080500000| Untracked 
|   6|0x0000000080600000, 0x0000000080700000, 0x0000000080700000|100%| O|  |TAMS 0x0000000080600000| PB 0x0000000080600000| Untracked 
|   7|0x0000000080700000, 0x0000000080800000, 0x0000000080800000|100%| O|  |TAMS 0x0000000080700000| PB 0x0000000080700000| Untracked 
|   8|0x0000000080800000, 0x0000000080900000, 0x0000000080900000|100%| O|  |TAMS 0x0000000080800000| PB 0x0000000080800000| Untracked 
|   9|0x0000000080900000, 0x0000000080a00000, 0x0000000080a00000|100%| O|  |TAMS 0x0000000080900000| PB 0x0000000080900000| Untracked 
|  10|0x0000000080a00000, 0x0000000080b00000, 0x0000000080b00000|100%| O|  |TAMS 0x0000000080a00000| PB 0x0000000080a00000| Untracked 
|  11|0x0000000080b00000, 0x0000000080c00000, 0x0000000080c00000|100%|HS|  |TAMS 0x0000000080b00000| PB 0x0000000080b00000| Complete 
|  12|0x0000000080c00000, 0x0000000080d00000, 0x0000000080d00000|100%| O|  |TAMS 0x0000000080c00000| PB 0x0000000080c00000| Untracked 
|  13|0x0000000080d00000, 0x0000000080e00000, 0x0000000080e00000|100%| O|  |TAMS 0x0000000080d00000| PB 0x0000000080d00000| Untracked 
|  14|0x0000000080e00000, 0x0000000080f00000, 0x0000000080f00000|100%| O|  |TAMS 0x0000000080e00000| PB 0x0000000080e00000| Untracked 
|  15|0x0000000080f00000, 0x0000000081000000, 0x0000000081000000|100%| O|  |TAMS 0x0000000080f00000| PB 0x0000000080f00000| Untracked 
|  16|0x0000000081000000, 0x0000000081100000, 0x0000000081100000|100%| O|  |TAMS 0x0000000081000000| PB 0x0000000081000000| Untracked 
|  17|0x0000000081100000, 0x0000000081200000, 0x0000000081200000|100%| O|  |TAMS 0x0000000081100000| PB 0x0000000081100000| Untracked 
|  18|0x0000000081200000, 0x0000000081300000, 0x0000000081300000|100%| O|  |TAMS 0x0000000081200000| PB 0x0000000081200000| Untracked 
|  19|0x0000000081300000, 0x0000000081400000, 0x0000000081400000|100%| O|  |TAMS 0x0000000081300000| PB 0x0000000081300000| Untracked 
|  20|0x0000000081400000, 0x0000000081500000, 0x0000000081500000|100%| O|  |TAMS 0x0000000081400000| PB 0x0000000081400000| Untracked 
|  21|0x0000000081500000, 0x0000000081600000, 0x0000000081600000|100%| O|  |TAMS 0x0000000081500000| PB 0x0000000081500000| Untracked 
|  22|0x0000000081600000, 0x0000000081700000, 0x0000000081700000|100%| O|  |TAMS 0x0000000081600000| PB 0x0000000081600000| Untracked 
|  23|0x0000000081700000, 0x0000000081800000, 0x0000000081800000|100%| O|  |TAMS 0x0000000081700000| PB 0x0000000081700000| Untracked 
|  24|0x0000000081800000, 0x0000000081900000, 0x0000000081900000|100%| O|  |TAMS 0x0000000081800000| PB 0x0000000081800000| Untracked 
|  25|0x0000000081900000, 0x0000000081a00000, 0x0000000081a00000|100%| O|  |TAMS 0x0000000081900000| PB 0x0000000081900000| Untracked 
|  26|0x0000000081a00000, 0x0000000081b00000, 0x0000000081b00000|100%| O|  |TAMS 0x0000000081a00000| PB 0x0000000081a00000| Untracked 
|  27|0x0000000081b00000, 0x0000000081c00000, 0x0000000081c00000|100%| O|  |TAMS 0x0000000081b00000| PB 0x0000000081b00000| Untracked 
|  28|0x0000000081c00000, 0x0000000081d00000, 0x0000000081d00000|100%| O|  |TAMS 0x0000000081c00000| PB 0x0000000081c00000| Untracked 
|  29|0x0000000081d00000, 0x0000000081e00000, 0x0000000081e00000|100%| O|  |TAMS 0x0000000081d00000| PB 0x0000000081d00000| Untracked 
|  30|0x0000000081e00000, 0x0000000081f00000, 0x0000000081f00000|100%| O|  |TAMS 0x0000000081e00000| PB 0x0000000081e00000| Untracked 
|  31|0x0000000081f00000, 0x0000000082000000, 0x0000000082000000|100%| O|  |TAMS 0x0000000081f00000| PB 0x0000000081f00000| Untracked 
|  32|0x0000000082000000, 0x0000000082100000, 0x0000000082100000|100%| O|  |TAMS 0x0000000082000000| PB 0x0000000082000000| Untracked 
|  33|0x0000000082100000, 0x0000000082200000, 0x0000000082200000|100%| O|  |TAMS 0x0000000082100000| PB 0x0000000082100000| Untracked 
|  34|0x0000000082200000, 0x0000000082300000, 0x0000000082300000|100%|HS|  |TAMS 0x0000000082200000| PB 0x0000000082200000| Complete 
|  35|0x0000000082300000, 0x0000000082400000, 0x0000000082400000|100%|HS|  |TAMS 0x0000000082300000| PB 0x0000000082300000| Complete 
|  36|0x0000000082400000, 0x0000000082500000, 0x0000000082500000|100%| O|  |TAMS 0x0000000082400000| PB 0x0000000082400000| Untracked 
|  37|0x0000000082500000, 0x0000000082600000, 0x0000000082600000|100%|HS|  |TAMS 0x0000000082500000| PB 0x0000000082500000| Complete 
|  38|0x0000000082600000, 0x0000000082700000, 0x0000000082700000|100%|HC|  |TAMS 0x0000000082600000| PB 0x0000000082600000| Complete 
|  39|0x0000000082700000, 0x0000000082800000, 0x0000000082800000|100%|HS|  |TAMS 0x0000000082700000| PB 0x0000000082700000| Complete 
|  40|0x0000000082800000, 0x0000000082900000, 0x0000000082900000|100%|HC|  |TAMS 0x0000000082800000| PB 0x0000000082800000| Complete 
|  41|0x0000000082900000, 0x0000000082a00000, 0x0000000082a00000|100%|HS|  |TAMS 0x0000000082900000| PB 0x0000000082900000| Complete 
|  42|0x0000000082a00000, 0x0000000082b00000, 0x0000000082b00000|100%|HS|  |TAMS 0x0000000082a00000| PB 0x0000000082a00000| Complete 
|  43|0x0000000082b00000, 0x0000000082c00000, 0x0000000082c00000|100%|HS|  |TAMS 0x0000000082b00000| PB 0x0000000082b00000| Complete 
|  44|0x0000000082c00000, 0x0000000082d00000, 0x0000000082d00000|100%|HC|  |TAMS 0x0000000082c00000| PB 0x0000000082c00000| Complete 
|  45|0x0000000082d00000, 0x0000000082e00000, 0x0000000082e00000|100%|HC|  |TAMS 0x0000000082d00000| PB 0x0000000082d00000| Complete 
|  46|0x0000000082e00000, 0x0000000082f00000, 0x0000000082f00000|100%| O|  |TAMS 0x0000000082e00000| PB 0x0000000082e00000| Untracked 
|  47|0x0000000082f00000, 0x0000000083000000, 0x0000000083000000|100%| O|  |TAMS 0x0000000082f00000| PB 0x0000000082f00000| Untracked 
|  48|0x0000000083000000, 0x0000000083100000, 0x0000000083100000|100%| O|  |TAMS 0x0000000083000000| PB 0x0000000083000000| Untracked 
|  49|0x0000000083100000, 0x0000000083200000, 0x0000000083200000|100%| O|  |TAMS 0x0000000083100000| PB 0x0000000083100000| Untracked 
|  50|0x0000000083200000, 0x0000000083300000, 0x0000000083300000|100%| O|  |TAMS 0x0000000083200000| PB 0x0000000083200000| Untracked 
|  51|0x0000000083300000, 0x0000000083400000, 0x0000000083400000|100%| O|  |TAMS 0x0000000083300000| PB 0x0000000083300000| Untracked 
|  52|0x0000000083400000, 0x0000000083500000, 0x0000000083500000|100%|HS|  |TAMS 0x0000000083400000| PB 0x0000000083400000| Complete 
|  53|0x0000000083500000, 0x0000000083600000, 0x0000000083600000|100%|HS|  |TAMS 0x0000000083500000| PB 0x0000000083500000| Complete 
|  54|0x0000000083600000, 0x0000000083700000, 0x0000000083700000|100%| O|  |TAMS 0x0000000083600000| PB 0x0000000083600000| Untracked 
|  55|0x0000000083700000, 0x0000000083800000, 0x0000000083800000|100%| O|  |TAMS 0x0000000083700000| PB 0x0000000083700000| Untracked 
|  56|0x0000000083800000, 0x0000000083900000, 0x0000000083900000|100%| O|  |TAMS 0x0000000083800000| PB 0x0000000083800000| Untracked 
|  57|0x0000000083900000, 0x0000000083a00000, 0x0000000083a00000|100%|HS|  |TAMS 0x0000000083900000| PB 0x0000000083900000| Complete 
|  58|0x0000000083a00000, 0x0000000083b00000, 0x0000000083b00000|100%| O|  |TAMS 0x0000000083a00000| PB 0x0000000083a00000| Untracked 
|  59|0x0000000083b00000, 0x0000000083c00000, 0x0000000083c00000|100%| O|  |TAMS 0x0000000083b00000| PB 0x0000000083b00000| Untracked 
|  60|0x0000000083c00000, 0x0000000083d00000, 0x0000000083d00000|100%| O|  |TAMS 0x0000000083c00000| PB 0x0000000083c00000| Untracked 
|  61|0x0000000083d00000, 0x0000000083e00000, 0x0000000083e00000|100%| O|  |TAMS 0x0000000083d00000| PB 0x0000000083d00000| Untracked 
|  62|0x0000000083e00000, 0x0000000083f00000, 0x0000000083f00000|100%| O|  |TAMS 0x0000000083e00000| PB 0x0000000083e00000| Untracked 
|  63|0x0000000083f00000, 0x0000000084000000, 0x0000000084000000|100%| O|  |TAMS 0x0000000083f00000| PB 0x0000000083f00000| Untracked 
|  64|0x0000000084000000, 0x0000000084100000, 0x0000000084100000|100%| O|  |TAMS 0x0000000084000000| PB 0x0000000084000000| Untracked 
|  65|0x0000000084100000, 0x0000000084200000, 0x0000000084200000|100%| O|  |TAMS 0x0000000084100000| PB 0x0000000084100000| Untracked 
|  66|0x0000000084200000, 0x0000000084300000, 0x0000000084300000|100%|HS|  |TAMS 0x0000000084200000| PB 0x0000000084200000| Complete 
|  67|0x0000000084300000, 0x0000000084400000, 0x0000000084400000|100%|HC|  |TAMS 0x0000000084300000| PB 0x0000000084300000| Complete 
|  68|0x0000000084400000, 0x0000000084500000, 0x0000000084500000|100%|HC|  |TAMS 0x0000000084400000| PB 0x0000000084400000| Complete 
|  69|0x0000000084500000, 0x0000000084600000, 0x0000000084600000|100%| O|  |TAMS 0x0000000084500000| PB 0x0000000084500000| Untracked 
|  70|0x0000000084600000, 0x0000000084700000, 0x0000000084700000|100%| O|  |TAMS 0x0000000084600000| PB 0x0000000084600000| Untracked 
|  71|0x0000000084700000, 0x0000000084800000, 0x0000000084800000|100%| O|  |TAMS 0x0000000084700000| PB 0x0000000084700000| Untracked 
|  72|0x0000000084800000, 0x0000000084900000, 0x0000000084900000|100%| O|  |TAMS 0x0000000084800000| PB 0x0000000084800000| Untracked 
|  73|0x0000000084900000, 0x0000000084a00000, 0x0000000084a00000|100%| O|  |TAMS 0x0000000084900000| PB 0x0000000084900000| Untracked 
|  74|0x0000000084a00000, 0x0000000084b00000, 0x0000000084b00000|100%| O|  |TAMS 0x0000000084a00000| PB 0x0000000084a00000| Untracked 
|  75|0x0000000084b00000, 0x0000000084c00000, 0x0000000084c00000|100%| O|  |TAMS 0x0000000084b00000| PB 0x0000000084b00000| Untracked 
|  76|0x0000000084c00000, 0x0000000084d00000, 0x0000000084d00000|100%| O|  |TAMS 0x0000000084c00000| PB 0x0000000084c00000| Untracked 
|  77|0x0000000084d00000, 0x0000000084e00000, 0x0000000084e00000|100%| O|Cm|TAMS 0x0000000084d00000| PB 0x0000000084d00000| Complete 
|  78|0x0000000084e00000, 0x0000000084f00000, 0x0000000084f00000|100%| O|  |TAMS 0x0000000084e00000| PB 0x0000000084e00000| Untracked 
|  79|0x0000000084f00000, 0x0000000085000000, 0x0000000085000000|100%| O|  |TAMS 0x0000000084f00000| PB 0x0000000084f00000| Untracked 
|  80|0x0000000085000000, 0x0000000085100000, 0x0000000085100000|100%| O|  |TAMS 0x0000000085000000| PB 0x0000000085000000| Untracked 
|  81|0x0000000085100000, 0x0000000085200000, 0x0000000085200000|100%| O|  |TAMS 0x0000000085100000| PB 0x0000000085100000| Untracked 
|  82|0x0000000085200000, 0x0000000085300000, 0x0000000085300000|100%| O|  |TAMS 0x0000000085200000| PB 0x0000000085200000| Untracked 
|  83|0x0000000085300000, 0x0000000085400000, 0x0000000085400000|100%| O|Cm|TAMS 0x0000000085300000| PB 0x0000000085300000| Complete 
|  84|0x0000000085400000, 0x0000000085500000, 0x0000000085500000|100%| O|  |TAMS 0x0000000085400000| PB 0x0000000085400000| Untracked 
|  85|0x0000000085500000, 0x0000000085600000, 0x0000000085600000|100%| O|  |TAMS 0x0000000085500000| PB 0x0000000085500000| Untracked 
|  86|0x0000000085600000, 0x0000000085700000, 0x0000000085700000|100%| O|  |TAMS 0x0000000085600000| PB 0x0000000085600000| Untracked 
|  87|0x0000000085700000, 0x0000000085800000, 0x0000000085800000|100%| O|  |TAMS 0x0000000085700000| PB 0x0000000085700000| Untracked 
|  88|0x0000000085800000, 0x0000000085900000, 0x0000000085900000|100%| O|  |TAMS 0x0000000085800000| PB 0x0000000085800000| Untracked 
|  89|0x0000000085900000, 0x0000000085a00000, 0x0000000085a00000|100%| O|  |TAMS 0x0000000085900000| PB 0x0000000085900000| Untracked 
|  90|0x0000000085a00000, 0x0000000085b00000, 0x0000000085b00000|100%| O|  |TAMS 0x0000000085a00000| PB 0x0000000085a00000| Untracked 
|  91|0x0000000085b00000, 0x0000000085c00000, 0x0000000085c00000|100%| O|  |TAMS 0x0000000085b00000| PB 0x0000000085b00000| Untracked 
|  92|0x0000000085c00000, 0x0000000085d00000, 0x0000000085d00000|100%| O|  |TAMS 0x0000000085c00000| PB 0x0000000085c00000| Untracked 
|  93|0x0000000085d00000, 0x0000000085e00000, 0x0000000085e00000|100%| O|  |TAMS 0x0000000085d00000| PB 0x0000000085d00000| Untracked 
|  94|0x0000000085e00000, 0x0000000085f00000, 0x0000000085f00000|100%| O|  |TAMS 0x0000000085e00000| PB 0x0000000085e00000| Untracked 
|  95|0x0000000085f00000, 0x0000000086000000, 0x0000000086000000|100%| O|  |TAMS 0x0000000085f00000| PB 0x0000000085f00000| Untracked 
|  96|0x0000000086000000, 0x0000000086100000, 0x0000000086100000|100%| O|Cm|TAMS 0x0000000086000000| PB 0x0000000086000000| Complete 
|  97|0x0000000086100000, 0x0000000086200000, 0x0000000086200000|100%| O|  |TAMS 0x0000000086100000| PB 0x0000000086100000| Untracked 
|  98|0x0000000086200000, 0x0000000086300000, 0x0000000086300000|100%| O|  |TAMS 0x0000000086200000| PB 0x0000000086200000| Untracked 
|  99|0x0000000086300000, 0x0000000086400000, 0x0000000086400000|100%| O|  |TAMS 0x0000000086300000| PB 0x0000000086300000| Untracked 
| 100|0x0000000086400000, 0x0000000086500000, 0x0000000086500000|100%| O|  |TAMS 0x0000000086400000| PB 0x0000000086400000| Untracked 
| 101|0x0000000086500000, 0x0000000086600000, 0x0000000086600000|100%| O|  |TAMS 0x0000000086500000| PB 0x0000000086500000| Untracked 
| 102|0x0000000086600000, 0x0000000086700000, 0x0000000086700000|100%| O|  |TAMS 0x0000000086600000| PB 0x0000000086600000| Untracked 
| 103|0x0000000086700000, 0x0000000086800000, 0x0000000086800000|100%| O|  |TAMS 0x0000000086700000| PB 0x0000000086700000| Untracked 
| 104|0x0000000086800000, 0x0000000086900000, 0x0000000086900000|100%|HS|  |TAMS 0x0000000086800000| PB 0x0000000086800000| Complete 
| 105|0x0000000086900000, 0x0000000086a00000, 0x0000000086a00000|100%|HC|  |TAMS 0x0000000086900000| PB 0x0000000086900000| Complete 
| 106|0x0000000086a00000, 0x0000000086b00000, 0x0000000086b00000|100%|HC|  |TAMS 0x0000000086a00000| PB 0x0000000086a00000| Complete 
| 107|0x0000000086b00000, 0x0000000086c00000, 0x0000000086c00000|100%|HC|  |TAMS 0x0000000086b00000| PB 0x0000000086b00000| Complete 
| 108|0x0000000086c00000, 0x0000000086d00000, 0x0000000086d00000|100%|HC|  |TAMS 0x0000000086c00000| PB 0x0000000086c00000| Complete 
| 109|0x0000000086d00000, 0x0000000086e00000, 0x0000000086e00000|100%|HC|  |TAMS 0x0000000086d00000| PB 0x0000000086d00000| Complete 
| 110|0x0000000086e00000, 0x0000000086f00000, 0x0000000086f00000|100%|HC|  |TAMS 0x0000000086e00000| PB 0x0000000086e00000| Complete 
| 111|0x0000000086f00000, 0x0000000087000000, 0x0000000087000000|100%|HC|  |TAMS 0x0000000086f00000| PB 0x0000000086f00000| Complete 
| 112|0x0000000087000000, 0x0000000087100000, 0x0000000087100000|100%|HC|  |TAMS 0x0000000087000000| PB 0x0000000087000000| Complete 
| 113|0x0000000087100000, 0x0000000087200000, 0x0000000087200000|100%|HC|  |TAMS 0x0000000087100000| PB 0x0000000087100000| Complete 
| 114|0x0000000087200000, 0x0000000087300000, 0x0000000087300000|100%|HC|  |TAMS 0x0000000087200000| PB 0x0000000087200000| Complete 
| 115|0x0000000087300000, 0x0000000087400000, 0x0000000087400000|100%|HS|  |TAMS 0x0000000087300000| PB 0x0000000087300000| Complete 
| 116|0x0000000087400000, 0x0000000087500000, 0x0000000087500000|100%|HC|  |TAMS 0x0000000087400000| PB 0x0000000087400000| Complete 
| 117|0x0000000087500000, 0x0000000087600000, 0x0000000087600000|100%|HC|  |TAMS 0x0000000087500000| PB 0x0000000087500000| Complete 
| 118|0x0000000087600000, 0x0000000087700000, 0x0000000087700000|100%|HC|  |TAMS 0x0000000087600000| PB 0x0000000087600000| Complete 
| 119|0x0000000087700000, 0x0000000087800000, 0x0000000087800000|100%| O|  |TAMS 0x0000000087700000| PB 0x0000000087700000| Untracked 
| 120|0x0000000087800000, 0x0000000087900000, 0x0000000087900000|100%| O|  |TAMS 0x0000000087800000| PB 0x0000000087800000| Untracked 
| 121|0x0000000087900000, 0x0000000087a00000, 0x0000000087a00000|100%| O|  |TAMS 0x0000000087900000| PB 0x0000000087900000| Untracked 
| 122|0x0000000087a00000, 0x0000000087b00000, 0x0000000087b00000|100%| O|  |TAMS 0x0000000087a00000| PB 0x0000000087a00000| Untracked 
| 123|0x0000000087b00000, 0x0000000087c00000, 0x0000000087c00000|100%| O|  |TAMS 0x0000000087b00000| PB 0x0000000087b00000| Untracked 
| 124|0x0000000087c00000, 0x0000000087d00000, 0x0000000087d00000|100%| O|  |TAMS 0x0000000087c00000| PB 0x0000000087c00000| Untracked 
| 125|0x0000000087d00000, 0x0000000087e00000, 0x0000000087e00000|100%| O|  |TAMS 0x0000000087d00000| PB 0x0000000087d00000| Untracked 
| 126|0x0000000087e00000, 0x0000000087f00000, 0x0000000087f00000|100%| O|  |TAMS 0x0000000087e00000| PB 0x0000000087e00000| Untracked 
| 127|0x0000000087f00000, 0x0000000087fe70c0, 0x0000000088000000| 90%| O|  |TAMS 0x0000000087f00000| PB 0x0000000087f00000| Untracked 
| 128|0x0000000088000000, 0x0000000088100000, 0x0000000088100000|100%|HS|  |TAMS 0x0000000088000000| PB 0x0000000088000000| Complete 
| 129|0x0000000088100000, 0x0000000088200000, 0x0000000088200000|100%|HC|  |TAMS 0x0000000088100000| PB 0x0000000088100000| Complete 
| 130|0x0000000088200000, 0x0000000088300000, 0x0000000088300000|100%|HC|  |TAMS 0x0000000088200000| PB 0x0000000088200000| Complete 
| 131|0x0000000088300000, 0x0000000088400000, 0x0000000088400000|100%|HC|  |TAMS 0x0000000088300000| PB 0x0000000088300000| Complete 
| 132|0x0000000088400000, 0x0000000088500000, 0x0000000088500000|100%|HC|  |TAMS 0x0000000088400000| PB 0x0000000088400000| Complete 
| 133|0x0000000088500000, 0x0000000088600000, 0x0000000088600000|100%|HC|  |TAMS 0x0000000088500000| PB 0x0000000088500000| Complete 
| 134|0x0000000088600000, 0x0000000088700000, 0x0000000088700000|100%|HC|  |TAMS 0x0000000088600000| PB 0x0000000088600000| Complete 
| 135|0x0000000088700000, 0x0000000088800000, 0x0000000088800000|100%|HC|  |TAMS 0x0000000088700000| PB 0x0000000088700000| Complete 
| 136|0x0000000088800000, 0x0000000088900000, 0x0000000088900000|100%|HC|  |TAMS 0x0000000088800000| PB 0x0000000088800000| Complete 
| 137|0x0000000088900000, 0x0000000088a00000, 0x0000000088a00000|100%|HC|  |TAMS 0x0000000088900000| PB 0x0000000088900000| Complete 
| 138|0x0000000088a00000, 0x0000000088b00000, 0x0000000088b00000|100%|HS|  |TAMS 0x0000000088a00000| PB 0x0000000088a00000| Complete 
| 139|0x0000000088b00000, 0x0000000088c00000, 0x0000000088c00000|100%|HC|  |TAMS 0x0000000088b00000| PB 0x0000000088b00000| Complete 
| 140|0x0000000088c00000, 0x0000000088d00000, 0x0000000088d00000|100%|HC|  |TAMS 0x0000000088c00000| PB 0x0000000088c00000| Complete 
| 141|0x0000000088d00000, 0x0000000088e00000, 0x0000000088e00000|100%|HC|  |TAMS 0x0000000088d00000| PB 0x0000000088d00000| Complete 
| 142|0x0000000088e00000, 0x0000000088f00000, 0x0000000088f00000|100%|HC|  |TAMS 0x0000000088e00000| PB 0x0000000088e00000| Complete 
| 143|0x0000000088f00000, 0x0000000089000000, 0x0000000089000000|100%|HC|  |TAMS 0x0000000088f00000| PB 0x0000000088f00000| Complete 
| 144|0x0000000089000000, 0x0000000089100000, 0x0000000089100000|100%|HS|  |TAMS 0x0000000089000000| PB 0x0000000089000000| Complete 
| 145|0x0000000089100000, 0x0000000089200000, 0x0000000089200000|100%|HC|  |TAMS 0x0000000089100000| PB 0x0000000089100000| Complete 
| 146|0x0000000089200000, 0x0000000089300000, 0x0000000089300000|100%|HC|  |TAMS 0x0000000089200000| PB 0x0000000089200000| Complete 
| 147|0x0000000089300000, 0x0000000089400000, 0x0000000089400000|100%|HC|  |TAMS 0x0000000089300000| PB 0x0000000089300000| Complete 
| 148|0x0000000089400000, 0x0000000089500000, 0x0000000089500000|100%|HC|  |TAMS 0x0000000089400000| PB 0x0000000089400000| Complete 
| 149|0x0000000089500000, 0x0000000089600000, 0x0000000089600000|100%|HC|  |TAMS 0x0000000089500000| PB 0x0000000089500000| Complete 
| 150|0x0000000089600000, 0x0000000089700000, 0x0000000089700000|100%|HS|  |TAMS 0x0000000089600000| PB 0x0000000089600000| Complete 
| 151|0x0000000089700000, 0x0000000089800000, 0x0000000089800000|100%|HC|  |TAMS 0x0000000089700000| PB 0x0000000089700000| Complete 
| 152|0x0000000089800000, 0x0000000089900000, 0x0000000089900000|100%|HC|  |TAMS 0x0000000089800000| PB 0x0000000089800000| Complete 
| 153|0x0000000089900000, 0x0000000089a00000, 0x0000000089a00000|100%|HC|  |TAMS 0x0000000089900000| PB 0x0000000089900000| Complete 
| 154|0x0000000089a00000, 0x0000000089b00000, 0x0000000089b00000|100%|HC|  |TAMS 0x0000000089a00000| PB 0x0000000089a00000| Complete 
| 155|0x0000000089b00000, 0x0000000089b00000, 0x0000000089c00000|  0%| F|  |TAMS 0x0000000089b00000| PB 0x0000000089b00000| Untracked 
| 156|0x0000000089c00000, 0x0000000089c00000, 0x0000000089d00000|  0%| F|  |TAMS 0x0000000089c00000| PB 0x0000000089c00000| Untracked 
| 157|0x0000000089d00000, 0x0000000089d00000, 0x0000000089e00000|  0%| F|  |TAMS 0x0000000089d00000| PB 0x0000000089d00000| Untracked 
| 158|0x0000000089e00000, 0x0000000089e00000, 0x0000000089f00000|  0%| F|  |TAMS 0x0000000089e00000| PB 0x0000000089e00000| Untracked 
| 159|0x0000000089f00000, 0x0000000089f00000, 0x000000008a000000|  0%| F|  |TAMS 0x0000000089f00000| PB 0x0000000089f00000| Untracked 
| 160|0x000000008a000000, 0x000000008a000000, 0x000000008a100000|  0%| F|  |TAMS 0x000000008a000000| PB 0x000000008a000000| Untracked 
| 161|0x000000008a100000, 0x000000008a100000, 0x000000008a200000|  0%| F|  |TAMS 0x000000008a100000| PB 0x000000008a100000| Untracked 
| 162|0x000000008a200000, 0x000000008a200000, 0x000000008a300000|  0%| F|  |TAMS 0x000000008a200000| PB 0x000000008a200000| Untracked 
| 163|0x000000008a300000, 0x000000008a300000, 0x000000008a400000|  0%| F|  |TAMS 0x000000008a300000| PB 0x000000008a300000| Untracked 
| 164|0x000000008a400000, 0x000000008a400000, 0x000000008a500000|  0%| F|  |TAMS 0x000000008a400000| PB 0x000000008a400000| Untracked 
| 165|0x000000008a500000, 0x000000008a500000, 0x000000008a600000|  0%| F|  |TAMS 0x000000008a500000| PB 0x000000008a500000| Untracked 
| 166|0x000000008a600000, 0x000000008a600000, 0x000000008a700000|  0%| F|  |TAMS 0x000000008a600000| PB 0x000000008a600000| Untracked 
| 167|0x000000008a700000, 0x000000008a700000, 0x000000008a800000|  0%| F|  |TAMS 0x000000008a700000| PB 0x000000008a700000| Untracked 
| 168|0x000000008a800000, 0x000000008a800000, 0x000000008a900000|  0%| F|  |TAMS 0x000000008a800000| PB 0x000000008a800000| Untracked 
| 169|0x000000008a900000, 0x000000008a900000, 0x000000008aa00000|  0%| F|  |TAMS 0x000000008a900000| PB 0x000000008a900000| Untracked 
| 170|0x000000008aa00000, 0x000000008aa00000, 0x000000008ab00000|  0%| F|  |TAMS 0x000000008aa00000| PB 0x000000008aa00000| Untracked 
| 171|0x000000008ab00000, 0x000000008ab00000, 0x000000008ac00000|  0%| F|  |TAMS 0x000000008ab00000| PB 0x000000008ab00000| Untracked 
| 172|0x000000008ac00000, 0x000000008ac00000, 0x000000008ad00000|  0%| F|  |TAMS 0x000000008ac00000| PB 0x000000008ac00000| Untracked 
| 173|0x000000008ad00000, 0x000000008ad00000, 0x000000008ae00000|  0%| F|  |TAMS 0x000000008ad00000| PB 0x000000008ad00000| Untracked 
| 174|0x000000008ae00000, 0x000000008ae00000, 0x000000008af00000|  0%| F|  |TAMS 0x000000008ae00000| PB 0x000000008ae00000| Untracked 
| 175|0x000000008af00000, 0x000000008af00000, 0x000000008b000000|  0%| F|  |TAMS 0x000000008af00000| PB 0x000000008af00000| Untracked 
| 176|0x000000008b000000, 0x000000008b000000, 0x000000008b100000|  0%| F|  |TAMS 0x000000008b000000| PB 0x000000008b000000| Untracked 
| 177|0x000000008b100000, 0x000000008b100000, 0x000000008b200000|  0%| F|  |TAMS 0x000000008b100000| PB 0x000000008b100000| Untracked 
| 178|0x000000008b200000, 0x000000008b200000, 0x000000008b300000|  0%| F|  |TAMS 0x000000008b200000| PB 0x000000008b200000| Untracked 
| 179|0x000000008b300000, 0x000000008b300000, 0x000000008b400000|  0%| F|  |TAMS 0x000000008b300000| PB 0x000000008b300000| Untracked 
| 180|0x000000008b400000, 0x000000008b400000, 0x000000008b500000|  0%| F|  |TAMS 0x000000008b400000| PB 0x000000008b400000| Untracked 
| 181|0x000000008b500000, 0x000000008b500000, 0x000000008b600000|  0%| F|  |TAMS 0x000000008b500000| PB 0x000000008b500000| Untracked 
| 182|0x000000008b600000, 0x000000008b600000, 0x000000008b700000|  0%| F|  |TAMS 0x000000008b600000| PB 0x000000008b600000| Untracked 
| 183|0x000000008b700000, 0x000000008b700000, 0x000000008b800000|  0%| F|  |TAMS 0x000000008b700000| PB 0x000000008b700000| Untracked 
| 184|0x000000008b800000, 0x000000008b800000, 0x000000008b900000|  0%| F|  |TAMS 0x000000008b800000| PB 0x000000008b800000| Untracked 
| 185|0x000000008b900000, 0x000000008b900000, 0x000000008ba00000|  0%| F|  |TAMS 0x000000008b900000| PB 0x000000008b900000| Untracked 
| 186|0x000000008ba00000, 0x000000008ba00000, 0x000000008bb00000|  0%| F|  |TAMS 0x000000008ba00000| PB 0x000000008ba00000| Untracked 
| 187|0x000000008bb00000, 0x000000008bb00000, 0x000000008bc00000|  0%| F|  |TAMS 0x000000008bb00000| PB 0x000000008bb00000| Untracked 
| 188|0x000000008bc00000, 0x000000008bc00000, 0x000000008bd00000|  0%| F|  |TAMS 0x000000008bc00000| PB 0x000000008bc00000| Untracked 
| 189|0x000000008bd00000, 0x000000008bd00000, 0x000000008be00000|  0%| F|  |TAMS 0x000000008bd00000| PB 0x000000008bd00000| Untracked 
| 190|0x000000008be00000, 0x000000008be00000, 0x000000008bf00000|  0%| F|  |TAMS 0x000000008be00000| PB 0x000000008be00000| Untracked 
| 191|0x000000008bf00000, 0x000000008bf00000, 0x000000008c000000|  0%| F|  |TAMS 0x000000008bf00000| PB 0x000000008bf00000| Untracked 
| 192|0x000000008c000000, 0x000000008c000000, 0x000000008c100000|  0%| F|  |TAMS 0x000000008c000000| PB 0x000000008c000000| Untracked 
| 193|0x000000008c100000, 0x000000008c100000, 0x000000008c200000|  0%| F|  |TAMS 0x000000008c100000| PB 0x000000008c100000| Untracked 
| 194|0x000000008c200000, 0x000000008c200000, 0x000000008c300000|  0%| F|  |TAMS 0x000000008c200000| PB 0x000000008c200000| Untracked 
| 195|0x000000008c300000, 0x000000008c300000, 0x000000008c400000|  0%| F|  |TAMS 0x000000008c300000| PB 0x000000008c300000| Untracked 
| 196|0x000000008c400000, 0x000000008c400000, 0x000000008c500000|  0%| F|  |TAMS 0x000000008c400000| PB 0x000000008c400000| Untracked 
| 197|0x000000008c500000, 0x000000008c500000, 0x000000008c600000|  0%| F|  |TAMS 0x000000008c500000| PB 0x000000008c500000| Untracked 
| 198|0x000000008c600000, 0x000000008c600000, 0x000000008c700000|  0%| F|  |TAMS 0x000000008c600000| PB 0x000000008c600000| Untracked 
| 199|0x000000008c700000, 0x000000008c700000, 0x000000008c800000|  0%| F|  |TAMS 0x000000008c700000| PB 0x000000008c700000| Untracked 
| 200|0x000000008c800000, 0x000000008c800000, 0x000000008c900000|  0%| F|  |TAMS 0x000000008c800000| PB 0x000000008c800000| Untracked 
| 201|0x000000008c900000, 0x000000008c900000, 0x000000008ca00000|  0%| F|  |TAMS 0x000000008c900000| PB 0x000000008c900000| Untracked 
| 202|0x000000008ca00000, 0x000000008ca00000, 0x000000008cb00000|  0%| F|  |TAMS 0x000000008ca00000| PB 0x000000008ca00000| Untracked 
| 203|0x000000008cb00000, 0x000000008cb00000, 0x000000008cc00000|  0%| F|  |TAMS 0x000000008cb00000| PB 0x000000008cb00000| Untracked 
| 204|0x000000008cc00000, 0x000000008cc00000, 0x000000008cd00000|  0%| F|  |TAMS 0x000000008cc00000| PB 0x000000008cc00000| Untracked 
| 205|0x000000008cd00000, 0x000000008cd00000, 0x000000008ce00000|  0%| F|  |TAMS 0x000000008cd00000| PB 0x000000008cd00000| Untracked 
| 206|0x000000008ce00000, 0x000000008ce00000, 0x000000008cf00000|  0%| F|  |TAMS 0x000000008ce00000| PB 0x000000008ce00000| Untracked 
| 207|0x000000008cf00000, 0x000000008cf00000, 0x000000008d000000|  0%| F|  |TAMS 0x000000008cf00000| PB 0x000000008cf00000| Untracked 
| 208|0x000000008d000000, 0x000000008d000000, 0x000000008d100000|  0%| F|  |TAMS 0x000000008d000000| PB 0x000000008d000000| Untracked 
| 209|0x000000008d100000, 0x000000008d100000, 0x000000008d200000|  0%| F|  |TAMS 0x000000008d100000| PB 0x000000008d100000| Untracked 
| 210|0x000000008d200000, 0x000000008d200000, 0x000000008d300000|  0%| F|  |TAMS 0x000000008d200000| PB 0x000000008d200000| Untracked 
| 211|0x000000008d300000, 0x000000008d300000, 0x000000008d400000|  0%| F|  |TAMS 0x000000008d300000| PB 0x000000008d300000| Untracked 
| 212|0x000000008d400000, 0x000000008d400000, 0x000000008d500000|  0%| F|  |TAMS 0x000000008d400000| PB 0x000000008d400000| Untracked 
| 213|0x000000008d500000, 0x000000008d500000, 0x000000008d600000|  0%| F|  |TAMS 0x000000008d500000| PB 0x000000008d500000| Untracked 
| 214|0x000000008d600000, 0x000000008d600000, 0x000000008d700000|  0%| F|  |TAMS 0x000000008d600000| PB 0x000000008d600000| Untracked 
| 215|0x000000008d700000, 0x000000008d700000, 0x000000008d800000|  0%| F|  |TAMS 0x000000008d700000| PB 0x000000008d700000| Untracked 
| 216|0x000000008d800000, 0x000000008d800000, 0x000000008d900000|  0%| F|  |TAMS 0x000000008d800000| PB 0x000000008d800000| Untracked 
| 217|0x000000008d900000, 0x000000008d900000, 0x000000008da00000|  0%| F|  |TAMS 0x000000008d900000| PB 0x000000008d900000| Untracked 
| 218|0x000000008da00000, 0x000000008da00000, 0x000000008db00000|  0%| F|  |TAMS 0x000000008da00000| PB 0x000000008da00000| Untracked 
| 219|0x000000008db00000, 0x000000008db00000, 0x000000008dc00000|  0%| F|  |TAMS 0x000000008db00000| PB 0x000000008db00000| Untracked 
| 220|0x000000008dc00000, 0x000000008dc00000, 0x000000008dd00000|  0%| F|  |TAMS 0x000000008dc00000| PB 0x000000008dc00000| Untracked 
| 221|0x000000008dd00000, 0x000000008dd00000, 0x000000008de00000|  0%| F|  |TAMS 0x000000008dd00000| PB 0x000000008dd00000| Untracked 
| 222|0x000000008de00000, 0x000000008de00000, 0x000000008df00000|  0%| F|  |TAMS 0x000000008de00000| PB 0x000000008de00000| Untracked 
| 223|0x000000008df00000, 0x000000008df00000, 0x000000008e000000|  0%| F|  |TAMS 0x000000008df00000| PB 0x000000008df00000| Untracked 
| 224|0x000000008e000000, 0x000000008e000000, 0x000000008e100000|  0%| F|  |TAMS 0x000000008e000000| PB 0x000000008e000000| Untracked 
| 225|0x000000008e100000, 0x000000008e100000, 0x000000008e200000|  0%| F|  |TAMS 0x000000008e100000| PB 0x000000008e100000| Untracked 
| 226|0x000000008e200000, 0x000000008e200000, 0x000000008e300000|  0%| F|  |TAMS 0x000000008e200000| PB 0x000000008e200000| Untracked 
| 227|0x000000008e300000, 0x000000008e300000, 0x000000008e400000|  0%| F|  |TAMS 0x000000008e300000| PB 0x000000008e300000| Untracked 
| 228|0x000000008e400000, 0x000000008e400000, 0x000000008e500000|  0%| F|  |TAMS 0x000000008e400000| PB 0x000000008e400000| Untracked 
| 229|0x000000008e500000, 0x000000008e500000, 0x000000008e600000|  0%| F|  |TAMS 0x000000008e500000| PB 0x000000008e500000| Untracked 
| 230|0x000000008e600000, 0x000000008e600000, 0x000000008e700000|  0%| F|  |TAMS 0x000000008e600000| PB 0x000000008e600000| Untracked 
| 231|0x000000008e700000, 0x000000008e700000, 0x000000008e800000|  0%| F|  |TAMS 0x000000008e700000| PB 0x000000008e700000| Untracked 
| 232|0x000000008e800000, 0x000000008e900000, 0x000000008e900000|100%|HS|  |TAMS 0x000000008e800000| PB 0x000000008e800000| Complete 
| 233|0x000000008e900000, 0x000000008ea00000, 0x000000008ea00000|100%|HC|  |TAMS 0x000000008e900000| PB 0x000000008e900000| Complete 
| 234|0x000000008ea00000, 0x000000008eb00000, 0x000000008eb00000|100%|HC|  |TAMS 0x000000008ea00000| PB 0x000000008ea00000| Complete 
| 235|0x000000008eb00000, 0x000000008ec00000, 0x000000008ec00000|100%|HC|  |TAMS 0x000000008eb00000| PB 0x000000008eb00000| Complete 
| 236|0x000000008ec00000, 0x000000008ed00000, 0x000000008ed00000|100%|HC|  |TAMS 0x000000008ec00000| PB 0x000000008ec00000| Complete 
| 237|0x000000008ed00000, 0x000000008ee00000, 0x000000008ee00000|100%|HC|  |TAMS 0x000000008ed00000| PB 0x000000008ed00000| Complete 
| 238|0x000000008ee00000, 0x000000008ef00000, 0x000000008ef00000|100%|HC|  |TAMS 0x000000008ee00000| PB 0x000000008ee00000| Complete 
| 239|0x000000008ef00000, 0x000000008f000000, 0x000000008f000000|100%|HC|  |TAMS 0x000000008ef00000| PB 0x000000008ef00000| Complete 
| 240|0x000000008f000000, 0x000000008f100000, 0x000000008f100000|100%|HC|  |TAMS 0x000000008f000000| PB 0x000000008f000000| Complete 
| 241|0x000000008f100000, 0x000000008f200000, 0x000000008f200000|100%|HC|  |TAMS 0x000000008f100000| PB 0x000000008f100000| Complete 
| 242|0x000000008f200000, 0x000000008f300000, 0x000000008f300000|100%|HC|  |TAMS 0x000000008f200000| PB 0x000000008f200000| Complete 
| 243|0x000000008f300000, 0x000000008f400000, 0x000000008f400000|100%|HC|  |TAMS 0x000000008f300000| PB 0x000000008f300000| Complete 
| 244|0x000000008f400000, 0x000000008f500000, 0x000000008f500000|100%|HC|  |TAMS 0x000000008f400000| PB 0x000000008f400000| Complete 
| 245|0x000000008f500000, 0x000000008f600000, 0x000000008f600000|100%|HC|  |TAMS 0x000000008f500000| PB 0x000000008f500000| Complete 
| 246|0x000000008f600000, 0x000000008f700000, 0x000000008f700000|100%|HC|  |TAMS 0x000000008f600000| PB 0x000000008f600000| Complete 
| 247|0x000000008f700000, 0x000000008f800000, 0x000000008f800000|100%|HC|  |TAMS 0x000000008f700000| PB 0x000000008f700000| Complete 
| 248|0x000000008f800000, 0x000000008f900000, 0x000000008f900000|100%|HC|  |TAMS 0x000000008f800000| PB 0x000000008f800000| Complete 
| 249|0x000000008f900000, 0x000000008fa00000, 0x000000008fa00000|100%|HC|  |TAMS 0x000000008f900000| PB 0x000000008f900000| Complete 
| 250|0x000000008fa00000, 0x000000008fb00000, 0x000000008fb00000|100%|HC|  |TAMS 0x000000008fa00000| PB 0x000000008fa00000| Complete 
| 251|0x000000008fb00000, 0x000000008fc00000, 0x000000008fc00000|100%|HC|  |TAMS 0x000000008fb00000| PB 0x000000008fb00000| Complete 
| 252|0x000000008fc00000, 0x000000008fd00000, 0x000000008fd00000|100%|HC|  |TAMS 0x000000008fc00000| PB 0x000000008fc00000| Complete 
| 253|0x000000008fd00000, 0x000000008fe00000, 0x000000008fe00000|100%|HC|  |TAMS 0x000000008fd00000| PB 0x000000008fd00000| Complete 
| 254|0x000000008fe00000, 0x000000008ff00000, 0x000000008ff00000|100%|HC|  |TAMS 0x000000008fe00000| PB 0x000000008fe00000| Complete 
| 255|0x000000008ff00000, 0x0000000090000000, 0x0000000090000000|100%|HC|  |TAMS 0x000000008ff00000| PB 0x000000008ff00000| Complete 
| 256|0x0000000090000000, 0x0000000090100000, 0x0000000090100000|100%|HC|  |TAMS 0x0000000090000000| PB 0x0000000090000000| Complete 
| 257|0x0000000090100000, 0x0000000090200000, 0x0000000090200000|100%|HC|  |TAMS 0x0000000090100000| PB 0x0000000090100000| Complete 
| 258|0x0000000090200000, 0x0000000090300000, 0x0000000090300000|100%|HC|  |TAMS 0x0000000090200000| PB 0x0000000090200000| Complete 
| 259|0x0000000090300000, 0x0000000090400000, 0x0000000090400000|100%|HC|  |TAMS 0x0000000090300000| PB 0x0000000090300000| Complete 
| 260|0x0000000090400000, 0x0000000090500000, 0x0000000090500000|100%|HC|  |TAMS 0x0000000090400000| PB 0x0000000090400000| Complete 
| 261|0x0000000090500000, 0x0000000090600000, 0x0000000090600000|100%|HC|  |TAMS 0x0000000090500000| PB 0x0000000090500000| Complete 
| 262|0x0000000090600000, 0x0000000090700000, 0x0000000090700000|100%|HC|  |TAMS 0x0000000090600000| PB 0x0000000090600000| Complete 
| 263|0x0000000090700000, 0x0000000090800000, 0x0000000090800000|100%|HC|  |TAMS 0x0000000090700000| PB 0x0000000090700000| Complete 
| 264|0x0000000090800000, 0x0000000090900000, 0x0000000090900000|100%|HC|  |TAMS 0x0000000090800000| PB 0x0000000090800000| Complete 
| 265|0x0000000090900000, 0x0000000090a00000, 0x0000000090a00000|100%|HC|  |TAMS 0x0000000090900000| PB 0x0000000090900000| Complete 
| 266|0x0000000090a00000, 0x0000000090b00000, 0x0000000090b00000|100%|HS|  |TAMS 0x0000000090a00000| PB 0x0000000090a00000| Complete 
| 267|0x0000000090b00000, 0x0000000090c00000, 0x0000000090c00000|100%|HC|  |TAMS 0x0000000090b00000| PB 0x0000000090b00000| Complete 
| 268|0x0000000090c00000, 0x0000000090d00000, 0x0000000090d00000|100%|HC|  |TAMS 0x0000000090c00000| PB 0x0000000090c00000| Complete 
| 269|0x0000000090d00000, 0x0000000090e00000, 0x0000000090e00000|100%|HC|  |TAMS 0x0000000090d00000| PB 0x0000000090d00000| Complete 
| 270|0x0000000090e00000, 0x0000000090f00000, 0x0000000090f00000|100%|HC|  |TAMS 0x0000000090e00000| PB 0x0000000090e00000| Complete 
| 271|0x0000000090f00000, 0x0000000091000000, 0x0000000091000000|100%|HC|  |TAMS 0x0000000090f00000| PB 0x0000000090f00000| Complete 
| 272|0x0000000091000000, 0x0000000091100000, 0x0000000091100000|100%|HC|  |TAMS 0x0000000091000000| PB 0x0000000091000000| Complete 
| 273|0x0000000091100000, 0x0000000091200000, 0x0000000091200000|100%|HC|  |TAMS 0x0000000091100000| PB 0x0000000091100000| Complete 
| 274|0x0000000091200000, 0x0000000091300000, 0x0000000091300000|100%|HC|  |TAMS 0x0000000091200000| PB 0x0000000091200000| Complete 
| 275|0x0000000091300000, 0x0000000091400000, 0x0000000091400000|100%|HC|  |TAMS 0x0000000091300000| PB 0x0000000091300000| Complete 
| 276|0x0000000091400000, 0x0000000091500000, 0x0000000091500000|100%|HC|  |TAMS 0x0000000091400000| PB 0x0000000091400000| Complete 
| 277|0x0000000091500000, 0x0000000091600000, 0x0000000091600000|100%|HC|  |TAMS 0x0000000091500000| PB 0x0000000091500000| Complete 
| 278|0x0000000091600000, 0x0000000091700000, 0x0000000091700000|100%|HC|  |TAMS 0x0000000091600000| PB 0x0000000091600000| Complete 
| 279|0x0000000091700000, 0x0000000091800000, 0x0000000091800000|100%|HC|  |TAMS 0x0000000091700000| PB 0x0000000091700000| Complete 
| 280|0x0000000091800000, 0x0000000091900000, 0x0000000091900000|100%|HC|  |TAMS 0x0000000091800000| PB 0x0000000091800000| Complete 
| 281|0x0000000091900000, 0x0000000091a00000, 0x0000000091a00000|100%|HC|  |TAMS 0x0000000091900000| PB 0x0000000091900000| Complete 
| 282|0x0000000091a00000, 0x0000000091b00000, 0x0000000091b00000|100%|HC|  |TAMS 0x0000000091a00000| PB 0x0000000091a00000| Complete 
| 283|0x0000000091b00000, 0x0000000091c00000, 0x0000000091c00000|100%|HC|  |TAMS 0x0000000091b00000| PB 0x0000000091b00000| Complete 
| 284|0x0000000091c00000, 0x0000000091d00000, 0x0000000091d00000|100%|HC|  |TAMS 0x0000000091c00000| PB 0x0000000091c00000| Complete 
| 285|0x0000000091d00000, 0x0000000091e00000, 0x0000000091e00000|100%|HC|  |TAMS 0x0000000091d00000| PB 0x0000000091d00000| Complete 
| 286|0x0000000091e00000, 0x0000000091f00000, 0x0000000091f00000|100%|HC|  |TAMS 0x0000000091e00000| PB 0x0000000091e00000| Complete 
| 287|0x0000000091f00000, 0x0000000091f00000, 0x0000000092000000|  0%| F|  |TAMS 0x0000000091f00000| PB 0x0000000091f00000| Untracked 
| 288|0x0000000092000000, 0x0000000092000000, 0x0000000092100000|  0%| F|  |TAMS 0x0000000092000000| PB 0x0000000092000000| Untracked 
| 289|0x0000000092100000, 0x0000000092100000, 0x0000000092200000|  0%| F|  |TAMS 0x0000000092100000| PB 0x0000000092100000| Untracked 
| 290|0x0000000092200000, 0x0000000092200000, 0x0000000092300000|  0%| F|  |TAMS 0x0000000092200000| PB 0x0000000092200000| Untracked 
| 291|0x0000000092300000, 0x0000000092300000, 0x0000000092400000|  0%| F|  |TAMS 0x0000000092300000| PB 0x0000000092300000| Untracked 
| 292|0x0000000092400000, 0x0000000092400000, 0x0000000092500000|  0%| F|  |TAMS 0x0000000092400000| PB 0x0000000092400000| Untracked 
| 293|0x0000000092500000, 0x0000000092500000, 0x0000000092600000|  0%| F|  |TAMS 0x0000000092500000| PB 0x0000000092500000| Untracked 
| 294|0x0000000092600000, 0x0000000092600000, 0x0000000092700000|  0%| F|  |TAMS 0x0000000092600000| PB 0x0000000092600000| Untracked 
| 295|0x0000000092700000, 0x0000000092700000, 0x0000000092800000|  0%| F|  |TAMS 0x0000000092700000| PB 0x0000000092700000| Untracked 
| 296|0x0000000092800000, 0x0000000092800000, 0x0000000092900000|  0%| F|  |TAMS 0x0000000092800000| PB 0x0000000092800000| Untracked 
| 297|0x0000000092900000, 0x0000000092900000, 0x0000000092a00000|  0%| F|  |TAMS 0x0000000092900000| PB 0x0000000092900000| Untracked 
| 298|0x0000000092a00000, 0x0000000092a00000, 0x0000000092b00000|  0%| F|  |TAMS 0x0000000092a00000| PB 0x0000000092a00000| Untracked 
| 299|0x0000000092b00000, 0x0000000092b92ec0, 0x0000000092c00000| 57%| S|CS|TAMS 0x0000000092b00000| PB 0x0000000092b00000| Complete 
| 300|0x0000000092c00000, 0x0000000092d00000, 0x0000000092d00000|100%| S|CS|TAMS 0x0000000092c00000| PB 0x0000000092c00000| Complete 
| 301|0x0000000092d00000, 0x0000000092e00000, 0x0000000092e00000|100%| S|CS|TAMS 0x0000000092d00000| PB 0x0000000092d00000| Complete 
| 302|0x0000000092e00000, 0x0000000092e00000, 0x0000000092f00000|  0%| F|  |TAMS 0x0000000092e00000| PB 0x0000000092e00000| Untracked 
| 303|0x0000000092f00000, 0x0000000092f00000, 0x0000000093000000|  0%| F|  |TAMS 0x0000000092f00000| PB 0x0000000092f00000| Untracked 
| 304|0x0000000093000000, 0x0000000093000000, 0x0000000093100000|  0%| F|  |TAMS 0x0000000093000000| PB 0x0000000093000000| Untracked 
| 305|0x0000000093100000, 0x0000000093100000, 0x0000000093200000|  0%| F|  |TAMS 0x0000000093100000| PB 0x0000000093100000| Untracked 
| 306|0x0000000093200000, 0x0000000093200000, 0x0000000093300000|  0%| F|  |TAMS 0x0000000093200000| PB 0x0000000093200000| Untracked 
| 307|0x0000000093300000, 0x0000000093300000, 0x0000000093400000|  0%| F|  |TAMS 0x0000000093300000| PB 0x0000000093300000| Untracked 
| 308|0x0000000093400000, 0x0000000093400000, 0x0000000093500000|  0%| F|  |TAMS 0x0000000093400000| PB 0x0000000093400000| Untracked 
| 309|0x0000000093500000, 0x0000000093500000, 0x0000000093600000|  0%| F|  |TAMS 0x0000000093500000| PB 0x0000000093500000| Untracked 
| 310|0x0000000093600000, 0x0000000093600000, 0x0000000093700000|  0%| F|  |TAMS 0x0000000093600000| PB 0x0000000093600000| Untracked 
| 311|0x0000000093700000, 0x0000000093700000, 0x0000000093800000|  0%| F|  |TAMS 0x0000000093700000| PB 0x0000000093700000| Untracked 
| 312|0x0000000093800000, 0x0000000093800000, 0x0000000093900000|  0%| F|  |TAMS 0x0000000093800000| PB 0x0000000093800000| Untracked 
| 313|0x0000000093900000, 0x0000000093900000, 0x0000000093a00000|  0%| F|  |TAMS 0x0000000093900000| PB 0x0000000093900000| Untracked 
| 314|0x0000000093a00000, 0x0000000093a00000, 0x0000000093b00000|  0%| F|  |TAMS 0x0000000093a00000| PB 0x0000000093a00000| Untracked 
| 315|0x0000000093b00000, 0x0000000093b00000, 0x0000000093c00000|  0%| F|  |TAMS 0x0000000093b00000| PB 0x0000000093b00000| Untracked 
| 316|0x0000000093c00000, 0x0000000093c00000, 0x0000000093d00000|  0%| F|  |TAMS 0x0000000093c00000| PB 0x0000000093c00000| Untracked 
| 317|0x0000000093d00000, 0x0000000093d00000, 0x0000000093e00000|  0%| F|  |TAMS 0x0000000093d00000| PB 0x0000000093d00000| Untracked 
| 318|0x0000000093e00000, 0x0000000093e00000, 0x0000000093f00000|  0%| F|  |TAMS 0x0000000093e00000| PB 0x0000000093e00000| Untracked 
| 319|0x0000000093f00000, 0x0000000093f00000, 0x0000000094000000|  0%| F|  |TAMS 0x0000000093f00000| PB 0x0000000093f00000| Untracked 
| 320|0x0000000094000000, 0x0000000094000000, 0x0000000094100000|  0%| F|  |TAMS 0x0000000094000000| PB 0x0000000094000000| Untracked 
| 321|0x0000000094100000, 0x0000000094100000, 0x0000000094200000|  0%| F|  |TAMS 0x0000000094100000| PB 0x0000000094100000| Untracked 
| 322|0x0000000094200000, 0x0000000094200000, 0x0000000094300000|  0%| F|  |TAMS 0x0000000094200000| PB 0x0000000094200000| Untracked 
| 323|0x0000000094300000, 0x0000000094300000, 0x0000000094400000|  0%| F|  |TAMS 0x0000000094300000| PB 0x0000000094300000| Untracked 
| 324|0x0000000094400000, 0x0000000094400000, 0x0000000094500000|  0%| F|  |TAMS 0x0000000094400000| PB 0x0000000094400000| Untracked 
| 325|0x0000000094500000, 0x0000000094500000, 0x0000000094600000|  0%| F|  |TAMS 0x0000000094500000| PB 0x0000000094500000| Untracked 
| 326|0x0000000094600000, 0x0000000094600000, 0x0000000094700000|  0%| F|  |TAMS 0x0000000094600000| PB 0x0000000094600000| Untracked 
| 327|0x0000000094700000, 0x0000000094718e40, 0x0000000094800000|  9%| E|  |TAMS 0x0000000094700000| PB 0x0000000094700000| Complete 
| 328|0x0000000094800000, 0x0000000094900000, 0x0000000094900000|100%| E|CS|TAMS 0x0000000094800000| PB 0x0000000094800000| Complete 
| 329|0x0000000094900000, 0x0000000094a00000, 0x0000000094a00000|100%| E|CS|TAMS 0x0000000094900000| PB 0x0000000094900000| Complete 
| 330|0x0000000094a00000, 0x0000000094b00000, 0x0000000094b00000|100%| E|CS|TAMS 0x0000000094a00000| PB 0x0000000094a00000| Complete 
| 331|0x0000000094b00000, 0x0000000094c00000, 0x0000000094c00000|100%| E|CS|TAMS 0x0000000094b00000| PB 0x0000000094b00000| Complete 
| 332|0x0000000094c00000, 0x0000000094d00000, 0x0000000094d00000|100%| E|CS|TAMS 0x0000000094c00000| PB 0x0000000094c00000| Complete 
| 333|0x0000000094d00000, 0x0000000094e00000, 0x0000000094e00000|100%| E|CS|TAMS 0x0000000094d00000| PB 0x0000000094d00000| Complete 
| 334|0x0000000094e00000, 0x0000000094f00000, 0x0000000094f00000|100%| E|CS|TAMS 0x0000000094e00000| PB 0x0000000094e00000| Complete 
| 335|0x0000000094f00000, 0x0000000095000000, 0x0000000095000000|100%| E|CS|TAMS 0x0000000094f00000| PB 0x0000000094f00000| Complete 
| 336|0x0000000095000000, 0x0000000095100000, 0x0000000095100000|100%| E|CS|TAMS 0x0000000095000000| PB 0x0000000095000000| Complete 
| 337|0x0000000095100000, 0x0000000095200000, 0x0000000095200000|100%| E|CS|TAMS 0x0000000095100000| PB 0x0000000095100000| Complete 
| 338|0x0000000095200000, 0x0000000095300000, 0x0000000095300000|100%| E|CS|TAMS 0x0000000095200000| PB 0x0000000095200000| Complete 
| 339|0x0000000095300000, 0x0000000095400000, 0x0000000095400000|100%| E|CS|TAMS 0x0000000095300000| PB 0x0000000095300000| Complete 
| 340|0x0000000095400000, 0x0000000095500000, 0x0000000095500000|100%| E|CS|TAMS 0x0000000095400000| PB 0x0000000095400000| Complete 
| 341|0x0000000095500000, 0x0000000095600000, 0x0000000095600000|100%| E|CS|TAMS 0x0000000095500000| PB 0x0000000095500000| Complete 
| 342|0x0000000095600000, 0x0000000095700000, 0x0000000095700000|100%| E|CS|TAMS 0x0000000095600000| PB 0x0000000095600000| Complete 
| 343|0x0000000095700000, 0x0000000095800000, 0x0000000095800000|100%| E|CS|TAMS 0x0000000095700000| PB 0x0000000095700000| Complete 
| 344|0x0000000095800000, 0x0000000095900000, 0x0000000095900000|100%| E|  |TAMS 0x0000000095800000| PB 0x0000000095800000| Complete 
| 345|0x0000000095900000, 0x0000000095a00000, 0x0000000095a00000|100%| E|CS|TAMS 0x0000000095900000| PB 0x0000000095900000| Complete 
| 346|0x0000000095a00000, 0x0000000095b00000, 0x0000000095b00000|100%| E|CS|TAMS 0x0000000095a00000| PB 0x0000000095a00000| Complete 
| 347|0x0000000095b00000, 0x0000000095c00000, 0x0000000095c00000|100%| E|CS|TAMS 0x0000000095b00000| PB 0x0000000095b00000| Complete 
| 348|0x0000000095c00000, 0x0000000095d00000, 0x0000000095d00000|100%| E|CS|TAMS 0x0000000095c00000| PB 0x0000000095c00000| Complete 
|2028|0x00000000fec00000, 0x00000000fed00000, 0x00000000fed00000|100%| O|  |TAMS 0x00000000fec00000| PB 0x00000000fec00000| Untracked 
|2029|0x00000000fed00000, 0x00000000fee00000, 0x00000000fee00000|100%| O|  |TAMS 0x00000000fed00000| PB 0x00000000fed00000| Untracked 
|2030|0x00000000fee00000, 0x00000000fef00000, 0x00000000fef00000|100%| O|  |TAMS 0x00000000fee00000| PB 0x00000000fee00000| Untracked 
|2031|0x00000000fef00000, 0x00000000ff000000, 0x00000000ff000000|100%| O|  |TAMS 0x00000000fef00000| PB 0x00000000fef00000| Untracked 
|2032|0x00000000ff000000, 0x00000000ff100000, 0x00000000ff100000|100%| O|  |TAMS 0x00000000ff000000| PB 0x00000000ff000000| Untracked 
|2033|0x00000000ff100000, 0x00000000ff200000, 0x00000000ff200000|100%| O|  |TAMS 0x00000000ff100000| PB 0x00000000ff100000| Untracked 
|2034|0x00000000ff200000, 0x00000000ff300000, 0x00000000ff300000|100%| O|  |TAMS 0x00000000ff200000| PB 0x00000000ff200000| Untracked 
|2035|0x00000000ff300000, 0x00000000ff400000, 0x00000000ff400000|100%| E|CS|TAMS 0x00000000ff300000| PB 0x00000000ff300000| Complete 
|2036|0x00000000ff400000, 0x00000000ff500000, 0x00000000ff500000|100%| E|CS|TAMS 0x00000000ff400000| PB 0x00000000ff400000| Complete 
|2037|0x00000000ff500000, 0x00000000ff600000, 0x00000000ff600000|100%| E|CS|TAMS 0x00000000ff500000| PB 0x00000000ff500000| Complete 
|2038|0x00000000ff600000, 0x00000000ff700000, 0x00000000ff700000|100%| O|  |TAMS 0x00000000ff600000| PB 0x00000000ff600000| Untracked 
|2039|0x00000000ff700000, 0x00000000ff800000, 0x00000000ff800000|100%| O|  |TAMS 0x00000000ff700000| PB 0x00000000ff700000| Untracked 
|2040|0x00000000ff800000, 0x00000000ff900000, 0x00000000ff900000|100%| O|  |TAMS 0x00000000ff800000| PB 0x00000000ff800000| Untracked 
|2041|0x00000000ff900000, 0x00000000ffa00000, 0x00000000ffa00000|100%| O|  |TAMS 0x00000000ff900000| PB 0x00000000ff900000| Untracked 
|2042|0x00000000ffa00000, 0x00000000ffb00000, 0x00000000ffb00000|100%| O|  |TAMS 0x00000000ffa00000| PB 0x00000000ffa00000| Untracked 
|2043|0x00000000ffb00000, 0x00000000ffc00000, 0x00000000ffc00000|100%| O|  |TAMS 0x00000000ffb00000| PB 0x00000000ffb00000| Untracked 
|2044|0x00000000ffc00000, 0x00000000ffd00000, 0x00000000ffd00000|100%| O|  |TAMS 0x00000000ffc00000| PB 0x00000000ffc00000| Untracked 
|2045|0x00000000ffd00000, 0x00000000ffe00000, 0x00000000ffe00000|100%| O|  |TAMS 0x00000000ffd00000| PB 0x00000000ffd00000| Untracked 
|2046|0x00000000ffe00000, 0x00000000fff00000, 0x00000000fff00000|100%| O|  |TAMS 0x00000000ffe00000| PB 0x00000000ffe00000| Untracked 
|2047|0x00000000fff00000, 0x0000000100000000, 0x0000000100000000|100%| O|  |TAMS 0x00000000fff00000| PB 0x00000000fff00000| Untracked 

Card table byte_map: [0x0000024e3f350000,0x0000024e3f750000] _byte_map_base: 0x0000024e3ef50000

Marking Bits: (CMBitMap*) 0x0000024e2cb3b7d0
 Bits: [0x0000024e3f750000, 0x0000024e41750000)

Polling page: 0x0000024e2ae40000

Metaspace:

Usage:
  Non-class:    100.55 MB used.
      Class:     15.99 MB used.
       Both:    116.54 MB used.

Virtual space:
  Non-class space:      128.00 MB reserved,     101.62 MB ( 79%) committed,  2 nodes.
      Class space:        1.00 GB reserved,      17.12 MB (  2%) committed,  1 nodes.
             Both:        1.12 GB reserved,     118.75 MB ( 10%) committed. 

Chunk freelists:
   Non-Class:  9.92 MB
       Class:  14.72 MB
        Both:  24.64 MB

MaxMetaspaceSize: unlimited
CompressedClassSpaceSize: 1.00 GB
Initial GC threshold: 21.00 MB
Current GC threshold: 197.00 MB
CDS: off
 - commit_granule_bytes: 65536.
 - commit_granule_words: 8192.
 - virtual_space_node_default_size: 8388608.
 - enlarge_chunks_in_place: 1.
 - use_allocation_guard: 0.


Internal statistics:

num_allocs_failed_limit: 12.
num_arena_births: 4348.
num_arena_deaths: 0.
num_vsnodes_births: 3.
num_vsnodes_deaths: 0.
num_space_committed: 1899.
num_space_uncommitted: 0.
num_chunks_returned_to_freelist: 12.
num_chunks_taken_from_freelist: 9480.
num_chunk_merges: 12.
num_chunk_splits: 6135.
num_chunks_enlarged: 3799.
num_inconsistent_stats: 0.

CodeHeap 'non-profiled nmethods': size=120000Kb used=8818Kb max_used=8928Kb free=111181Kb
 bounds [0x0000024e376f0000, 0x0000024e37fb0000, 0x0000024e3ec20000]
CodeHeap 'profiled nmethods': size=120000Kb used=23970Kb max_used=24291Kb free=96029Kb
 bounds [0x0000024e2fc20000, 0x0000024e313e0000, 0x0000024e37150000]
CodeHeap 'non-nmethods': size=5760Kb used=2168Kb max_used=2209Kb free=3591Kb
 bounds [0x0000024e37150000, 0x0000024e373c0000, 0x0000024e376f0000]
 total_blobs=13823 nmethods=12922 adapters=803
 compilation: enabled
              stopped_count=0, restarted_count=0
 full_count=0

Compilation events (20 events):
Event: 44.311 Thread 0x0000024e443692d0 15540       1       kotlin.ranges.IntProgression::getFirst (5 bytes)
Event: 44.311 Thread 0x0000024e443692d0 nmethod 15540 0x0000024e37dbe710 code [0x0000024e37dbe8a0, 0x0000024e37dbe968]
Event: 44.313 Thread 0x0000024e507139f0 nmethod 15539 0x0000024e37dec610 code [0x0000024e37dec800, 0x0000024e37decd18]
Event: 44.313 Thread 0x0000024e507139f0 15538       4       java.util.concurrent.atomic.AtomicLong::compareAndSet (13 bytes)
Event: 44.313 Thread 0x0000024e507139f0 nmethod 15538 0x0000024e37dbe290 code [0x0000024e37dbe420, 0x0000024e37dbe4c0]
Event: 44.329 Thread 0x0000024e507139f0 15541       4       com.google.common.io.Files::getFileExtension (42 bytes)
Event: 44.329 Thread 0x0000024e443692d0 15542       1       org.gradle.api.internal.artifacts.configurations.DefaultArtifactCollection::getArtifactFiles (5 bytes)
Event: 44.329 Thread 0x0000024e443692d0 nmethod 15542 0x0000024e37dec310 code [0x0000024e37dec4a0, 0x0000024e37dec568]
Event: 44.330 Thread 0x0000024e443692d0 15544       3       org.jetbrains.kotlin.gradle.plugin.KotlinPlatformType$CompatibilityRule::<init> (5 bytes)
Event: 45.319 Thread 0x0000024e443692d0 nmethod 15544 0x0000024e30303390 code [0x0000024e30303540, 0x0000024e303036a8]
Event: 45.319 Thread 0x0000024e443692d0 15550       3       java.io.BufferedInputStream::fill (204 bytes)
Event: 45.323 Thread 0x0000024e443692d0 nmethod 15550 0x0000024e30866210 code [0x0000024e30866480, 0x0000024e30866fb8]
Event: 45.323 Thread 0x0000024e443692d0 15548       3       org.gradle.workers.internal.WorkerDaemonClientsManager$LogLevelChangeEventListener::onOutput (25 bytes)
Event: 45.324 Thread 0x0000024e443692d0 nmethod 15548 0x0000024e307faf90 code [0x0000024e307fb160, 0x0000024e307fb560]
Event: 45.324 Thread 0x0000024e443692d0 15545       3       org.jetbrains.kotlin.gradle.plugin.KotlinPlatformType$CompatibilityRule::execute (9 bytes)
Event: 45.325 Thread 0x0000024e443692d0 nmethod 15545 0x0000024e30136490 code [0x0000024e30136640, 0x0000024e30136878]
Event: 45.325 Thread 0x0000024e443692d0 15552       1       com.android.build.gradle.internal.dependency.SubtractingArtifactCollection$SubtractingArtifactResult::access$getRemovedFiles$p (5 bytes)
Event: 45.325 Thread 0x0000024e443692d0 nmethod 15552 0x0000024e37debf10 code [0x0000024e37dec0a0, 0x0000024e37dec150]
Event: 45.325 Thread 0x0000024e443692d0 15553       1       org.gradle.internal.execution.history.impl.AbstractInputExecutionState::getImplementation (5 bytes)
Event: 45.326 Thread 0x0000024e443692d0 nmethod 15553 0x0000024e37e42390 code [0x0000024e37e42520, 0x0000024e37e425e8]

GC Heap History (20 events):
Event: 28.972 GC heap before
{Heap before GC invocations=40 (full 0):
 garbage-first heap   total 194560K, used 152542K [0x0000000080000000, 0x0000000100000000)
  region size 1024K, 49 young (50176K), 8 survivors (8192K)
 Metaspace       used 110561K, committed 112640K, reserved 1179648K
  class space    used 15327K, committed 16384K, reserved 1048576K
}
Event: 28.979 GC heap after
{Heap after GC invocations=41 (full 0):
 garbage-first heap   total 194560K, used 113334K [0x0000000080000000, 0x0000000100000000)
  region size 1024K, 4 young (4096K), 4 survivors (4096K)
 Metaspace       used 110561K, committed 112640K, reserved 1179648K
  class space    used 15327K, committed 16384K, reserved 1048576K
}
Event: 29.319 GC heap before
{Heap before GC invocations=41 (full 0):
 garbage-first heap   total 194560K, used 174774K [0x0000000080000000, 0x0000000100000000)
  region size 1024K, 65 young (66560K), 4 survivors (4096K)
 Metaspace       used 110572K, committed 112704K, reserved 1179648K
  class space    used 15327K, committed 16384K, reserved 1048576K
}
Event: 29.324 GC heap after
{Heap after GC invocations=42 (full 0):
 garbage-first heap   total 194560K, used 114257K [0x0000000080000000, 0x0000000100000000)
  region size 1024K, 5 young (5120K), 5 survivors (5120K)
 Metaspace       used 110572K, committed 112704K, reserved 1179648K
  class space    used 15327K, committed 16384K, reserved 1048576K
}
Event: 29.778 GC heap before
{Heap before GC invocations=42 (full 0):
 garbage-first heap   total 194560K, used 175697K [0x0000000080000000, 0x0000000100000000)
  region size 1024K, 66 young (67584K), 5 survivors (5120K)
 Metaspace       used 111063K, committed 113216K, reserved 1179648K
  class space    used 15426K, committed 16512K, reserved 1048576K
}
Event: 29.784 GC heap after
{Heap after GC invocations=43 (full 0):
 garbage-first heap   total 194560K, used 117325K [0x0000000080000000, 0x0000000100000000)
  region size 1024K, 7 young (7168K), 7 survivors (7168K)
 Metaspace       used 111063K, committed 113216K, reserved 1179648K
  class space    used 15426K, committed 16512K, reserved 1048576K
}
Event: 30.320 GC heap before
{Heap before GC invocations=44 (full 0):
 garbage-first heap   total 208896K, used 174669K [0x0000000080000000, 0x0000000100000000)
  region size 1024K, 64 young (65536K), 7 survivors (7168K)
 Metaspace       used 111166K, committed 113280K, reserved 1179648K
  class space    used 15439K, committed 16512K, reserved 1048576K
}
Event: 30.327 GC heap after
{Heap after GC invocations=45 (full 0):
 garbage-first heap   total 208896K, used 119344K [0x0000000080000000, 0x0000000100000000)
  region size 1024K, 5 young (5120K), 5 survivors (5120K)
 Metaspace       used 111166K, committed 113280K, reserved 1179648K
  class space    used 15439K, committed 16512K, reserved 1048576K
}
Event: 30.780 GC heap before
{Heap before GC invocations=45 (full 0):
 garbage-first heap   total 208896K, used 188976K [0x0000000080000000, 0x0000000100000000)
  region size 1024K, 74 young (75776K), 5 survivors (5120K)
 Metaspace       used 111324K, committed 113472K, reserved 1179648K
  class space    used 15454K, committed 16576K, reserved 1048576K
}
Event: 30.786 GC heap after
{Heap after GC invocations=46 (full 0):
 garbage-first heap   total 208896K, used 120626K [0x0000000080000000, 0x0000000100000000)
  region size 1024K, 7 young (7168K), 7 survivors (7168K)
 Metaspace       used 111324K, committed 113472K, reserved 1179648K
  class space    used 15454K, committed 16576K, reserved 1048576K
}
Event: 31.262 GC heap before
{Heap before GC invocations=46 (full 0):
 garbage-first heap   total 208896K, used 189234K [0x0000000080000000, 0x0000000100000000)
  region size 1024K, 75 young (76800K), 7 survivors (7168K)
 Metaspace       used 111519K, committed 113664K, reserved 1179648K
  class space    used 15479K, committed 16576K, reserved 1048576K
}
Event: 31.274 GC heap after
{Heap after GC invocations=47 (full 0):
 garbage-first heap   total 208896K, used 121569K [0x0000000080000000, 0x0000000100000000)
  region size 1024K, 8 young (8192K), 8 survivors (8192K)
 Metaspace       used 111519K, committed 113664K, reserved 1179648K
  class space    used 15479K, committed 16576K, reserved 1048576K
}
Event: 31.694 GC heap before
{Heap before GC invocations=47 (full 0):
 garbage-first heap   total 208896K, used 187105K [0x0000000080000000, 0x0000000100000000)
  region size 1024K, 73 young (74752K), 8 survivors (8192K)
 Metaspace       used 111550K, committed 113664K, reserved 1179648K
  class space    used 15480K, committed 16576K, reserved 1048576K
}
Event: 31.703 GC heap after
{Heap after GC invocations=48 (full 0):
 garbage-first heap   total 250880K, used 123885K [0x0000000080000000, 0x0000000100000000)
  region size 1024K, 8 young (8192K), 8 survivors (8192K)
 Metaspace       used 111550K, committed 113664K, reserved 1179648K
  class space    used 15480K, committed 16576K, reserved 1048576K
}
Event: 32.408 GC heap before
{Heap before GC invocations=49 (full 0):
 garbage-first heap   total 250880K, used 227309K [0x0000000080000000, 0x0000000100000000)
  region size 1024K, 110 young (112640K), 8 survivors (8192K)
 Metaspace       used 111615K, committed 113728K, reserved 1179648K
  class space    used 15483K, committed 16576K, reserved 1048576K
}
Event: 32.417 GC heap after
{Heap after GC invocations=50 (full 0):
 garbage-first heap   total 250880K, used 126391K [0x0000000080000000, 0x0000000100000000)
  region size 1024K, 10 young (10240K), 10 survivors (10240K)
 Metaspace       used 111615K, committed 113728K, reserved 1179648K
  class space    used 15483K, committed 16576K, reserved 1048576K
}
Event: 35.840 GC heap before
{Heap before GC invocations=50 (full 0):
 garbage-first heap   total 334848K, used 333239K [0x0000000080000000, 0x0000000100000000)
  region size 1024K, 104 young (106496K), 10 survivors (10240K)
 Metaspace       used 118281K, committed 120512K, reserved 1179648K
  class space    used 16229K, committed 17344K, reserved 1048576K
}
Event: 35.865 GC heap after
{Heap after GC invocations=51 (full 0):
 garbage-first heap   total 355328K, used 201057K [0x0000000080000000, 0x0000000100000000)
  region size 1024K, 13 young (13312K), 13 survivors (13312K)
 Metaspace       used 118281K, committed 120512K, reserved 1179648K
  class space    used 16229K, committed 17344K, reserved 1048576K
}
Event: 37.099 GC heap before
{Heap before GC invocations=51 (full 0):
 garbage-first heap   total 355328K, used 224609K [0x0000000080000000, 0x0000000100000000)
  region size 1024K, 22 young (22528K), 13 survivors (13312K)
 Metaspace       used 118778K, committed 120960K, reserved 1179648K
  class space    used 16287K, committed 17408K, reserved 1048576K
}
Event: 37.110 GC heap after
{Heap after GC invocations=52 (full 0):
 garbage-first heap   total 355328K, used 212455K [0x0000000080000000, 0x0000000100000000)
  region size 1024K, 3 young (3072K), 3 survivors (3072K)
 Metaspace       used 118778K, committed 120960K, reserved 1179648K
  class space    used 16287K, committed 17408K, reserved 1048576K
}

Dll operation events (3 events):
Event: 0.016 Loaded shared library C:\Program Files\Android\Android Studio\jbr\bin\java.dll
Event: 0.023 Loaded shared library C:\Program Files\Android\Android Studio\jbr\bin\zip.dll
Event: 2.472 Loaded shared library C:\Program Files\Android\Android Studio\jbr\bin\verify.dll

Deoptimization events (20 events):
Event: 37.598 Thread 0x0000024e4e506ad0 DEOPT PACKING pc=0x0000024e3774647c sp=0x000000a1f02fc720
Event: 37.598 Thread 0x0000024e4e506ad0 DEOPT UNPACKING pc=0x0000024e371a46a2 sp=0x000000a1f02fc5d8 mode 2
Event: 37.598 Thread 0x0000024e4e506ad0 Uncommon trap: trap_request=0xffffff6e fr.pc=0x0000024e37c1c3e4 relative=0x00000000000001c4
Event: 37.598 Thread 0x0000024e4e506ad0 Uncommon trap: reason=loop_limit_check action=maybe_recompile pc=0x0000024e37c1c3e4 method=java.lang.StringLatin1.lastIndexOf([BII)I @ 19 c2
Event: 37.598 Thread 0x0000024e4e506ad0 DEOPT PACKING pc=0x0000024e37c1c3e4 sp=0x000000a1f02fc680
Event: 37.598 Thread 0x0000024e4e506ad0 DEOPT UNPACKING pc=0x0000024e371a46a2 sp=0x000000a1f02fc5a8 mode 2
Event: 37.603 Thread 0x0000024e4f6ab5b0 Uncommon trap: trap_request=0xffffff45 fr.pc=0x0000024e37b4e4b4 relative=0x0000000000000094
Event: 37.603 Thread 0x0000024e4f6ab5b0 Uncommon trap: reason=unstable_if action=reinterpret pc=0x0000024e37b4e4b4 method=java.util.concurrent.TimeUnit.toNanos(J)J @ 22 c2
Event: 37.603 Thread 0x0000024e4f6ab5b0 DEOPT PACKING pc=0x0000024e37b4e4b4 sp=0x000000a1f51feda0
Event: 37.603 Thread 0x0000024e4f6ab5b0 DEOPT UNPACKING pc=0x0000024e371a46a2 sp=0x000000a1f51fed10 mode 2
Event: 37.883 Thread 0x0000024e4e506ad0 Uncommon trap: trap_request=0xffffffc6 fr.pc=0x0000024e37e05248 relative=0x0000000000000548
Event: 37.883 Thread 0x0000024e4e506ad0 Uncommon trap: reason=bimorphic_or_optimized_type_check action=maybe_recompile pc=0x0000024e37e05248 method=java.io.ObjectOutputStream$BlockDataOutputStream.drain()V @ 36 c2
Event: 37.883 Thread 0x0000024e4e506ad0 DEOPT PACKING pc=0x0000024e37e05248 sp=0x000000a1f02fce20
Event: 37.883 Thread 0x0000024e4e506ad0 DEOPT UNPACKING pc=0x0000024e371a46a2 sp=0x000000a1f02fcdf0 mode 2
Event: 39.211 Thread 0x0000024e4f6ab5b0 Uncommon trap: trap_request=0xffffff45 fr.pc=0x0000024e37932178 relative=0x0000000000000058
Event: 39.211 Thread 0x0000024e4f6ab5b0 Uncommon trap: reason=unstable_if action=reinterpret pc=0x0000024e37932178 method=java.lang.Thread.getAndClearInterrupt()Z @ 6 c2
Event: 39.211 Thread 0x0000024e4f6ab5b0 DEOPT PACKING pc=0x0000024e37932178 sp=0x000000a1f51feda0
Event: 39.211 Thread 0x0000024e4f6ab5b0 DEOPT UNPACKING pc=0x0000024e371a46a2 sp=0x000000a1f51fecd8 mode 2
Event: 44.302 Thread 0x0000024e4d0cf870 DEOPT PACKING pc=0x0000024e3135e386 sp=0x000000a1f3ffdb20
Event: 44.302 Thread 0x0000024e4d0cf870 DEOPT UNPACKING pc=0x0000024e371a4e42 sp=0x000000a1f3ffd068 mode 0

Classes loaded (20 events):
Event: 39.215 Loading class sun/rmi/transport/Target
Event: 39.216 Loading class sun/rmi/transport/Target done
Event: 39.216 Loading class sun/rmi/transport/WeakRef
Event: 39.216 Loading class sun/rmi/transport/WeakRef done
Event: 39.216 Loading class sun/rmi/transport/ObjectTable
Event: 39.216 Loading class sun/rmi/transport/ObjectTable done
Event: 39.217 Loading class sun/rmi/transport/ObjectEndpoint
Event: 39.217 Loading class sun/rmi/transport/ObjectEndpoint done
Event: 39.218 Loading class sun/rmi/server/WeakClassHashMap$ValueCell
Event: 39.218 Loading class sun/rmi/server/WeakClassHashMap$ValueCell done
Event: 39.218 Loading class java/rmi/server/RemoteObjectInvocationHandler$MethodToHash_Maps$1
Event: 39.218 Loading class java/rmi/server/RemoteObjectInvocationHandler$MethodToHash_Maps$1 done
Event: 39.221 Loading class java/security/DigestOutputStream
Event: 39.230 Loading class java/security/DigestOutputStream done
Event: 43.260 Loading class java/util/zip/Deflater
Event: 43.286 Loading class java/util/zip/Deflater done
Event: 43.286 Loading class sun/misc/SharedSecrets
Event: 43.286 Loading class sun/misc/SharedSecrets done
Event: 43.307 Loading class java/util/zip/Deflater$DeflaterZStreamRef
Event: 44.304 Loading class java/util/zip/Deflater$DeflaterZStreamRef done

Classes unloaded (0 events):
No events

Classes redefined (0 events):
No events

Internal exceptions (20 events):
Event: 34.626 Thread 0x0000024e4ce5ebc0 Exception <a 'java/lang/NoSuchMethodError'{0x000000008954e358}: static Lorg/jetbrains/kotlin/incremental/ClasspathChanges;.<clinit>()V> (0x000000008954e358) 
thrown [s\src\hotspot\share\prims\jni.cpp, line 1126]
Event: 34.696 Thread 0x0000024e4e504a00 Implicit null exception at 0x0000024e37f3f2a1 to 0x0000024e37f407a4
Event: 34.696 Thread 0x0000024e4e504a00 Implicit null exception at 0x0000024e37a2a78e to 0x0000024e37a2af10
Event: 34.699 Thread 0x0000024e4e505720 Implicit null exception at 0x0000024e37b6216c to 0x0000024e37b62394
Event: 34.699 Thread 0x0000024e4e508510 Implicit null exception at 0x0000024e37b6216c to 0x0000024e37b62394
Event: 34.699 Thread 0x0000024e4e508ba0 Implicit null exception at 0x0000024e37b6216c to 0x0000024e37b62394
Event: 34.699 Thread 0x0000024e4e506440 Implicit null exception at 0x0000024e37af938b to 0x0000024e37af945c
Event: 34.700 Thread 0x0000024e4e509230 Implicit null exception at 0x0000024e379cd887 to 0x0000024e379cd960
Event: 34.740 Thread 0x0000024e4e506ad0 Exception <a 'java/lang/NoSuchMethodError'{0x000000008806a500}: 'long java.lang.invoke.DirectMethodHandle$Holder.invokeStatic(java.lang.Object)'> (0x000000008806a500) 
thrown [s\src\hotspot\share\interpreter\linkResolver.cpp, line 784]
Event: 34.741 Thread 0x0000024e4e506ad0 Exception <a 'java/lang/NoSuchMethodError'{0x000000008806d850}: 'long java.lang.invoke.DirectMethodHandle$Holder.invokeStaticInit(java.lang.Object)'> (0x000000008806d850) 
thrown [s\src\hotspot\share\interpreter\linkResolver.cpp, line 784]
Event: 37.596 Thread 0x0000024e4e506ad0 Exception <a 'java/lang/NoSuchMethodError'{0x0000000095b80448}: static Lorg/jetbrains/kotlin/daemon/common/LoopbackNetworkInterface$AbstractClientLoopbackSocketFactory;.<clinit>()V> (0x0000000095b80448) 
thrown [s\src\hotspot\share\prims\jni.cpp, line 1126]
Event: 37.597 Thread 0x0000024e4e506ad0 Exception <a 'java/lang/NoSuchMethodError'{0x0000000095b8c3b0}: static Lorg/jetbrains/kotlin/daemon/common/LoopbackNetworkInterface$ClientLoopbackSocketFactory;.<clinit>()V> (0x0000000095b8c3b0) 
thrown [s\src\hotspot\share\prims\jni.cpp, line 1126]
Event: 37.884 Thread 0x0000024e4e506ad0 Exception <a 'java/lang/NoSuchMethodError'{0x0000000095996420}: static [Ljava/rmi/server/ObjID;.<clinit>()V> (0x0000000095996420) 
thrown [s\src\hotspot\share\prims\jni.cpp, line 1126]
Event: 37.885 Thread 0x0000024e4e506ad0 Exception <a 'java/lang/NoSuchMethodError'{0x00000000959ba9a0}: static [B.<clinit>()V> (0x00000000959ba9a0) 
thrown [s\src\hotspot\share\prims\jni.cpp, line 1126]
Event: 39.212 Thread 0x0000024e4f6ab5b0 Exception <a 'java/lang/NoSuchMethodError'{0x0000000095bf9410}: 'java.lang.Object java.lang.invoke.DirectMethodHandle$Holder.newInvokeSpecial(java.lang.Object, java.lang.Object, int, java.lang.Object, long)'> (0x0000000095bf9410) 
thrown [s\src\hotspot\share\interpreter\linkResolver.cpp, line 784]
Event: 40.238 Thread 0x0000024e4e506ad0 Exception <a 'java/lang/NoSuchMethodError'{0x00000000955d3588}: static Lorg/jetbrains/kotlin/daemon/common/CompileService$CallResult;.<clinit>()V> (0x00000000955d3588) 
thrown [s\src\hotspot\share\prims\jni.cpp, line 1126]
Event: 40.240 Thread 0x0000024e4e506ad0 Exception <a 'java/lang/NoSuchMethodError'{0x00000000955df580}: static Lorg/jetbrains/kotlin/daemon/common/CompileService$CallResult$Good;.<clinit>()V> (0x00000000955df580) 
thrown [s\src\hotspot\share\prims\jni.cpp, line 1126]
Event: 40.244 Thread 0x0000024e4e506ad0 Exception <a 'java/lang/NoSuchMethodError'{0x00000000954073e8}: static Lorg/jetbrains/kotlin/daemon/common/DaemonJVMOptions;.<clinit>()V> (0x00000000954073e8) 
thrown [s\src\hotspot\share\prims\jni.cpp, line 1126]
Event: 43.286 Thread 0x0000024e4e504370 Exception <a 'java/lang/ClassNotFoundException'{0x00000000952a6698}: sun/misc/SharedSecrets> (0x00000000952a6698) 
thrown [s\src\hotspot\share\classfile\systemDictionary.cpp, line 312]
Event: 46.331 Thread 0x0000024e4e506ad0 Exception <a 'java/lang/NoSuchMethodError'{0x0000000094ad2f48}: static Lorg/jetbrains/kotlin/daemon/common/CompileService$CallResult$Ok;.<clinit>()V> (0x0000000094ad2f48) 
thrown [s\src\hotspot\share\prims\jni.cpp, line 1126]

ZGC Phase Switch (0 events):
No events

VM Operations (20 events):
Event: 37.119 Executing VM operation: HandshakeAllThreads (Deoptimize)
Event: 37.120 Executing VM operation: HandshakeAllThreads (Deoptimize) done
Event: 37.207 Executing VM operation: G1PauseRemark
Event: 37.214 Executing VM operation: G1PauseRemark done
Event: 37.252 Executing VM operation: G1PauseCleanup
Event: 37.252 Executing VM operation: G1PauseCleanup done
Event: 38.263 Executing VM operation: Cleanup
Event: 39.210 Executing VM operation: Cleanup done
Event: 39.221 Executing VM operation: HandshakeAllThreads (Deoptimize)
Event: 39.221 Executing VM operation: HandshakeAllThreads (Deoptimize) done
Event: 40.222 Executing VM operation: Cleanup
Event: 40.235 Executing VM operation: Cleanup done
Event: 41.235 Executing VM operation: Cleanup
Event: 41.246 Executing VM operation: Cleanup done
Event: 42.247 Executing VM operation: Cleanup
Event: 42.258 Executing VM operation: Cleanup done
Event: 44.259 Executing VM operation: Cleanup
Event: 44.304 Executing VM operation: Cleanup done
Event: 46.304 Executing VM operation: Cleanup
Event: 46.330 Executing VM operation: Cleanup done

Events (20 events):
Event: 37.213 Thread 0x0000024e44308750 flushing nmethod 0x0000024e37d83a10
Event: 37.213 Thread 0x0000024e44308750 flushing nmethod 0x0000024e37cf7a10
Event: 37.213 Thread 0x0000024e44308750 flushing nmethod 0x0000024e37bea210
Event: 37.213 Thread 0x0000024e44308750 flushing nmethod 0x0000024e37b31610
Event: 37.213 Thread 0x0000024e44308750 flushing nmethod 0x0000024e37b7cf90
Event: 37.213 Thread 0x0000024e44308750 flushing nmethod 0x0000024e37b73490
Event: 37.213 Thread 0x0000024e44308750 flushing nmethod 0x0000024e37ac3a10
Event: 37.213 Thread 0x0000024e44308750 flushing nmethod 0x0000024e37a54490
Event: 37.213 Thread 0x0000024e44308750 flushing nmethod 0x0000024e37a58210
Event: 37.213 Thread 0x0000024e44308750 flushing nmethod 0x0000024e378e0b10
Event: 37.213 Thread 0x0000024e44308750 flushing nmethod 0x0000024e3777ee10
Event: 37.213 Thread 0x0000024e44308750 flushing nmethod 0x0000024e3777c110
Event: 37.213 Thread 0x0000024e44308750 flushing nmethod 0x0000024e37767010
Event: 37.273 Thread 0x0000024e507169a0 Thread exited: 0x0000024e507169a0
Event: 37.598 Thread 0x0000024e4e511570 Thread added: 0x0000024e4e511570
Event: 37.602 Thread 0x0000024e4f6ab5b0 Thread added: 0x0000024e4f6ab5b0
Event: 37.767 Loaded shared library C:\Program Files\Android\Android Studio\jbr\bin\rmi.dll
Event: 37.820 Thread 0x0000024e4f6abc40 Thread added: 0x0000024e4f6abc40
Event: 38.177 Thread 0x0000024e507139f0 Thread added: 0x0000024e507139f0
Event: 40.238 Thread 0x0000024e50715530 Thread added: 0x0000024e50715530


Dynamic libraries:
0x00007ff742e60000 - 0x00007ff742e6a000 	C:\Program Files\Android\Android Studio\jbr\bin\java.exe
0x00007ffa0a1c0000 - 0x00007ffa0a428000 	C:\WINDOWS\SYSTEM32\ntdll.dll
0x00007ffa08a40000 - 0x00007ffa08b09000 	C:\WINDOWS\System32\KERNEL32.DLL
0x00007ffa06b30000 - 0x00007ffa06f21000 	C:\WINDOWS\System32\KERNELBASE.dll
0x0000000058bf0000 - 0x0000000058c96000 	C:\WINDOWS\System32\SYSFER.DLL
0x00007ffa07b40000 - 0x00007ffa07c8b000 	C:\WINDOWS\System32\ucrtbase.dll
0x00007ff9dd5c0000 - 0x00007ff9dd5d8000 	C:\Program Files\Android\Android Studio\jbr\bin\jli.dll
0x00007ffa08550000 - 0x00007ffa08716000 	C:\WINDOWS\System32\USER32.dll
0x00007ffa07f30000 - 0x00007ffa07f57000 	C:\WINDOWS\System32\win32u.dll
0x00007ff9f0e00000 - 0x00007ff9f1093000 	C:\WINDOWS\WinSxS\amd64_microsoft.windows.common-controls_6595b64144ccf1df_6.0.26100.7824_none_3e0870b2e3345462\COMCTL32.dll
0x00007ffa08720000 - 0x00007ffa0874b000 	C:\WINDOWS\System32\GDI32.dll
0x00007ffa08c30000 - 0x00007ffa08cd9000 	C:\WINDOWS\System32\msvcrt.dll
0x00007ffa07c90000 - 0x00007ffa07dbb000 	C:\WINDOWS\System32\gdi32full.dll
0x00007ffa07220000 - 0x00007ffa072c3000 	C:\WINDOWS\System32\msvcp_win.dll
0x00007ff9ee510000 - 0x00007ff9ee52b000 	C:\Program Files\Android\Android Studio\jbr\bin\VCRUNTIME140.dll
0x00007ffa08750000 - 0x00007ffa08781000 	C:\WINDOWS\System32\IMM32.DLL
0x00007ff9f8540000 - 0x00007ff9f854c000 	C:\Program Files\Android\Android Studio\jbr\bin\vcruntime140_1.dll
0x00007ff995830000 - 0x00007ff9958bd000 	C:\Program Files\Android\Android Studio\jbr\bin\msvcp140.dll
0x00007ff939440000 - 0x00007ff93a0bd000 	C:\Program Files\Android\Android Studio\jbr\bin\server\jvm.dll
0x00007ffa09160000 - 0x00007ffa09214000 	C:\WINDOWS\System32\ADVAPI32.dll
0x00007ffa09a90000 - 0x00007ffa09b36000 	C:\WINDOWS\System32\sechost.dll
0x00007ffa07fe0000 - 0x00007ffa080f8000 	C:\WINDOWS\System32\RPCRT4.dll
0x00007ffa09220000 - 0x00007ffa09294000 	C:\WINDOWS\System32\WS2_32.dll
0x00007ffa06900000 - 0x00007ffa0695e000 	C:\WINDOWS\SYSTEM32\POWRPROF.dll
0x00007ff9f14f0000 - 0x00007ff9f1525000 	C:\WINDOWS\SYSTEM32\WINMM.dll
0x00007ff9f9ea0000 - 0x00007ff9f9eab000 	C:\WINDOWS\SYSTEM32\VERSION.dll
0x00007ffa068e0000 - 0x00007ffa068f4000 	C:\WINDOWS\SYSTEM32\UMPDC.dll
0x00007ffa05840000 - 0x00007ffa0585b000 	C:\WINDOWS\SYSTEM32\kernel.appcore.dll
0x00007ff9f7700000 - 0x00007ff9f770a000 	C:\Program Files\Android\Android Studio\jbr\bin\jimage.dll
0x00007ffa049b0000 - 0x00007ffa04bf2000 	C:\WINDOWS\SYSTEM32\DBGHELP.DLL
0x00007ffa08dd0000 - 0x00007ffa09156000 	C:\WINDOWS\System32\combase.dll
0x00007ffa08ce0000 - 0x00007ffa08db7000 	C:\WINDOWS\System32\OLEAUT32.dll
0x00007ff9dfb80000 - 0x00007ff9dfbbb000 	C:\WINDOWS\SYSTEM32\dbgcore.DLL
0x00007ffa07170000 - 0x00007ffa07215000 	C:\WINDOWS\System32\bcryptPrimitives.dll
0x00007ff9f8b10000 - 0x00007ff9f8b1e000 	C:\Program Files\Android\Android Studio\jbr\bin\instrument.dll
0x00007ff9ee4a0000 - 0x00007ff9ee4bf000 	C:\Program Files\Android\Android Studio\jbr\bin\java.dll
0x00007ff9ebef0000 - 0x00007ff9ebf08000 	C:\Program Files\Android\Android Studio\jbr\bin\zip.dll
0x00007ffa092a0000 - 0x00007ffa099f2000 	C:\WINDOWS\System32\SHELL32.dll
0x00007ffa07dc0000 - 0x00007ffa07f2a000 	C:\WINDOWS\System32\wintypes.dll
0x00007ffa072d0000 - 0x00007ffa07b33000 	C:\WINDOWS\System32\windows.storage.dll
0x00007ffa08b10000 - 0x00007ffa08c06000 	C:\WINDOWS\System32\SHCORE.dll
0x00007ffa084d0000 - 0x00007ffa08537000 	C:\WINDOWS\System32\shlwapi.dll
0x00007ffa069c0000 - 0x00007ffa069e9000 	C:\WINDOWS\SYSTEM32\profapi.dll
0x00007ff9f7360000 - 0x00007ff9f7370000 	C:\Program Files\Android\Android Studio\jbr\bin\net.dll
0x00007ff9f9700000 - 0x00007ff9f9827000 	C:\WINDOWS\SYSTEM32\WINHTTP.dll
0x00007ffa05db0000 - 0x00007ffa05e1b000 	C:\WINDOWS\system32\mswsock.dll
0x00007ff9dd0e0000 - 0x00007ff9dd0f6000 	C:\Program Files\Android\Android Studio\jbr\bin\nio.dll
0x00007ff9f8b90000 - 0x00007ff9f8ba0000 	C:\Program Files\Android\Android Studio\jbr\bin\verify.dll
0x00007ff9cdff0000 - 0x00007ff9ce017000 	C:\Users\MCC2104001_003\.gradle\native\c067742578af261105cb4f569cf0c3c89f3d7b1fecec35dd04571415982c5e48\windows-amd64\native-platform.dll
0x00007ff9dd190000 - 0x00007ff9dd2d4000 	C:\Users\MCC2104001_003\.gradle\native\100fb08df4bc3b14c8652ba06237920a3bd2aa13389f12d3474272988ae205f9\windows-amd64\native-platform-file-events.dll
0x00007ff9eedf0000 - 0x00007ff9eedf9000 	C:\Program Files\Android\Android Studio\jbr\bin\management.dll
0x00007ff9ed3c0000 - 0x00007ff9ed3cb000 	C:\Program Files\Android\Android Studio\jbr\bin\management_ext.dll
0x00007ffa08540000 - 0x00007ffa08548000 	C:\WINDOWS\System32\PSAPI.DLL
0x00007ffa06080000 - 0x00007ffa0609b000 	C:\WINDOWS\SYSTEM32\CRYPTSP.dll
0x00007ffa057a0000 - 0x00007ffa057d9000 	C:\WINDOWS\system32\rsaenh.dll
0x00007ffa05e60000 - 0x00007ffa05e8b000 	C:\WINDOWS\SYSTEM32\USERENV.dll
0x00007ffa06990000 - 0x00007ffa069ba000 	C:\WINDOWS\SYSTEM32\bcrypt.dll
0x00007ffa060a0000 - 0x00007ffa060ac000 	C:\WINDOWS\SYSTEM32\CRYPTBASE.dll
0x00007ffa052b0000 - 0x00007ffa052e4000 	C:\WINDOWS\SYSTEM32\IPHLPAPI.DLL
0x00007ffa0a170000 - 0x00007ffa0a17a000 	C:\WINDOWS\System32\NSI.dll
0x00007ff9f3a00000 - 0x00007ff9f3a09000 	C:\Program Files\Android\Android Studio\jbr\bin\extnet.dll
0x00007ffa00ab0000 - 0x00007ffa00ab8000 	C:\WINDOWS\system32\wshunix.dll
0x00007ff9f1590000 - 0x00007ff9f15a8000 	C:\WINDOWS\system32\napinsp.dll
0x00007ffa05350000 - 0x00007ffa0547c000 	C:\WINDOWS\SYSTEM32\DNSAPI.dll
0x00007ff9f13d0000 - 0x00007ff9f13e2000 	C:\WINDOWS\System32\winrnr.dll
0x00007ff9f10e0000 - 0x00007ff9f1102000 	C:\WINDOWS\system32\nlansp_c.dll
0x00007ff9f9eb0000 - 0x00007ff9f9ec6000 	C:\WINDOWS\system32\wshbth.dll
0x00007ff9f9a00000 - 0x00007ff9f9a0b000 	C:\Windows\System32\rasadhlp.dll
0x00007ffa003e0000 - 0x00007ffa00466000 	C:\WINDOWS\System32\fwpuclnt.dll
0x00007ffa03c70000 - 0x00007ffa03c77000 	C:\Program Files\Android\Android Studio\jbr\bin\rmi.dll

dbghelp: loaded successfully - version: 4.0.5 - missing functions: none
symbol engine: initialized successfully - sym options: 0x614 - pdb path: .;C:\Program Files\Android\Android Studio\jbr\bin;C:\WINDOWS\SYSTEM32;C:\WINDOWS\WinSxS\amd64_microsoft.windows.common-controls_6595b64144ccf1df_6.0.26100.7824_none_3e0870b2e3345462;C:\Program Files\Android\Android Studio\jbr\bin\server;C:\Users\MCC2104001_003\.gradle\native\c067742578af261105cb4f569cf0c3c89f3d7b1fecec35dd04571415982c5e48\windows-amd64;C:\Users\MCC2104001_003\.gradle\native\100fb08df4bc3b14c8652ba06237920a3bd2aa13389f12d3474272988ae205f9\windows-amd64

VM Arguments:
jvm_args: --add-opens=java.base/java.util=ALL-UNNAMED --add-opens=java.base/java.lang=ALL-UNNAMED --add-opens=java.base/java.lang.invoke=ALL-UNNAMED --add-opens=java.prefs/java.util.prefs=ALL-UNNAMED --add-exports=jdk.compiler/com.sun.tools.javac.api=ALL-UNNAMED --add-exports=jdk.compiler/com.sun.tools.javac.util=ALL-UNNAMED --add-opens=java.base/java.nio.charset=ALL-UNNAMED --add-opens=java.base/java.net=ALL-UNNAMED --add-opens=java.base/java.util.concurrent.atomic=ALL-UNNAMED -Xmx2048m -Dfile.encoding=UTF-8 -Duser.country=US -Duser.language=en -Duser.variant -javaagent:C:\Users\MCC2104001_003\.gradle\wrapper\dists\gradle-8.9-bin\90cnw93cvbtalezasaz0blq0a\gradle-8.9\lib\agents\gradle-instrumentation-agent-8.9.jar 
java_command: org.gradle.launcher.daemon.bootstrap.GradleDaemon 8.9
java_class_path (initial): C:\Users\MCC2104001_003\.gradle\wrapper\dists\gradle-8.9-bin\90cnw93cvbtalezasaz0blq0a\gradle-8.9\lib\gradle-daemon-main-8.9.jar
Launcher Type: SUN_STANDARD

[Global flags]
     intx CICompilerCount                          = 4                                         {product} {ergonomic}
     uint ConcGCThreads                            = 2                                         {product} {ergonomic}
     uint G1ConcRefinementThreads                  = 8                                         {product} {ergonomic}
   size_t G1HeapRegionSize                         = 1048576                                   {product} {ergonomic}
    uintx GCDrainStackTargetSize                   = 64                                        {product} {ergonomic}
   size_t InitialHeapSize                          = 132120576                                 {product} {ergonomic}
   size_t MarkStackSize                            = 4194304                                   {product} {ergonomic}
   size_t MaxHeapSize                              = 2147483648                                {product} {command line}
   size_t MaxNewSize                               = 1287651328                                {product} {ergonomic}
   size_t MinHeapDeltaBytes                        = 1048576                                   {product} {ergonomic}
   size_t MinHeapSize                              = 8388608                                   {product} {ergonomic}
    uintx NonNMethodCodeHeapSize                   = 5839372                                {pd product} {ergonomic}
    uintx NonProfiledCodeHeapSize                  = 122909434                              {pd product} {ergonomic}
    uintx ProfiledCodeHeapSize                     = 122909434                              {pd product} {ergonomic}
    uintx ReservedCodeCacheSize                    = 251658240                              {pd product} {ergonomic}
     bool SegmentedCodeCache                       = true                                      {product} {ergonomic}
   size_t SoftMaxHeapSize                          = 2147483648                             {manageable} {ergonomic}
     bool UseCompressedOops                        = true                           {product lp64_product} {ergonomic}
     bool UseG1GC                                  = true                                      {product} {ergonomic}
     bool UseLargePagesIndividualAllocation        = false                                  {pd product} {ergonomic}

Logging:
Log output configuration:
 #0: stdout all=warning uptime,level,tags foldmultilines=false
 #1: stderr all=off uptime,level,tags foldmultilines=false

Environment Variables:
PATH=C:\WINDOWS\system32;C:\WINDOWS;C:\WINDOWS\System32\Wbem;C:\WINDOWS\System32\WindowsPowerShell\v1.0\;C:\WINDOWS\System32\OpenSSH\;C:\Program Files\dotnet\;C:\xampp\php;C:\composer;C:\Program Files\nodejs\;C:\Users\MCC2104001_003\AppData\Local\Programs\Python\Python313;C:\Users\MCC2104001_003\AppData\Local\Programs\Python\Python313\Scripts;C:\Users\MCC2104001_003\AppData\Local\Programs\Microsoft VS Code\bin;C:\Users\MCC2104001_003\AppData\Local\GitHubDesktop\bin;C:\Users\MCC2104001_003\AppData\Local\Programs\Antigravity\bin
USERNAME=MCC2104001_003
OS=Windows_NT
PROCESSOR_IDENTIFIER=Intel64 Family 6 Model 142 Stepping 12, GenuineIntel
TMP=C:\Users\MCC210~1\AppData\Local\Temp
TEMP=C:\Users\MCC210~1\AppData\Local\Temp




Periodic native trim disabled

JNI global refs:
JNI global refs: 30, weak refs: 9

JNI global refs memory usage: 835, weak refs: 833

Process memory usage:
Resident Set Size: 710248K (8% of 8143556K total physical memory with 815952K free physical memory)

OOME stack traces (most recent first):
Classloader memory used:
Loader org.gradle.internal.classloader.VisitableURLClassLoader                         : 43320K
Loader org.gradle.internal.classloader.VisitableURLClassLoader$InstrumentingVisitableURLClassLoader: 31921K
Loader bootstrap                                                                       : 30470K
Loader org.gradle.initialization.MixInLegacyTypesClassLoader                           : 12012K
Loader jdk.internal.reflect.DelegatingClassLoader                                      : 545K
Loader jdk.internal.loader.ClassLoaders$PlatformClassLoader                            : 509K
Loader org.gradle.internal.classloader.VisitableURLClassLoader                         : 327K
Loader jdk.internal.loader.ClassLoaders$AppClassLoader                                 : 230K

Classes loaded by more than one classloader:
Class Program                                                                         : loaded 5 times (x 69B)
Class Build_gradle                                                                    : loaded 3 times (x 127B)
Class Build_gradle$1                                                                  : loaded 3 times (x 71B)
Class org.gradle.internal.classloader.FilteringClassLoader                            : loaded 2 times (x 102B)
Class [Lcom.google.common.base.AbstractIterator$State;                                : loaded 2 times (x 66B)
Class com.google.common.base.CharMatcher$IsEither                                     : loaded 2 times (x 108B)
Class org.gradle.internal.classloader.ClassLoaderHierarchy                            : loaded 2 times (x 67B)
Class com.google.common.collect.ImmutableEnumSet                                      : loaded 2 times (x 143B)
Class com.google.common.util.concurrent.ExecutionError                                : loaded 2 times (x 79B)
Class com.google.common.collect.ImmutableList$1                                       : loaded 2 times (x 94B)
Class org.gradle.api.internal.classpath.ManifestUtil                                  : loaded 2 times (x 68B)
Class com.google.common.collect.RegularImmutableMap                                   : loaded 2 times (x 118B)
Class com.google.common.collect.ImmutableMap$MapViewOfValuesAsSingletonSets           : loaded 2 times (x 122B)
Class [Lorg.objectweb.asm.Symbol;                                                     : loaded 2 times (x 66B)
Class org.objectweb.asm.ClassVisitor                                                  : loaded 2 times (x 85B)
Class com.google.common.collect.UnmodifiableListIterator                              : loaded 2 times (x 92B)
Class org.objectweb.asm.MethodTooLargeException                                       : loaded 2 times (x 80B)
Class [Lcom.google.common.cache.CacheBuilder$OneWeigher;                              : loaded 2 times (x 66B)
Class com.google.common.base.Suppliers                                                : loaded 2 times (x 68B)
Class com.google.common.base.Platform$JdkPatternCompiler                              : loaded 2 times (x 72B)
Class org.gradle.internal.classloader.DefaultClassLoaderFactory                       : loaded 2 times (x 79B)
Class [Lcom.google.common.collect.AbstractIterator$State;                             : loaded 2 times (x 66B)
Class com.google.common.base.CharMatcher$None                                         : loaded 2 times (x 109B)
Class org.gradle.internal.classloader.ClassLoaderVisitor                              : loaded 2 times (x 73B)
Class [Lcom.google.common.collect.ImmutableMapEntry;                                  : loaded 2 times (x 66B)
Class org.gradle.api.internal.classpath.EffectiveClassPath                            : loaded 2 times (x 87B)
Class com.google.common.collect.AbstractIterator$1                                    : loaded 2 times (x 68B)
Class com.google.common.collect.ImmutableRangeSet                                     : loaded 2 times (x 112B)
Class com.google.common.collect.ImmutableEnumMap                                      : loaded 2 times (x 122B)
Class com.google.common.collect.ListMultimap                                          : loaded 2 times (x 67B)
Class com.google.common.collect.ImmutableSet$SerializedForm                           : loaded 2 times (x 70B)
Class com.google.common.collect.Sets$1                                                : loaded 2 times (x 136B)
Class org.objectweb.asm.AnnotationVisitor                                             : loaded 2 times (x 75B)
Class com.google.common.base.Splitter                                                 : loaded 2 times (x 69B)
Class org.gradle.api.internal.DefaultClassPathProvider                                : loaded 2 times (x 73B)
Class [Lcom.google.common.base.Function;                                              : loaded 2 times (x 66B)
Class com.google.common.collect.Maps$ViewCachingAbstractMap                           : loaded 2 times (x 122B)
Class com.google.common.collect.Sets$2                                                : loaded 2 times (x 136B)
Class [Lorg.gradle.api.internal.ClassPathProvider;                                    : loaded 2 times (x 66B)
Class org.gradle.api.internal.ClassPathProvider                                       : loaded 2 times (x 67B)
Class com.google.common.collect.Sets$3                                                : loaded 2 times (x 136B)
Class com.google.common.util.concurrent.AbstractFuture$SafeAtomicHelper               : loaded 2 times (x 76B)
Class com.google.common.cache.LocalCache$LocalLoadingCache                            : loaded 2 times (x 131B)
Class com.google.common.base.AbstractIterator$State                                   : loaded 2 times (x 76B)
Class org.gradle.internal.service.UnknownServiceException                             : loaded 2 times (x 80B)
Class com.google.common.collect.Sets$4                                                : loaded 2 times (x 136B)
Class org.objectweb.asm.ModuleVisitor                                                 : loaded 2 times (x 78B)
Class com.google.common.cache.LocalCache$Strength$1                                   : loaded 2 times (x 78B)
Class com.google.common.collect.Collections2$FilteredCollection                       : loaded 2 times (x 116B)
Class com.google.common.util.concurrent.SettableFuture                                : loaded 2 times (x 111B)
Class com.google.common.cache.LocalCache$Strength$2                                   : loaded 2 times (x 78B)
Class [Lcom.google.common.collect.Maps$EntryFunction;                                 : loaded 2 times (x 66B)
Class com.google.common.collect.TransformedIterator                                   : loaded 2 times (x 77B)
Class com.google.common.cache.LocalCache$Strength$3                                   : loaded 2 times (x 78B)
Class com.google.common.collect.MapDifference                                         : loaded 2 times (x 67B)
Class com.google.common.base.Splitter$1                                               : loaded 2 times (x 74B)
Class org.objectweb.asm.FieldWriter                                                   : loaded 2 times (x 75B)
Class com.google.common.cache.CacheBuilder$NullListener                               : loaded 2 times (x 79B)
Class org.gradle.internal.classpath.TransformedClassPath                              : loaded 2 times (x 93B)
Class com.google.common.collect.Maps$IteratorBasedAbstractMap$1                       : loaded 2 times (x 135B)
Class com.google.common.collect.ImmutableRangeSet$AsSet                               : loaded 2 times (x 296B)
Class com.google.common.cache.CacheLoader$FunctionToCacheLoader                       : loaded 2 times (x 72B)
Class com.google.common.collect.Iterators$ArrayItr                                    : loaded 2 times (x 94B)
Class com.google.common.collect.ImmutableCollection$Builder                           : loaded 2 times (x 73B)
Class com.google.common.base.Joiner                                                   : loaded 2 times (x 76B)
Class com.google.common.base.MoreObjects                                              : loaded 2 times (x 68B)
Class [Lorg.objectweb.asm.Type;                                                       : loaded 2 times (x 66B)
Class com.google.common.collect.Platform                                              : loaded 2 times (x 68B)
Class com.google.common.collect.UnmodifiableIterator                                  : loaded 2 times (x 77B)
Class org.gradle.internal.service.ServiceLocator                                      : loaded 2 times (x 67B)
Class com.google.common.base.Ascii                                                    : loaded 2 times (x 68B)
Class com.google.common.collect.SingletonImmutableBiMap                               : loaded 2 times (x 140B)
Class com.google.common.cache.LocalCache$1                                            : loaded 2 times (x 86B)
Class com.google.common.collect.AbstractMapEntry                                      : loaded 2 times (x 78B)
Class com.google.common.collect.Sets$ImprovedAbstractSet                              : loaded 2 times (x 132B)
Class com.google.common.collect.ImmutableList$Builder                                 : loaded 2 times (x 74B)
Class com.google.common.cache.LocalCache$2                                            : loaded 2 times (x 139B)
Class com.google.common.collect.AbstractMultimap                                      : loaded 2 times (x 120B)
Class com.google.common.collect.ImmutableRangeSet$1                                   : loaded 2 times (x 206B)
Class com.google.common.util.concurrent.AbstractFuture$UnsafeAtomicHelper$1           : loaded 2 times (x 73B)
Class com.google.common.collect.RegularImmutableAsList                                : loaded 2 times (x 213B)
Class com.google.common.base.Optional                                                 : loaded 2 times (x 77B)
Class com.google.common.collect.Range                                                 : loaded 2 times (x 84B)
Class com.google.common.util.concurrent.AbstractFuture$Trusted                        : loaded 2 times (x 67B)
Class com.google.common.collect.Iterators                                             : loaded 2 times (x 68B)
Class com.google.common.base.CharMatcher$RangesMatcher                                : loaded 2 times (x 109B)
Class com.google.common.util.concurrent.UncheckedExecutionException                   : loaded 2 times (x 79B)
Class com.google.common.collect.Lists$StringAsImmutableList                           : loaded 2 times (x 204B)
Class org.gradle.kotlin.dsl.VersionCatalogAccessorsKt                                 : loaded 2 times (x 68B)
Class com.google.common.collect.ImmutableSortedSetFauxverideShim                      : loaded 2 times (x 144B)
Class com.google.common.base.CharMatcher$JavaLetterOrDigit                            : loaded 2 times (x 108B)
Class org.gradle.internal.InternalTransformer                                         : loaded 2 times (x 67B)
Class com.google.common.collect.AbstractMapBasedMultimap$KeySet$1                     : loaded 2 times (x 79B)
Class org.objectweb.asm.ClassWriter                                                   : loaded 2 times (x 103B)
Class com.google.common.cache.CacheLoader$UnsupportedLoadingOperationException        : loaded 2 times (x 79B)
Class com.google.common.base.CharMatcher$And                                          : loaded 2 times (x 109B)
Class org.gradle.internal.classloader.ClasspathUtil$1                                 : loaded 2 times (x 73B)
Class com.google.common.collect.FluentIterable$1                                      : loaded 2 times (x 78B)
Class com.google.common.base.Objects                                                  : loaded 2 times (x 68B)
Class org.objectweb.asm.FieldVisitor                                                  : loaded 2 times (x 74B)
Class com.google.common.collect.IndexedImmutableSet                                   : loaded 2 times (x 147B)
Class com.google.common.collect.ImmutableMap$1                                        : loaded 2 times (x 78B)
Class com.google.common.collect.BiMap                                                 : loaded 2 times (x 67B)
Class org.gradle.api.internal.classpath.DefaultModuleRegistry$DefaultModule           : loaded 2 times (x 83B)
Class com.google.common.collect.FluentIterable$2                                      : loaded 2 times (x 78B)
Class com.google.common.base.Absent                                                   : loaded 2 times (x 77B)
Class com.google.common.primitives.Ints                                               : loaded 2 times (x 68B)
Class com.google.common.collect.AbstractIterator                                      : loaded 2 times (x 79B)
Class com.google.common.collect.FluentIterable$3                                      : loaded 2 times (x 78B)
Class com.google.common.collect.RegularImmutableMap$KeySet                            : loaded 2 times (x 147B)
Class com.google.common.collect.Multiset                                              : loaded 2 times (x 67B)
Class com.google.common.collect.ArrayListMultimapGwtSerializationDependencies         : loaded 2 times (x 169B)
Class com.google.common.collect.ObjectArrays                                          : loaded 2 times (x 68B)
Class com.google.common.collect.AbstractIndexedListIterator                           : loaded 2 times (x 93B)
Class com.google.common.collect.ImmutableMapEntrySet                                  : loaded 2 times (x 148B)
Class org.gradle.api.internal.classpath.Module                                        : loaded 2 times (x 67B)
Class com.google.common.cache.Weigher                                                 : loaded 2 times (x 67B)
Class org.gradle.api.internal.classpath.UnknownModuleException                        : loaded 2 times (x 79B)
Class com.google.common.base.Stopwatch                                                : loaded 2 times (x 69B)
Class com.google.common.cache.LocalCache$Strength                                     : loaded 2 times (x 78B)
Class com.google.common.cache.Cache                                                   : loaded 2 times (x 67B)
Class com.google.common.util.concurrent.AbstractFuture$Cancellation                   : loaded 2 times (x 69B)
Class com.google.common.collect.ImmutableMap$Builder                                  : loaded 2 times (x 79B)
Class com.google.common.base.NullnessCasts                                            : loaded 2 times (x 68B)
Class com.google.common.base.Throwables                                               : loaded 2 times (x 68B)
Class com.google.common.collect.Maps$EntryFunction$1                                  : loaded 2 times (x 88B)
Class com.google.common.base.Present                                                  : loaded 2 times (x 78B)
Class com.google.common.cache.RemovalListener                                         : loaded 2 times (x 67B)
Class org.gradle.api.internal.DefaultClassPathRegistry                                : loaded 2 times (x 73B)
Class com.google.common.collect.Maps$EntryFunction$2                                  : loaded 2 times (x 88B)
Class com.google.common.primitives.IntsMethodsForWeb                                  : loaded 2 times (x 68B)
Class com.google.common.collect.Multimap                                              : loaded 2 times (x 67B)
Class org.gradle.api.internal.ClassPathRegistry                                       : loaded 2 times (x 67B)
Class org.gradle.internal.classpath.DefaultClassPath$ImmutableUniqueList              : loaded 2 times (x 196B)
Class com.google.common.collect.NullnessCasts                                         : loaded 2 times (x 68B)
Class com.google.common.base.ExtraObjectsMethodsForWeb                                : loaded 2 times (x 68B)
Class com.google.common.base.Equivalence$Identity                                     : loaded 2 times (x 79B)
Class com.google.common.cache.CacheBuilder                                            : loaded 2 times (x 69B)
Class com.google.common.collect.SingletonImmutableList                                : loaded 2 times (x 204B)
Class Settings_gradle$1                                                               : loaded 2 times (x 71B)
Class org.gradle.internal.classpath.ClassPath                                         : loaded 2 times (x 67B)
Class org.gradle.api.UncheckedIOException                                             : loaded 2 times (x 79B)
Class com.google.common.collect.ImmutableList$ReverseImmutableList                    : loaded 2 times (x 205B)
Class com.google.common.base.JdkPattern                                               : loaded 2 times (x 72B)
Class org.objectweb.asm.SymbolTable$Entry                                             : loaded 2 times (x 71B)
Class com.google.common.util.concurrent.AbstractFuture$AtomicHelper                   : loaded 2 times (x 75B)
Class org.objectweb.asm.Edge                                                          : loaded 2 times (x 69B)
Class com.google.common.base.Suppliers$SupplierOfInstance                             : loaded 2 times (x 76B)
Class com.google.common.collect.Iterators$1                                           : loaded 2 times (x 78B)
Class com.google.common.cache.LocalCache$ComputingValueReference                      : loaded 2 times (x 93B)
Class com.google.common.collect.SingletonImmutableSet                                 : loaded 2 times (x 143B)
Class com.google.common.collect.ImmutableMap$IteratorBasedImmutableMap                : loaded 2 times (x 122B)
Class com.google.common.cache.LocalCache$Segment                                      : loaded 2 times (x 151B)
Class com.google.common.collect.SortedIterable                                        : loaded 2 times (x 67B)
Class [Lorg.objectweb.asm.SymbolTable$Entry;                                          : loaded 2 times (x 66B)
Class com.google.common.cache.CacheLoader                                             : loaded 2 times (x 71B)
Class com.google.common.collect.Iterators$4                                           : loaded 2 times (x 79B)
Class com.google.common.collect.ImmutableBiMap                                        : loaded 2 times (x 140B)
Class com.google.common.collect.AbstractListMultimap                                  : loaded 2 times (x 169B)
Class org.gradle.internal.installation.GradleInstallation$1                           : loaded 2 times (x 72B)
Class org.gradle.api.internal.classpath.ModuleRegistry                                : loaded 2 times (x 67B)
Class com.google.common.util.concurrent.internal.InternalFutureFailureAccess          : loaded 2 times (x 69B)
Class com.google.common.collect.Iterators$5                                           : loaded 2 times (x 79B)
Class com.google.common.collect.ImmutableSet$JdkBackedSetBuilderImpl                  : loaded 2 times (x 73B)
Class com.google.common.base.Splitter$SplittingIterator                               : loaded 2 times (x 81B)
Class com.google.common.io.Closer$SuppressingSuppressor                               : loaded 2 times (x 72B)
Class com.google.common.collect.Iterators$6                                           : loaded 2 times (x 78B)
Class com.google.common.util.concurrent.AbstractFuture$UnsafeAtomicHelper             : loaded 2 times (x 75B)
Class com.google.common.cache.LocalCache$LocalManualCache$1                           : loaded 2 times (x 72B)
Class com.google.common.base.CharMatcher$ForPredicate                                 : loaded 2 times (x 109B)
Class com.google.common.collect.ImmutableCollection                                   : loaded 2 times (x 122B)
Class com.google.common.base.CharMatcher$AnyOf                                        : loaded 2 times (x 109B)
Class org.gradle.api.internal.classpath.DefaultModuleRegistry                         : loaded 2 times (x 80B)
Class com.google.common.util.concurrent.ListenableFuture                              : loaded 2 times (x 67B)
Class com.google.common.cache.ReferenceEntry                                          : loaded 2 times (x 67B)
Class com.google.common.collect.ImmutableSet$CachingAsList                            : loaded 2 times (x 144B)
Class com.google.common.base.Converter                                                : loaded 2 times (x 87B)
Class com.google.common.collect.Lists                                                 : loaded 2 times (x 68B)
Class com.google.common.base.CharMatcher$Any                                          : loaded 2 times (x 109B)
Class com.google.common.util.concurrent.AbstractFuture                                : loaded 2 times (x 103B)
Class com.google.common.base.FunctionalEquivalence                                    : loaded 2 times (x 80B)
Class com.google.common.collect.Iterators$9                                           : loaded 2 times (x 78B)
Class com.google.common.collect.AbstractMapBasedMultimap                              : loaded 2 times (x 136B)
Class com.google.common.collect.ImmutableAsList                                       : loaded 2 times (x 206B)
Class org.objectweb.asm.RecordComponentVisitor                                        : loaded 2 times (x 74B)
Class com.google.common.cache.CacheLoader$SupplierToCacheLoader                       : loaded 2 times (x 72B)
Class com.google.common.collect.Maps$EntryTransformer                                 : loaded 2 times (x 67B)
Class org.gradle.internal.service.ServiceLookupException                              : loaded 2 times (x 79B)
Class com.google.common.collect.ImmutableSortedSet                                    : loaded 2 times (x 296B)
Class [Lcom.google.common.cache.LocalCache$EntryFactory;                              : loaded 2 times (x 66B)
Class com.google.common.base.CharMatcher$JavaLetter                                   : loaded 2 times (x 108B)
Class org.gradle.internal.classloader.ClassLoaderFactory                              : loaded 2 times (x 67B)
Class com.google.common.cache.LocalCache$LocalManualCache                             : loaded 2 times (x 96B)
Class com.google.common.base.CharMatcher$IsNot                                        : loaded 2 times (x 108B)
Class com.google.common.base.CommonPattern                                            : loaded 2 times (x 71B)
Class org.gradle.internal.service.CachingServiceLocator                               : loaded 2 times (x 79B)
Class com.google.common.collect.AbstractMapBasedMultimap$KeySet                       : loaded 2 times (x 134B)
Class com.google.common.collect.RegularImmutableSortedSet                             : loaded 2 times (x 296B)
Class com.google.common.math.IntMath                                                  : loaded 2 times (x 68B)
Class com.google.common.collect.Iterators$10                                          : loaded 2 times (x 78B)
Class com.google.common.collect.ImmutableMapEntry                                     : loaded 2 times (x 82B)
Class com.google.common.base.CharMatcher$JavaDigit                                    : loaded 2 times (x 108B)
Class com.google.common.base.Predicates                                               : loaded 2 times (x 68B)
Class com.google.common.base.Equivalence                                              : loaded 2 times (x 79B)
Class com.google.common.collect.ImmutableMapEntry$NonTerminalImmutableMapEntry        : loaded 2 times (x 82B)
Class com.google.common.base.Function                                                 : loaded 2 times (x 67B)
Class com.google.common.cache.CacheBuilder$OneWeigher                                 : loaded 2 times (x 79B)
Class com.google.common.collect.RegularImmutableList                                  : loaded 2 times (x 209B)
Class com.google.common.collect.Maps$EntryFunction                                    : loaded 2 times (x 88B)
Class com.google.common.collect.ImmutableBiMapFauxverideShim                          : loaded 2 times (x 117B)
Class org.gradle.internal.classloader.ClasspathUtil                                   : loaded 2 times (x 68B)
Class com.google.common.base.Charsets                                                 : loaded 2 times (x 68B)
Class com.google.common.util.concurrent.Uninterruptibles                              : loaded 2 times (x 68B)
Class com.google.common.collect.Maps                                                  : loaded 2 times (x 68B)
Class com.google.common.base.CharMatcher$JavaUpperCase                                : loaded 2 times (x 108B)
Class org.gradle.api.specs.Spec                                                       : loaded 2 times (x 67B)
Class [Lcom.google.common.collect.ImmutableEntry;                                     : loaded 2 times (x 66B)
Class com.google.common.cache.LocalCache$LoadingValueReference                        : loaded 2 times (x 93B)
Class com.google.common.math.MathPreconditions                                        : loaded 2 times (x 68B)
Class com.google.common.base.Platform                                                 : loaded 2 times (x 68B)
Class com.google.common.primitives.Ints$IntConverter                                  : loaded 2 times (x 87B)
Class com.google.common.collect.Maps$8                                                : loaded 2 times (x 79B)
Class com.google.common.base.Predicates$CompositionPredicate                          : loaded 2 times (x 85B)
Class com.google.common.collect.ImmutableRangeSet$Builder                             : loaded 2 times (x 74B)
Class com.google.common.collect.Sets$SetView                                          : loaded 2 times (x 135B)
Class com.google.common.cache.LocalCache$StrongValueReference                         : loaded 2 times (x 87B)
Class com.google.common.util.concurrent.AbstractFuture$SynchronizedHelper             : loaded 2 times (x 75B)
Class com.google.common.base.CharMatcher$Invisible                                    : loaded 2 times (x 109B)
Class org.objectweb.asm.Type                                                          : loaded 2 times (x 69B)
Class org.gradle.internal.classloader.VisitableURLClassLoader$InstrumentingVisitableURLClassLoader: loaded 2 times (x 120B)
Class org.objectweb.asm.ByteVector                                                    : loaded 2 times (x 76B)
Class [Lcom.google.common.cache.CacheBuilder$NullListener;                            : loaded 2 times (x 66B)
Class com.google.common.math.IntMath$1                                                : loaded 2 times (x 68B)
Class org.gradle.internal.classloader.VisitableURLClassLoader$Spec                    : loaded 2 times (x 71B)
Class org.gradle.internal.classpath.DefaultClassPath                                  : loaded 2 times (x 87B)
Class org.objectweb.asm.Symbol                                                        : loaded 2 times (x 70B)
Class com.google.common.base.AbstractIterator                                         : loaded 2 times (x 77B)
Class com.google.common.io.Closer                                                     : loaded 2 times (x 75B)
Class com.google.common.collect.Sets$FilteredSet                                      : loaded 2 times (x 134B)
Class com.google.common.collect.RegularImmutableMap$Values                            : loaded 2 times (x 204B)
Class com.google.common.collect.ImmutableSet                                          : loaded 2 times (x 142B)
Class com.google.common.base.CharMatcher$BitSetMatcher                                : loaded 2 times (x 109B)
Class com.google.common.base.CharMatcher$Ascii                                        : loaded 2 times (x 109B)
Class org.gradle.internal.classloader.ClassLoaderSpec                                 : loaded 2 times (x 68B)
Class org.objectweb.asm.AnnotationWriter                                              : loaded 2 times (x 76B)
Class com.google.common.cache.CacheStats                                              : loaded 2 times (x 68B)
Class com.google.common.io.Closer$Suppressor                                          : loaded 2 times (x 67B)
Class org.objectweb.asm.RecordComponentWriter                                         : loaded 2 times (x 75B)
Class com.google.common.util.concurrent.AbstractFuture$Listener                       : loaded 2 times (x 69B)
Class com.google.common.base.CharMatcher$Or                                           : loaded 2 times (x 109B)
Class Settings_gradle$1$1                                                             : loaded 2 times (x 71B)
Class org.objectweb.asm.Attribute                                                     : loaded 2 times (x 74B)
Class com.google.common.base.Supplier                                                 : loaded 2 times (x 67B)
Class org.gradle.internal.classloader.VisitableURLClassLoader                         : loaded 2 times (x 114B)
Class com.google.common.collect.ImmutableList$SerializedForm                          : loaded 2 times (x 70B)
Class com.google.common.util.concurrent.AbstractFuture$Waiter                         : loaded 2 times (x 69B)
Class Settings_gradle                                                                 : loaded 2 times (x 125B)
Class org.gradle.internal.Cast                                                        : loaded 2 times (x 68B)
Class org.gradle.api.Action                                                           : loaded 2 times (x 67B)
Class com.google.common.collect.Sets                                                  : loaded 2 times (x 68B)
Class org.objectweb.asm.Handler                                                       : loaded 2 times (x 69B)
Class com.google.common.base.Ticker                                                   : loaded 2 times (x 69B)
Class com.google.common.base.Strings                                                  : loaded 2 times (x 68B)
Class com.google.common.base.CharMatcher$FastMatcher                                  : loaded 2 times (x 108B)
Class org.gradle.internal.agents.InstrumentingClassLoader                             : loaded 2 times (x 67B)
Class [Lcom.google.common.cache.LocalCache$Segment;                                   : loaded 2 times (x 66B)
Class [Lcom.google.common.cache.LocalCache$Strength;                                  : loaded 2 times (x 66B)
Class com.google.common.cache.CacheBuilder$1                                          : loaded 2 times (x 82B)
Class com.google.common.collect.ImmutableMap                                          : loaded 2 times (x 117B)
Class com.google.common.base.Predicate                                                : loaded 2 times (x 67B)
Class org.gradle.internal.classpath.DefaultClassPath$ImmutableUniqueList$Builder      : loaded 2 times (x 72B)
Class com.google.common.collect.AbstractRangeSet                                      : loaded 2 times (x 111B)
Class com.google.common.cache.LocalCache                                              : loaded 2 times (x 184B)
Class com.google.common.cache.CacheBuilder$2                                          : loaded 2 times (x 69B)
Class com.google.common.base.CharMatcher$NegatedFastMatcher                           : loaded 2 times (x 110B)
Class [Lcom.google.common.collect.AbstractMapEntry;                                   : loaded 2 times (x 66B)
Class com.google.common.collect.ImmutableEntry                                        : loaded 2 times (x 79B)
Class com.google.common.collect.ArrayListMultimap                                     : loaded 2 times (x 169B)
Class com.google.common.base.AbstractIterator$1                                       : loaded 2 times (x 68B)
Class com.google.common.base.CharMatcher$Digit                                        : loaded 2 times (x 109B)
Class org.gradle.api.GradleException                                                  : loaded 2 times (x 79B)
Class com.google.common.collect.CollectPreconditions                                  : loaded 2 times (x 68B)
Class com.google.common.base.CharMatcher$JavaIsoControl                               : loaded 2 times (x 109B)
Class com.google.common.collect.Maps$AbstractFilteredMap                              : loaded 2 times (x 124B)
Class com.google.common.collect.SortedMapDifference                                   : loaded 2 times (x 67B)
Class com.google.common.base.CharMatcher$JavaLowerCase                                : loaded 2 times (x 108B)
Class com.google.common.cache.LocalCache$EntryFactory                                 : loaded 2 times (x 80B)
Class com.google.common.collect.Iterables$5                                           : loaded 2 times (x 78B)
Class com.google.common.cache.LocalCache$AbstractReferenceEntry                       : loaded 2 times (x 104B)
Class com.google.common.base.Splitter$1$1                                             : loaded 2 times (x 83B)
Class com.google.common.base.CharMatcher$Whitespace                                   : loaded 2 times (x 109B)
Class org.gradle.internal.IoActions                                                   : loaded 2 times (x 68B)
Class com.google.common.collect.ImmutableRangeSet$ComplementRanges                    : loaded 2 times (x 204B)
Class org.objectweb.asm.SymbolTable                                                   : loaded 2 times (x 69B)
Class com.google.common.cache.CacheLoader$InvalidCacheLoadException                   : loaded 2 times (x 79B)
Class com.google.common.collect.ImmutableSet$RegularSetBuilderImpl                    : loaded 2 times (x 74B)
Class com.google.common.base.CharMatcher$SingleWidth                                  : loaded 2 times (x 109B)
Class org.gradle.internal.classloader.SystemClassLoaderSpec                           : loaded 2 times (x 68B)
Class com.google.common.collect.FluentIterable                                        : loaded 2 times (x 78B)
Class com.google.common.cache.LocalCache$StrongEntry                                  : loaded 2 times (x 105B)
Class com.google.common.util.concurrent.AbstractFuture$TrustedFuture                  : loaded 2 times (x 111B)
Class com.google.common.cache.LoadingCache                                            : loaded 2 times (x 67B)
Class org.objectweb.asm.MethodWriter                                                  : loaded 2 times (x 103B)
Class [Lcom.google.common.cache.Weigher;                                              : loaded 2 times (x 66B)
Class com.google.common.collect.RegularImmutableMap$BucketOverflowException           : loaded 2 times (x 79B)
Class com.google.common.collect.AbstractIterator$State                                : loaded 2 times (x 76B)
Class com.google.common.collect.RegularImmutableBiMap                                 : loaded 2 times (x 145B)
Class com.google.common.cache.LocalCache$ValueReference                               : loaded 2 times (x 67B)
Class com.google.common.base.CharMatcher$Negated                                      : loaded 2 times (x 110B)
Class com.google.common.base.CharMatcher$Is                                           : loaded 2 times (x 108B)
Class com.google.common.hash.PrimitiveSink                                            : loaded 2 times (x 67B)
Class com.google.common.util.concurrent.AbstractFuture$Failure                        : loaded 2 times (x 69B)
Class com.google.common.base.Equivalence$Equals                                       : loaded 2 times (x 79B)
Class com.google.common.collect.Hashing                                               : loaded 2 times (x 68B)
Class com.google.common.base.PatternCompiler                                          : loaded 2 times (x 67B)
Class com.google.common.base.Preconditions                                            : loaded 2 times (x 68B)
Class com.google.common.base.Joiner$1                                                 : loaded 2 times (x 77B)
Class org.objectweb.asm.Label                                                         : loaded 2 times (x 70B)
Class org.objectweb.asm.CurrentFrame                                                  : loaded 2 times (x 70B)
Class org.objectweb.asm.ClassTooLargeException                                        : loaded 2 times (x 80B)
Class com.google.common.collect.PeekingIterator                                       : loaded 2 times (x 67B)
Class com.google.common.base.CharMatcher                                              : loaded 2 times (x 108B)
Class com.google.common.collect.Maps$IteratorBasedAbstractMap                         : loaded 2 times (x 122B)
Class com.google.common.collect.RangeGwtSerializationDependencies                     : loaded 2 times (x 68B)
Class com.google.common.base.Joiner$2                                                 : loaded 2 times (x 76B)
Class org.objectweb.asm.Frame                                                         : loaded 2 times (x 70B)
Class org.objectweb.asm.MethodVisitor                                                 : loaded 2 times (x 102B)
Class com.google.common.cache.LocalCache$EntryFactory$1                               : loaded 2 times (x 80B)
Class [Lcom.google.common.cache.RemovalListener;                                      : loaded 2 times (x 66B)
Class com.google.common.base.CharMatcher$1                                            : loaded 2 times (x 110B)
Class com.google.common.base.CharMatcher$NamedFastMatcher                             : loaded 2 times (x 109B)
Class com.google.common.collect.RangeSet                                              : loaded 2 times (x 67B)
Class com.google.common.cache.LocalCache$EntryFactory$2                               : loaded 2 times (x 80B)
Class com.google.common.collect.CollectCollectors                                     : loaded 2 times (x 68B)
Class org.objectweb.asm.ModuleWriter                                                  : loaded 2 times (x 79B)
Class com.google.common.cache.LocalCache$EntryFactory$3                               : loaded 2 times (x 80B)
Class com.google.common.base.Ticker$1                                                 : loaded 2 times (x 69B)
Class com.google.common.collect.ImmutableMapEntrySet$RegularEntrySet                  : loaded 2 times (x 148B)
Class com.google.common.collect.Maps$BiMapConverter                                   : loaded 2 times (x 87B)
Class com.google.common.cache.LocalCache$EntryFactory$4                               : loaded 2 times (x 80B)
Class com.google.common.collect.ImmutableSet$Builder                                  : loaded 2 times (x 82B)
Class com.google.common.base.CharMatcher$InRange                                      : loaded 2 times (x 108B)
Class com.google.common.cache.LocalCache$EntryFactory$5                               : loaded 2 times (x 80B)
Class com.google.common.base.PairwiseEquivalence                                      : loaded 2 times (x 80B)
Class com.google.common.cache.LocalCache$EntryFactory$6                               : loaded 2 times (x 80B)
Class org.gradle.internal.installation.CurrentGradleInstallationLocator               : loaded 2 times (x 68B)
Class com.google.common.collect.Maps$KeySet                                           : loaded 2 times (x 134B)
Class com.google.common.cache.LocalCache$EntryFactory$7                               : loaded 2 times (x 80B)
Class com.google.common.collect.ImmutableSet$EmptySetBuilderImpl                      : loaded 2 times (x 73B)
Class com.google.common.collect.ImmutableList                                         : loaded 2 times (x 203B)
Class org.gradle.internal.service.DefaultServiceLocator                               : loaded 2 times (x 80B)
Class com.google.common.collect.Maps$EntrySet                                         : loaded 2 times (x 133B)
Class com.google.common.cache.LocalCache$EntryFactory$8                               : loaded 2 times (x 80B)
Class com.google.common.collect.ImmutableSet$SetBuilderImpl                           : loaded 2 times (x 73B)
Class org.gradle.internal.installation.CurrentGradleInstallation                      : loaded 2 times (x 70B)
Class com.google.common.cache.CacheLoader$1                                           : loaded 2 times (x 72B)
Class com.google.common.collect.ForwardingObject                                      : loaded 2 times (x 69B)
Class com.google.common.collect.ImmutableList$SubList                                 : loaded 2 times (x 205B)
Class org.gradle.util.internal.GUtil                                                  : loaded 2 times (x 68B)
Class com.google.common.util.concurrent.AbstractFuture$SetFuture                      : loaded 2 times (x 72B)
Class com.google.common.cache.AbstractCache$StatsCounter                              : loaded 2 times (x 67B)
Class com.google.common.collect.Iterators$MergingIterator                             : loaded 2 times (x 78B)
Class com.google.common.collect.RegularImmutableSet                                   : loaded 2 times (x 145B)
Class org.gradle.internal.installation.GradleInstallation                             : loaded 2 times (x 72B)
Class com.google.common.collect.Iterables                                             : loaded 2 times (x 68B)
Class com.google.common.base.Splitter$Strategy                                        : loaded 2 times (x 67B)

---------------  S Y S T E M  ---------------

OS:
 Windows 11 , 64 bit Build 26100 (10.0.26100.7705)
OS uptime: 3 days 5:32 hours

CPU: total 8 (initial active 8) (4 cores per cpu, 2 threads per core) family 6 model 142 stepping 12 microcode 0xfc, cx8, cmov, fxsr, ht, mmx, 3dnowpref, sse, sse2, sse3, ssse3, sse4.1, sse4.2, popcnt, lzcnt, tsc, tscinvbit, avx, avx2, aes, erms, clmul, bmi1, bmi2, adx, fma, vzeroupper, clflush, clflushopt, rdtscp, f16c
Processor Information for all 8 processors :
  Max Mhz: 2112, Current Mhz: 1609, Mhz Limit: 1605

Memory: 4k page, system-wide physical 7952M (548M free)
TotalPageFile size 23952M (AvailPageFile size 0M)
current process WorkingSet (physical memory assigned to process): 698M, peak: 698M
current process commit charge ("private bytes"): 823M, peak: 823M

vm_info: OpenJDK 64-Bit Server VM (21.0.3+-12282718-b509.11) for windows-amd64 JRE (21.0.3+-12282718-b509.11), built on 2024-08-27T17:34:15Z by "builder" with MS VC++ 16.10 / 16.11 (VS2019)

END.
