#
# There is insufficient memory for the Java Runtime Environment to continue.
# Native memory allocation (mmap) failed to map 368050176 bytes. Error detail: G1 virtual space
# Possible reasons:
#   The system is out of physical RAM or swap space
#   This process is running with CompressedOops enabled, and the Java Heap may be blocking the growth of the native heap
# Possible solutions:
#   Reduce memory load on the system
#   Increase physical memory or swap space
#   Check if swap backing store is full
#   Decrease Java heap size (-Xmx/-Xms)
#   Decrease number of Java threads
#   Decrease Java thread stack sizes (-Xss)
#   Set larger code cache with -XX:ReservedCodeCacheSize=
#   JVM is running with Unscaled Compressed Oops mode in which the Java heap is
#     placed in the first 4GB address space. The Java Heap base address is the
#     maximum limit for the native heap growth. Please use -XX:HeapBaseMinAddress
#     to set the Java Heap base and to place the Java Heap above 4GB virtual address.
# This output file may be truncated or incomplete.
#
#  Out of Memory Error (os_windows.cpp:3815), pid=15644, tid=21440
#
# JRE version: OpenJDK Runtime Environment (21.0.3) (build 21.0.3+-12282718-b509.11)
# Java VM: OpenJDK 64-Bit Server VM (21.0.3+-12282718-b509.11, mixed mode, tiered, compressed oops, compressed class ptrs, g1 gc, windows-amd64)
# No core dump will be written. Minidumps are not enabled by default on client versions of Windows
#

---------------  S U M M A R Y ------------

Command Line: --add-opens=java.base/java.util=ALL-UNNAMED --add-opens=java.base/java.lang=ALL-UNNAMED --add-opens=java.base/java.lang.invoke=ALL-UNNAMED --add-opens=java.prefs/java.util.prefs=ALL-UNNAMED --add-exports=jdk.compiler/com.sun.tools.javac.api=ALL-UNNAMED --add-exports=jdk.compiler/com.sun.tools.javac.util=ALL-UNNAMED --add-opens=java.base/java.nio.charset=ALL-UNNAMED --add-opens=java.base/java.net=ALL-UNNAMED --add-opens=java.base/java.util.concurrent.atomic=ALL-UNNAMED -Xmx2048m -Dfile.encoding=UTF-8 -Duser.country=US -Duser.language=en -Duser.variant -javaagent:C:\Users\MCC2104001_003\.gradle\wrapper\dists\gradle-8.9-bin\90cnw93cvbtalezasaz0blq0a\gradle-8.9\lib\agents\gradle-instrumentation-agent-8.9.jar org.gradle.launcher.daemon.bootstrap.GradleDaemon 8.9

Host: Intel(R) Core(TM) i5-10210U CPU @ 1.60GHz, 8 cores, 7G,  Windows 11 , 64 bit Build 26100 (10.0.26100.7705)
Time: Mon Mar  9 14:32:03 2026 SE Asia Standard Time elapsed time: 237.884864 seconds (0d 0h 3m 57s)

---------------  T H R E A D  ---------------

Current thread (0x000001d72000b980):  VMThread "VM Thread"          [id=21440, stack(0x0000008a8c300000,0x0000008a8c400000) (1024K)]

Stack: [0x0000008a8c300000,0x0000008a8c400000]
Native frames: (J=compiled Java code, j=interpreted, Vv=VM code, C=native code)
V  [jvm.dll+0x6cafb9]
V  [jvm.dll+0x858523]
V  [jvm.dll+0x85aa7e]
V  [jvm.dll+0x85b163]
V  [jvm.dll+0x27d356]
V  [jvm.dll+0x6c7865]
V  [jvm.dll+0x6bbd3a]
V  [jvm.dll+0x35199b]
V  [jvm.dll+0x3595d6]
V  [jvm.dll+0x3aa826]
V  [jvm.dll+0x3aaaf8]
V  [jvm.dll+0x3240bc]
V  [jvm.dll+0x326ac6]
V  [jvm.dll+0x33092e]
V  [jvm.dll+0x3680c5]
V  [jvm.dll+0x860ac8]
V  [jvm.dll+0x861bc4]
V  [jvm.dll+0x862100]
V  [jvm.dll+0x862393]
V  [jvm.dll+0x800d78]
V  [jvm.dll+0x6c98cd]
C  [ucrtbase.dll+0x37b0]
C  [KERNEL32.DLL+0x2e8d7]
C  [ntdll.dll+0x8c40c]

VM_Operation (0x0000008a8beff680): G1PauseRemark, mode: safepoint, requested by thread 0x000001d7045fcdf0


---------------  P R O C E S S  ---------------

Threads class SMR info:
_java_thread_list=0x000001d72e4a0370, length=152, elements={
0x000001d7021de6e0, 0x000001d7200b4650, 0x000001d7200b50b0, 0x000001d7200ca2f0,
0x000001d72009df70, 0x000001d72009e9d0, 0x000001d72009f430, 0x000001d7200a01c0,
0x000001d7200a0c60, 0x000001d71b5c2210, 0x000001d7204661c0, 0x000001d7212c27c0,
0x000001d721eb4cd0, 0x000001d721dc7750, 0x000001d720eb6870, 0x000001d721de14f0,
0x000001d72110a2c0, 0x000001d72110a950, 0x000001d721108880, 0x000001d722558460,
0x000001d722556a20, 0x000001d7225570b0, 0x000001d722557dd0, 0x000001d722558af0,
0x000001d722555670, 0x000001d722559180, 0x000001d722555d00, 0x000001d722559810,
0x000001d722557740, 0x000001d72255abc0, 0x000001d724cacff0, 0x000001d72cdeb970,
0x000001d72cde9210, 0x000001d72cde84f0, 0x000001d72cdec000, 0x000001d72cde8b80,
0x000001d72cdecd20, 0x000001d72cdec690, 0x000001d72cdf0830, 0x000001d72cdef480,
0x000001d72cdf01a0, 0x000001d72cdefb10, 0x000001d72cded3b0, 0x000001d72cdeedf0,
0x000001d72cdee0d0, 0x000001d72cdf0ec0, 0x000001d72cdf1550, 0x000001d72cdf1be0,
0x000001d72cdee760, 0x000001d72cdf4340, 0x000001d72cdf2270, 0x000001d72cdf49d0,
0x000001d72cdf5060, 0x000001d72cdf56f0, 0x000001d72cdf2900, 0x000001d72cdf6410,
0x000001d72cdf2f90, 0x000001d72c408230, 0x000001d72c406e80, 0x000001d72c406160,
0x000001d72c4095e0, 0x000001d72c409c70, 0x000001d72c4088c0, 0x000001d72c408f50,
0x000001d72c4067f0, 0x000001d72c40a300, 0x000001d72c407510, 0x000001d72c40b020,
0x000001d72c40b6b0, 0x000001d72c40c3d0, 0x000001d72c40bd40, 0x000001d72c40ca60,
0x000001d72c40d0f0, 0x000001d72c40d780, 0x000001d72b60f460, 0x000001d72b60faf0,
0x000001d72b611bc0, 0x000001d72b610180, 0x000001d72b60e740, 0x000001d72b611530,
0x000001d7245055c0, 0x000001d724503b80, 0x000001d724507690, 0x000001d724504210,
0x000001d7245048a0, 0x000001d724509760, 0x000001d72450ab10, 0x000001d7245083b0,
0x000001d72450b1a0, 0x000001d724508a40, 0x000001d72450a480, 0x000001d7245090d0,
0x000001d72252ae50, 0x000001d722528d80, 0x000001d72252b4e0, 0x000001d722528060,
0x000001d72252a130, 0x000001d7225286f0, 0x000001d722529aa0, 0x000001d722529410,
0x000001d722556390, 0x000001d72255b250, 0x000001d722559ea0, 0x000001d72255b8e0,
0x000001d72255bf70, 0x000001d72255c600, 0x000001d72d907c60, 0x000001d72d90aa50,
0x000001d72d90b0e0, 0x000001d72d909010, 0x000001d72d9096a0, 0x000001d72d90b770,
0x000001d72d9082f0, 0x000001d72d90be00, 0x000001d72d908980, 0x000001d72d90ebf0,
0x000001d72d90d1b0, 0x000001d72d90c490, 0x000001d72d90cb20, 0x000001d72d90d840,
0x000001d72d90ded0, 0x000001d72d90e560, 0x000001d724caaf20, 0x000001d724cac960,
0x000001d724cab5b0, 0x000001d724caea30, 0x000001d724cadd10, 0x000001d724cac2d0,
0x000001d724cae3a0, 0x000001d724cabc40, 0x000001d724caf750, 0x000001d724cafde0,
0x000001d724cb1190, 0x000001d72c3fe380, 0x000001d72c3ff730, 0x000001d722771770,
0x000001d722771e00, 0x000001d722852e00, 0x000001d72c600af0, 0x000001d72c601180,
0x000001d722772490, 0x000001d7227710e0, 0x000001d723a85640, 0x000001d722853b20,
0x000001d722855560, 0x000001d72c3ffdc0, 0x000001d723a86360, 0x000001d723a85cd0,
0x000001d723a84920, 0x000001d72e8108c0, 0x000001d72c400450, 0x000001d72c3fd660
}

Java Threads: ( => current thread )
  0x000001d7021de6e0 JavaThread "main"                              [_thread_blocked, id=8500, stack(0x0000008a8bc00000,0x0000008a8bd00000) (1024K)]
  0x000001d7200b4650 JavaThread "Reference Handler"          daemon [_thread_blocked, id=21972, stack(0x0000008a8c400000,0x0000008a8c500000) (1024K)]
  0x000001d7200b50b0 JavaThread "Finalizer"                  daemon [_thread_blocked, id=5876, stack(0x0000008a8c500000,0x0000008a8c600000) (1024K)]
  0x000001d7200ca2f0 JavaThread "Signal Dispatcher"          daemon [_thread_blocked, id=4056, stack(0x0000008a8c600000,0x0000008a8c700000) (1024K)]
  0x000001d72009df70 JavaThread "Attach Listener"            daemon [_thread_blocked, id=2108, stack(0x0000008a8c700000,0x0000008a8c800000) (1024K)]
  0x000001d72009e9d0 JavaThread "Service Thread"             daemon [_thread_blocked, id=23752, stack(0x0000008a8c800000,0x0000008a8c900000) (1024K)]
  0x000001d72009f430 JavaThread "Monitor Deflation Thread"   daemon [_thread_blocked, id=12376, stack(0x0000008a8c900000,0x0000008a8ca00000) (1024K)]
  0x000001d7200a01c0 JavaThread "C2 CompilerThread0"         daemon [_thread_blocked, id=20720, stack(0x0000008a8ca00000,0x0000008a8cb00000) (1024K)]
  0x000001d7200a0c60 JavaThread "C1 CompilerThread0"         daemon [_thread_blocked, id=14092, stack(0x0000008a8cb00000,0x0000008a8cc00000) (1024K)]
  0x000001d71b5c2210 JavaThread "Common-Cleaner"             daemon [_thread_blocked, id=23952, stack(0x0000008a8cc00000,0x0000008a8cd00000) (1024K)]
  0x000001d7204661c0 JavaThread "Notification Thread"        daemon [_thread_blocked, id=18472, stack(0x0000008a8cd00000,0x0000008a8ce00000) (1024K)]
  0x000001d7212c27c0 JavaThread "Daemon health stats"               [_thread_blocked, id=16620, stack(0x0000008a8d200000,0x0000008a8d300000) (1024K)]
  0x000001d721eb4cd0 JavaThread "Incoming local TCP Connector on port 53993"        [_thread_in_native, id=10076, stack(0x0000008a8d300000,0x0000008a8d400000) (1024K)]
  0x000001d721dc7750 JavaThread "Daemon periodic checks"            [_thread_blocked, id=12672, stack(0x0000008a8d400000,0x0000008a8d500000) (1024K)]
  0x000001d720eb6870 JavaThread "Daemon"                            [_thread_blocked, id=17400, stack(0x0000008a8d500000,0x0000008a8d600000) (1024K)]
  0x000001d721de14f0 JavaThread "Daemon worker"                     [_thread_blocked, id=13276, stack(0x0000008a8d800000,0x0000008a8d900000) (1024K)]
  0x000001d72110a2c0 JavaThread "Cache worker for journal cache (C:\Users\MCC2104001_003\.gradle\caches\journal-1)"        [_thread_blocked, id=24772, stack(0x0000008a8e000000,0x0000008a8e100000) (1024K)]
  0x000001d72110a950 JavaThread "File lock request listener"        [_thread_in_native, id=4396, stack(0x0000008a8e100000,0x0000008a8e200000) (1024K)]
  0x000001d721108880 JavaThread "Cache worker for file hash cache (C:\Users\MCC2104001_003\.gradle\caches\8.9\fileHashes)"        [_thread_blocked, id=14824, stack(0x0000008a8e200000,0x0000008a8e300000) (1024K)]
  0x000001d722558460 JavaThread "File watcher server"        daemon [_thread_blocked, id=11928, stack(0x0000008a8bb00000,0x0000008a8bc00000) (1024K)]
  0x000001d722556a20 JavaThread "File watcher consumer"      daemon [_thread_blocked, id=10268, stack(0x0000008a8e300000,0x0000008a8e400000) (1024K)]
  0x000001d7225570b0 JavaThread "jar transforms"                    [_thread_blocked, id=25988, stack(0x0000008a8e600000,0x0000008a8e700000) (1024K)]
  0x000001d722557dd0 JavaThread "jar transforms Thread 2"           [_thread_blocked, id=26504, stack(0x0000008a8e700000,0x0000008a8e800000) (1024K)]
  0x000001d722558af0 JavaThread "jar transforms Thread 3"           [_thread_blocked, id=12660, stack(0x0000008a8e800000,0x0000008a8e900000) (1024K)]
  0x000001d722555670 JavaThread "jar transforms Thread 4"           [_thread_blocked, id=23212, stack(0x0000008a8e900000,0x0000008a8ea00000) (1024K)]
  0x000001d722559180 JavaThread "jar transforms Thread 5"           [_thread_blocked, id=19608, stack(0x0000008a8ea00000,0x0000008a8eb00000) (1024K)]
  0x000001d722555d00 JavaThread "jar transforms Thread 6"           [_thread_blocked, id=2340, stack(0x0000008a8eb00000,0x0000008a8ec00000) (1024K)]
  0x000001d722559810 JavaThread "jar transforms Thread 7"           [_thread_blocked, id=3348, stack(0x0000008a8ec00000,0x0000008a8ed00000) (1024K)]
  0x000001d722557740 JavaThread "jar transforms Thread 8"           [_thread_blocked, id=3996, stack(0x0000008a8ed00000,0x0000008a8ee00000) (1024K)]
  0x000001d72255abc0 JavaThread "Cache worker for file content cache (C:\Users\MCC2104001_003\.gradle\caches\8.9\fileContent)"        [_thread_blocked, id=19416, stack(0x0000008a8e500000,0x0000008a8e600000) (1024K)]
  0x000001d724cacff0 JavaThread "Memory manager"                    [_thread_blocked, id=3940, stack(0x0000008a91700000,0x0000008a91800000) (1024K)]
  0x000001d72cdeb970 JavaThread "Handler for socket connection from /127.0.0.1:53993 to /127.0.0.1:63456"        [_thread_in_native, id=26188, stack(0x0000008a8d700000,0x0000008a8d800000) (1024K)]
  0x000001d72cde9210 JavaThread "Cancel handler"                    [_thread_blocked, id=8536, stack(0x0000008a8d900000,0x0000008a8da00000) (1024K)]
  0x000001d72cde84f0 JavaThread "Asynchronous log dispatcher for DefaultDaemonConnection: socket connection from /127.0.0.1:53993 to /127.0.0.1:63456"        [_thread_blocked, id=24444, stack(0x0000008a8da00000,0x0000008a8db00000) (1024K)]
  0x000001d72cdec000 JavaThread "Stdin handler"                     [_thread_blocked, id=13712, stack(0x0000008a8db00000,0x0000008a8dc00000) (1024K)]
  0x000001d72cde8b80 JavaThread "Daemon client event forwarder"        [_thread_blocked, id=13016, stack(0x0000008a8e400000,0x0000008a8e500000) (1024K)]
  0x000001d72cdecd20 JavaThread "Cache worker for file hash cache (C:\Users\MCC2104001_003\AndroidStudioProjects\IsekiParcom\.gradle\8.9\fileHashes)"        [_thread_blocked, id=20280, stack(0x0000008a8ee00000,0x0000008a8ef00000) (1024K)]
  0x000001d72cdec690 JavaThread "Cache worker for Build Output Cleanup Cache (C:\Users\MCC2104001_003\AndroidStudioProjects\IsekiParcom\.gradle\buildOutputCleanup)"        [_thread_blocked, id=10372, stack(0x0000008a8ef00000,0x0000008a8f000000) (1024K)]
  0x000001d72cdf0830 JavaThread "Cache worker for checksums cache (C:\Users\MCC2104001_003\AndroidStudioProjects\IsekiParcom\.gradle\8.9\checksums)"        [_thread_blocked, id=1332, stack(0x0000008a8f000000,0x0000008a8f100000) (1024K)]
  0x000001d72cdef480 JavaThread "Cache worker for cache directory md-rule (C:\Users\MCC2104001_003\.gradle\caches\8.9\md-rule)"        [_thread_blocked, id=22476, stack(0x0000008a8f100000,0x0000008a8f200000) (1024K)]
  0x000001d72cdf01a0 JavaThread "Cache worker for cache directory md-supplier (C:\Users\MCC2104001_003\.gradle\caches\8.9\md-supplier)"        [_thread_blocked, id=9796, stack(0x0000008a8f200000,0x0000008a8f300000) (1024K)]
  0x000001d72cdefb10 JavaThread "Unconstrained build operations"        [_thread_blocked, id=25508, stack(0x0000008a8f300000,0x0000008a8f400000) (1024K)]
  0x000001d72cded3b0 JavaThread "Unconstrained build operations Thread 2"        [_thread_blocked, id=18868, stack(0x0000008a8f400000,0x0000008a8f500000) (1024K)]
  0x000001d72cdeedf0 JavaThread "Unconstrained build operations Thread 3"        [_thread_blocked, id=24340, stack(0x0000008a8f500000,0x0000008a8f600000) (1024K)]
  0x000001d72cdee0d0 JavaThread "Unconstrained build operations Thread 4"        [_thread_blocked, id=21656, stack(0x0000008a8f600000,0x0000008a8f700000) (1024K)]
  0x000001d72cdf0ec0 JavaThread "Unconstrained build operations Thread 5"        [_thread_blocked, id=7160, stack(0x0000008a8f700000,0x0000008a8f800000) (1024K)]
  0x000001d72cdf1550 JavaThread "Unconstrained build operations Thread 6"        [_thread_blocked, id=25888, stack(0x0000008a8f800000,0x0000008a8f900000) (1024K)]
  0x000001d72cdf1be0 JavaThread "Unconstrained build operations Thread 7"        [_thread_blocked, id=19736, stack(0x0000008a8f900000,0x0000008a8fa00000) (1024K)]
  0x000001d72cdee760 JavaThread "Unconstrained build operations Thread 8"        [_thread_blocked, id=19764, stack(0x0000008a8fa00000,0x0000008a8fb00000) (1024K)]
  0x000001d72cdf4340 JavaThread "Unconstrained build operations Thread 9"        [_thread_blocked, id=26240, stack(0x0000008a8fb00000,0x0000008a8fc00000) (1024K)]
  0x000001d72cdf2270 JavaThread "Unconstrained build operations Thread 10"        [_thread_blocked, id=24336, stack(0x0000008a8fc00000,0x0000008a8fd00000) (1024K)]
  0x000001d72cdf49d0 JavaThread "Unconstrained build operations Thread 11"        [_thread_blocked, id=20612, stack(0x0000008a8fd00000,0x0000008a8fe00000) (1024K)]
  0x000001d72cdf5060 JavaThread "Unconstrained build operations Thread 12"        [_thread_blocked, id=18948, stack(0x0000008a8fe00000,0x0000008a8ff00000) (1024K)]
  0x000001d72cdf56f0 JavaThread "Unconstrained build operations Thread 13"        [_thread_blocked, id=8900, stack(0x0000008a8ff00000,0x0000008a90000000) (1024K)]
  0x000001d72cdf2900 JavaThread "Unconstrained build operations Thread 14"        [_thread_blocked, id=17772, stack(0x0000008a90000000,0x0000008a90100000) (1024K)]
  0x000001d72cdf6410 JavaThread "build event listener"              [_thread_blocked, id=26512, stack(0x0000008a90100000,0x0000008a90200000) (1024K)]
  0x000001d72cdf2f90 JavaThread "build event listener"              [_thread_blocked, id=12960, stack(0x0000008a90200000,0x0000008a90300000) (1024K)]
  0x000001d72c408230 JavaThread "included builds"                   [_thread_blocked, id=25432, stack(0x0000008a90400000,0x0000008a90500000) (1024K)]
  0x000001d72c406e80 JavaThread "Execution worker"                  [_thread_blocked, id=16220, stack(0x0000008a90500000,0x0000008a90600000) (1024K)]
  0x000001d72c406160 JavaThread "Execution worker Thread 2"         [_thread_blocked, id=20672, stack(0x0000008a90600000,0x0000008a90700000) (1024K)]
  0x000001d72c4095e0 JavaThread "Execution worker Thread 3"         [_thread_blocked, id=17432, stack(0x0000008a90700000,0x0000008a90800000) (1024K)]
  0x000001d72c409c70 JavaThread "Execution worker Thread 4"         [_thread_blocked, id=2960, stack(0x0000008a90800000,0x0000008a90900000) (1024K)]
  0x000001d72c4088c0 JavaThread "Execution worker Thread 5"         [_thread_blocked, id=12036, stack(0x0000008a90900000,0x0000008a90a00000) (1024K)]
  0x000001d72c408f50 JavaThread "Execution worker Thread 6"         [_thread_blocked, id=26308, stack(0x0000008a90a00000,0x0000008a90b00000) (1024K)]
  0x000001d72c4067f0 JavaThread "Execution worker Thread 7"         [_thread_blocked, id=25680, stack(0x0000008a90b00000,0x0000008a90c00000) (1024K)]
  0x000001d72c40a300 JavaThread "Cache worker for execution history cache (C:\Users\MCC2104001_003\AndroidStudioProjects\IsekiParcom\.gradle\8.9\executionHistory)"        [_thread_blocked, id=25732, stack(0x0000008a90c00000,0x0000008a90d00000) (1024K)]
  0x000001d72c407510 JavaThread "Unconstrained build operations Thread 15"        [_thread_blocked, id=24620, stack(0x0000008a90d00000,0x0000008a90e00000) (1024K)]
  0x000001d72c40b020 JavaThread "Unconstrained build operations Thread 16"        [_thread_blocked, id=24000, stack(0x0000008a90e00000,0x0000008a90f00000) (1024K)]
  0x000001d72c40b6b0 JavaThread "Unconstrained build operations Thread 17"        [_thread_blocked, id=24256, stack(0x0000008a90f00000,0x0000008a91000000) (1024K)]
  0x000001d72c40c3d0 JavaThread "Unconstrained build operations Thread 18"        [_thread_blocked, id=9476, stack(0x0000008a91000000,0x0000008a91100000) (1024K)]
  0x000001d72c40bd40 JavaThread "Unconstrained build operations Thread 19"        [_thread_blocked, id=9776, stack(0x0000008a91100000,0x0000008a91200000) (1024K)]
  0x000001d72c40ca60 JavaThread "Unconstrained build operations Thread 20"        [_thread_blocked, id=17936, stack(0x0000008a91200000,0x0000008a91300000) (1024K)]
  0x000001d72c40d0f0 JavaThread "Unconstrained build operations Thread 21"        [_thread_blocked, id=4252, stack(0x0000008a91300000,0x0000008a91400000) (1024K)]
  0x000001d72c40d780 JavaThread "Unconstrained build operations Thread 22"        [_thread_blocked, id=9820, stack(0x0000008a90300000,0x0000008a90400000) (1024K)]
  0x000001d72b60f460 JavaThread "Unconstrained build operations Thread 23"        [_thread_blocked, id=26024, stack(0x0000008a91400000,0x0000008a91500000) (1024K)]
  0x000001d72b60faf0 JavaThread "Unconstrained build operations Thread 24"        [_thread_blocked, id=13732, stack(0x0000008a91500000,0x0000008a91600000) (1024K)]
  0x000001d72b611bc0 JavaThread "Unconstrained build operations Thread 25"        [_thread_blocked, id=24664, stack(0x0000008a91600000,0x0000008a91700000) (1024K)]
  0x000001d72b610180 JavaThread "Unconstrained build operations Thread 26"        [_thread_blocked, id=24028, stack(0x0000008a91800000,0x0000008a91900000) (1024K)]
  0x000001d72b60e740 JavaThread "Unconstrained build operations Thread 27"        [_thread_blocked, id=24236, stack(0x0000008a91900000,0x0000008a91a00000) (1024K)]
  0x000001d72b611530 JavaThread "Unconstrained build operations Thread 28"        [_thread_blocked, id=15136, stack(0x0000008a91a00000,0x0000008a91b00000) (1024K)]
  0x000001d7245055c0 JavaThread "Unconstrained build operations Thread 29"        [_thread_blocked, id=26492, stack(0x0000008a91b00000,0x0000008a91c00000) (1024K)]
  0x000001d724503b80 JavaThread "Unconstrained build operations Thread 30"        [_thread_blocked, id=24668, stack(0x0000008a91c00000,0x0000008a91d00000) (1024K)]
  0x000001d724507690 JavaThread "Unconstrained build operations Thread 31"        [_thread_blocked, id=2232, stack(0x0000008a91d00000,0x0000008a91e00000) (1024K)]
  0x000001d724504210 JavaThread "Unconstrained build operations Thread 32"        [_thread_blocked, id=11964, stack(0x0000008a91e00000,0x0000008a91f00000) (1024K)]
  0x000001d7245048a0 JavaThread "Unconstrained build operations Thread 33"        [_thread_blocked, id=17676, stack(0x0000008a91f00000,0x0000008a92000000) (1024K)]
  0x000001d724509760 JavaThread "Unconstrained build operations Thread 34"        [_thread_blocked, id=21812, stack(0x0000008a92000000,0x0000008a92100000) (1024K)]
  0x000001d72450ab10 JavaThread "Unconstrained build operations Thread 35"        [_thread_blocked, id=26264, stack(0x0000008a92100000,0x0000008a92200000) (1024K)]
  0x000001d7245083b0 JavaThread "Unconstrained build operations Thread 36"        [_thread_blocked, id=13260, stack(0x0000008a92200000,0x0000008a92300000) (1024K)]
  0x000001d72450b1a0 JavaThread "Unconstrained build operations Thread 37"        [_thread_blocked, id=26312, stack(0x0000008a92300000,0x0000008a92400000) (1024K)]
  0x000001d724508a40 JavaThread "Unconstrained build operations Thread 38"        [_thread_blocked, id=5628, stack(0x0000008a92400000,0x0000008a92500000) (1024K)]
  0x000001d72450a480 JavaThread "Unconstrained build operations Thread 39"        [_thread_blocked, id=20132, stack(0x0000008a92500000,0x0000008a92600000) (1024K)]
  0x000001d7245090d0 JavaThread "Unconstrained build operations Thread 40"        [_thread_blocked, id=25436, stack(0x0000008a92600000,0x0000008a92700000) (1024K)]
  0x000001d72252ae50 JavaThread "Unconstrained build operations Thread 41"        [_thread_blocked, id=21736, stack(0x0000008a92700000,0x0000008a92800000) (1024K)]
  0x000001d722528d80 JavaThread "Unconstrained build operations Thread 42"        [_thread_blocked, id=24836, stack(0x0000008a92800000,0x0000008a92900000) (1024K)]
  0x000001d72252b4e0 JavaThread "Unconstrained build operations Thread 43"        [_thread_blocked, id=12080, stack(0x0000008a92900000,0x0000008a92a00000) (1024K)]
  0x000001d722528060 JavaThread "Unconstrained build operations Thread 44"        [_thread_blocked, id=11460, stack(0x0000008a92a00000,0x0000008a92b00000) (1024K)]
  0x000001d72252a130 JavaThread "Unconstrained build operations Thread 45"        [_thread_blocked, id=8228, stack(0x0000008a92b00000,0x0000008a92c00000) (1024K)]
  0x000001d7225286f0 JavaThread "Unconstrained build operations Thread 46"        [_thread_blocked, id=7236, stack(0x0000008a92c00000,0x0000008a92d00000) (1024K)]
  0x000001d722529aa0 JavaThread "Unconstrained build operations Thread 47"        [_thread_blocked, id=7472, stack(0x0000008a92d00000,0x0000008a92e00000) (1024K)]
  0x000001d722529410 JavaThread "Unconstrained build operations Thread 48"        [_thread_blocked, id=23508, stack(0x0000008a92e00000,0x0000008a92f00000) (1024K)]
  0x000001d722556390 JavaThread "Unconstrained build operations Thread 49"        [_thread_blocked, id=26136, stack(0x0000008a92f00000,0x0000008a93000000) (1024K)]
  0x000001d72255b250 JavaThread "Unconstrained build operations Thread 50"        [_thread_blocked, id=23124, stack(0x0000008a93000000,0x0000008a93100000) (1024K)]
  0x000001d722559ea0 JavaThread "Unconstrained build operations Thread 51"        [_thread_blocked, id=12824, stack(0x0000008a93100000,0x0000008a93200000) (1024K)]
  0x000001d72255b8e0 JavaThread "Unconstrained build operations Thread 52"        [_thread_blocked, id=26092, stack(0x0000008a93200000,0x0000008a93300000) (1024K)]
  0x000001d72255bf70 JavaThread "Unconstrained build operations Thread 53"        [_thread_blocked, id=19276, stack(0x0000008a93300000,0x0000008a93400000) (1024K)]
  0x000001d72255c600 JavaThread "Unconstrained build operations Thread 54"        [_thread_blocked, id=14528, stack(0x0000008a93400000,0x0000008a93500000) (1024K)]
  0x000001d72d907c60 JavaThread "Unconstrained build operations Thread 55"        [_thread_blocked, id=16200, stack(0x0000008a93500000,0x0000008a93600000) (1024K)]
  0x000001d72d90aa50 JavaThread "Unconstrained build operations Thread 56"        [_thread_blocked, id=18880, stack(0x0000008a93600000,0x0000008a93700000) (1024K)]
  0x000001d72d90b0e0 JavaThread "Unconstrained build operations Thread 57"        [_thread_blocked, id=5084, stack(0x0000008a93700000,0x0000008a93800000) (1024K)]
  0x000001d72d909010 JavaThread "Unconstrained build operations Thread 58"        [_thread_blocked, id=11252, stack(0x0000008a93800000,0x0000008a93900000) (1024K)]
  0x000001d72d9096a0 JavaThread "Unconstrained build operations Thread 59"        [_thread_blocked, id=22964, stack(0x0000008a93900000,0x0000008a93a00000) (1024K)]
  0x000001d72d90b770 JavaThread "Unconstrained build operations Thread 60"        [_thread_blocked, id=7452, stack(0x0000008a93a00000,0x0000008a93b00000) (1024K)]
  0x000001d72d9082f0 JavaThread "Unconstrained build operations Thread 61"        [_thread_blocked, id=19640, stack(0x0000008a93b00000,0x0000008a93c00000) (1024K)]
  0x000001d72d90be00 JavaThread "Unconstrained build operations Thread 62"        [_thread_blocked, id=18212, stack(0x0000008a93c00000,0x0000008a93d00000) (1024K)]
  0x000001d72d908980 JavaThread "Unconstrained build operations Thread 63"        [_thread_blocked, id=14504, stack(0x0000008a93d00000,0x0000008a93e00000) (1024K)]
  0x000001d72d90ebf0 JavaThread "Unconstrained build operations Thread 64"        [_thread_blocked, id=7724, stack(0x0000008a93e00000,0x0000008a93f00000) (1024K)]
  0x000001d72d90d1b0 JavaThread "Unconstrained build operations Thread 65"        [_thread_blocked, id=22760, stack(0x0000008a93f00000,0x0000008a94000000) (1024K)]
  0x000001d72d90c490 JavaThread "Unconstrained build operations Thread 66"        [_thread_blocked, id=13364, stack(0x0000008a94000000,0x0000008a94100000) (1024K)]
  0x000001d72d90cb20 JavaThread "Unconstrained build operations Thread 67"        [_thread_blocked, id=15172, stack(0x0000008a94100000,0x0000008a94200000) (1024K)]
  0x000001d72d90d840 JavaThread "Unconstrained build operations Thread 68"        [_thread_blocked, id=14700, stack(0x0000008a94200000,0x0000008a94300000) (1024K)]
  0x000001d72d90ded0 JavaThread "Unconstrained build operations Thread 69"        [_thread_blocked, id=26152, stack(0x0000008a94300000,0x0000008a94400000) (1024K)]
  0x000001d72d90e560 JavaThread "Unconstrained build operations Thread 70"        [_thread_blocked, id=19908, stack(0x0000008a94400000,0x0000008a94500000) (1024K)]
  0x000001d724caaf20 JavaThread "Unconstrained build operations Thread 71"        [_thread_blocked, id=4912, stack(0x0000008a94500000,0x0000008a94600000) (1024K)]
  0x000001d724cac960 JavaThread "Unconstrained build operations Thread 72"        [_thread_blocked, id=2400, stack(0x0000008a94600000,0x0000008a94700000) (1024K)]
  0x000001d724cab5b0 JavaThread "Unconstrained build operations Thread 73"        [_thread_blocked, id=8340, stack(0x0000008a94700000,0x0000008a94800000) (1024K)]
  0x000001d724caea30 JavaThread "Unconstrained build operations Thread 74"        [_thread_blocked, id=3780, stack(0x0000008a94800000,0x0000008a94900000) (1024K)]
  0x000001d724cadd10 JavaThread "Unconstrained build operations Thread 75"        [_thread_blocked, id=12016, stack(0x0000008a94900000,0x0000008a94a00000) (1024K)]
  0x000001d724cac2d0 JavaThread "Unconstrained build operations Thread 76"        [_thread_blocked, id=6168, stack(0x0000008a94a00000,0x0000008a94b00000) (1024K)]
  0x000001d724cae3a0 JavaThread "Unconstrained build operations Thread 77"        [_thread_blocked, id=15144, stack(0x0000008a94b00000,0x0000008a94c00000) (1024K)]
  0x000001d724cabc40 JavaThread "Unconstrained build operations Thread 78"        [_thread_blocked, id=6612, stack(0x0000008a94c00000,0x0000008a94d00000) (1024K)]
  0x000001d724caf750 JavaThread "Unconstrained build operations Thread 79"        [_thread_blocked, id=14868, stack(0x0000008a94d00000,0x0000008a94e00000) (1024K)]
  0x000001d724cafde0 JavaThread "Unconstrained build operations Thread 80"        [_thread_blocked, id=24656, stack(0x0000008a95000000,0x0000008a95100000) (1024K)]
  0x000001d724cb1190 JavaThread "WorkerExecutor Queue"              [_thread_blocked, id=16280, stack(0x0000008a95100000,0x0000008a95200000) (1024K)]
  0x000001d72c3fe380 JavaThread "RMI Scheduler(0)"           daemon [_thread_blocked, id=17892, stack(0x0000008a8b900000,0x0000008a8ba00000) (1024K)]
  0x000001d72c3ff730 JavaThread "RMI GC Daemon"              daemon [_thread_blocked, id=22016, stack(0x0000008a95200000,0x0000008a95300000) (1024K)]
  0x000001d722771770 JavaThread "RMI TCP Accept-0"           daemon [_thread_in_native, id=9172, stack(0x0000008a95400000,0x0000008a95500000) (1024K)]
  0x000001d722771e00 JavaThread "RMI Reaper"                        [_thread_blocked, id=3228, stack(0x0000008a95500000,0x0000008a95600000) (1024K)]
  0x000001d722852e00 JavaThread "RMI TCP Connection(2)-127.0.0.1" daemon [_thread_in_native, id=12908, stack(0x0000008a95600000,0x0000008a95700000) (1024K)]
  0x000001d72c600af0 JavaThread "WorkerExecutor Queue Thread 2"        [_thread_blocked, id=25936, stack(0x0000008a8d600000,0x0000008a8d700000) (1024K)]
  0x000001d72c601180 JavaThread "WorkerExecutor Queue Thread 3"        [_thread_blocked, id=23048, stack(0x0000008a95300000,0x0000008a95400000) (1024K)]
  0x000001d722772490 JavaThread "WorkerExecutor Queue Thread 4"        [_thread_blocked, id=11904, stack(0x0000008a95700000,0x0000008a95800000) (1024K)]
  0x000001d7227710e0 JavaThread "WorkerExecutor Queue Thread 5"        [_thread_blocked, id=19064, stack(0x0000008a95800000,0x0000008a95900000) (1024K)]
  0x000001d723a85640 JavaThread "WorkerExecutor Queue Thread 6"        [_thread_blocked, id=7560, stack(0x0000008a95900000,0x0000008a95a00000) (1024K)]
  0x000001d722853b20 JavaThread "WorkerExecutor Queue Thread 7"        [_thread_blocked, id=13020, stack(0x0000008a95a00000,0x0000008a95b00000) (1024K)]
  0x000001d722855560 JavaThread "WorkerExecutor Queue Thread 8"        [_thread_blocked, id=19424, stack(0x0000008a95b00000,0x0000008a95c00000) (1024K)]
  0x000001d72c3ffdc0 JavaThread "ForkJoinPool.commonPool-worker-1" daemon [_thread_blocked, id=21400, stack(0x0000008a94f00000,0x0000008a95000000) (1024K)]
  0x000001d723a86360 JavaThread "ForkJoinPool.commonPool-worker-2" daemon [_thread_blocked, id=23120, stack(0x0000008a95c00000,0x0000008a95d00000) (1024K)]
  0x000001d723a85cd0 JavaThread "ForkJoinPool.commonPool-worker-3" daemon [_thread_blocked, id=21348, stack(0x0000008a95d00000,0x0000008a95e00000) (1024K)]
  0x000001d723a84920 JavaThread "ForkJoinPool.commonPool-worker-4" daemon [_thread_blocked, id=20048, stack(0x0000008a95e00000,0x0000008a95f00000) (1024K)]
  0x000001d72e8108c0 JavaThread "ForkJoinPool.commonPool-worker-5" daemon [_thread_blocked, id=12200, stack(0x0000008a95f00000,0x0000008a96000000) (1024K)]
  0x000001d72c400450 JavaThread "ForkJoinPool.commonPool-worker-6" daemon [_thread_blocked, id=23560, stack(0x0000008a96000000,0x0000008a96100000) (1024K)]
  0x000001d72c3fd660 JavaThread "ForkJoinPool.commonPool-worker-7" daemon [_thread_blocked, id=15636, stack(0x0000008a96100000,0x0000008a96200000) (1024K)]
Total: 152

Other Threads:
=>0x000001d72000b980 VMThread "VM Thread"                           [id=21440, stack(0x0000008a8c300000,0x0000008a8c400000) (1024K)]
  0x000001d71b5c0ce0 WatcherThread "VM Periodic Task Thread"        [id=19348, stack(0x0000008a8c200000,0x0000008a8c300000) (1024K)]
  0x000001d7045ebf00 WorkerThread "GC Thread#0"                     [id=12100, stack(0x0000008a8bd00000,0x0000008a8be00000) (1024K)]
  0x000001d7208562c0 WorkerThread "GC Thread#1"                     [id=8764, stack(0x0000008a8ce00000,0x0000008a8cf00000) (1024K)]
  0x000001d72051eb80 WorkerThread "GC Thread#2"                     [id=15772, stack(0x0000008a8cf00000,0x0000008a8d000000) (1024K)]
  0x000001d72068bfd0 WorkerThread "GC Thread#3"                     [id=12952, stack(0x0000008a8d000000,0x0000008a8d100000) (1024K)]
  0x000001d72068c370 WorkerThread "GC Thread#4"                     [id=1940, stack(0x0000008a8d100000,0x0000008a8d200000) (1024K)]
  0x000001d720e95f60 WorkerThread "GC Thread#5"                     [id=20508, stack(0x0000008a8dc00000,0x0000008a8dd00000) (1024K)]
  0x000001d720e96300 WorkerThread "GC Thread#6"                     [id=1720, stack(0x0000008a8dd00000,0x0000008a8de00000) (1024K)]
  0x000001d720e966a0 WorkerThread "GC Thread#7"                     [id=11084, stack(0x0000008a8de00000,0x0000008a8df00000) (1024K)]
  0x000001d7045fcdf0 ConcurrentGCThread "G1 Main Marker"            [id=14152, stack(0x0000008a8be00000,0x0000008a8bf00000) (1024K)]
  0x000001d7045ff1b0 WorkerThread "G1 Conc#0"                       [id=22848, stack(0x0000008a8bf00000,0x0000008a8c000000) (1024K)]
  0x000001d72104fc90 WorkerThread "G1 Conc#1"                       [id=17904, stack(0x0000008a8df00000,0x0000008a8e000000) (1024K)]
  0x000001d71b492300 ConcurrentGCThread "G1 Refine#0"               [id=14272, stack(0x0000008a8c000000,0x0000008a8c100000) (1024K)]
  0x000001d71b493c30 ConcurrentGCThread "G1 Service"                [id=26580, stack(0x0000008a8c100000,0x0000008a8c200000) (1024K)]
Total: 15

Threads with active compile tasks:
C2 CompilerThread0   237988 23348       4       java.math.MutableBigInteger::add (346 bytes)
C1 CompilerThread0   237989 23361       3       java.math.MutableBigInteger::divideMagnitude (1297 bytes)
Total: 2

VM state: at safepoint (normal execution)

VM Mutex/Monitor currently owned by a thread:  ([mutex/lock_event])
[0x00007ff939fe20c8] Threads_lock - owner thread: 0x000001d72000b980
[0x00007ff939fe21c8] Heap_lock - owner thread: 0x000001d7045fcdf0

Heap address: 0x0000000080000000, size: 2048 MB, Compressed Oops mode: 32-bit

CDS archive(s) not mapped
Compressed class space mapped at: 0x0000000100000000-0x0000000140000000, reserved size: 1073741824
Narrow klass base: 0x0000000000000000, Narrow klass shift: 3, Narrow klass range: 0x140000000

GC Precious Log:
 CardTable entry size: 512
 Card Set container configuration: InlinePtr #cards 5 size 8 Array Of Cards #cards 12 size 40 Howl #buckets 4 coarsen threshold 1843 Howl Bitmap #cards 512 size 80 coarsen threshold 460 Card regions per heap region 1 cards per card region 2048
 CPUs: 8 total, 8 available
 Memory: 7952M
 Large Page Support: Disabled
 NUMA Support: Disabled
 Compressed Oops: Enabled (32-bit)
 Heap Region Size: 1M
 Heap Min Capacity: 8M
 Heap Initial Capacity: 126M
 Heap Max Capacity: 2G
 Pre-touch: Disabled
 Parallel Workers: 8
 Concurrent Workers: 2
 Concurrent Refinement Workers: 8
 Periodic GC: Disabled

Heap:
 garbage-first heap   total 557056K, used 547778K [0x0000000080000000, 0x0000000100000000)
  region size 1024K, 14 young (14336K), 11 survivors (11264K)
 Metaspace       used 174184K, committed 176768K, reserved 1245184K
  class space    used 24061K, committed 25344K, reserved 1048576K

Heap Regions: E=young(eden), S=young(survivor), O=old, HS=humongous(starts), HC=humongous(continues), CS=collection set, F=free, TAMS=top-at-mark-start, PB=parsable bottom
|   0|0x0000000080000000, 0x0000000080100000, 0x0000000080100000|100%|HS|  |TAMS 0x0000000080100000| PB 0x0000000080000000| Complete 
|   1|0x0000000080100000, 0x0000000080200000, 0x0000000080200000|100%|HC|  |TAMS 0x0000000080200000| PB 0x0000000080100000| Complete 
|   2|0x0000000080200000, 0x0000000080300000, 0x0000000080300000|100%|HC|  |TAMS 0x0000000080300000| PB 0x0000000080200000| Complete 
|   3|0x0000000080300000, 0x0000000080400000, 0x0000000080400000|100%|HC|  |TAMS 0x0000000080400000| PB 0x0000000080300000| Complete 
|   4|0x0000000080400000, 0x0000000080500000, 0x0000000080500000|100%| O|  |TAMS 0x0000000080500000| PB 0x0000000080500000| Untracked 
|   5|0x0000000080500000, 0x0000000080600000, 0x0000000080600000|100%| O|  |TAMS 0x0000000080600000| PB 0x0000000080600000| Untracked 
|   6|0x0000000080600000, 0x0000000080700000, 0x0000000080700000|100%| O|  |TAMS 0x0000000080700000| PB 0x0000000080700000| Untracked 
|   7|0x0000000080700000, 0x0000000080800000, 0x0000000080800000|100%| O|  |TAMS 0x0000000080800000| PB 0x0000000080800000| Updating 
|   8|0x0000000080800000, 0x0000000080900000, 0x0000000080900000|100%| O|  |TAMS 0x0000000080900000| PB 0x0000000080900000| Untracked 
|   9|0x0000000080900000, 0x0000000080a00000, 0x0000000080a00000|100%| O|  |TAMS 0x0000000080a00000| PB 0x0000000080a00000| Untracked 
|  10|0x0000000080a00000, 0x0000000080b00000, 0x0000000080b00000|100%| O|  |TAMS 0x0000000080b00000| PB 0x0000000080b00000| Untracked 
|  11|0x0000000080b00000, 0x0000000080c00000, 0x0000000080c00000|100%|HS|  |TAMS 0x0000000080c00000| PB 0x0000000080b00000| Complete 
|  12|0x0000000080c00000, 0x0000000080d00000, 0x0000000080d00000|100%| O|  |TAMS 0x0000000080d00000| PB 0x0000000080d00000| Untracked 
|  13|0x0000000080d00000, 0x0000000080e00000, 0x0000000080e00000|100%| O|  |TAMS 0x0000000080e00000| PB 0x0000000080e00000| Untracked 
|  14|0x0000000080e00000, 0x0000000080f00000, 0x0000000080f00000|100%| O|  |TAMS 0x0000000080f00000| PB 0x0000000080f00000| Untracked 
|  15|0x0000000080f00000, 0x0000000081000000, 0x0000000081000000|100%| O|  |TAMS 0x0000000081000000| PB 0x0000000081000000| Untracked 
|  16|0x0000000081000000, 0x0000000081100000, 0x0000000081100000|100%| O|  |TAMS 0x0000000081100000| PB 0x0000000081100000| Untracked 
|  17|0x0000000081100000, 0x0000000081200000, 0x0000000081200000|100%| O|  |TAMS 0x0000000081200000| PB 0x0000000081200000| Untracked 
|  18|0x0000000081200000, 0x0000000081300000, 0x0000000081300000|100%| O|  |TAMS 0x0000000081300000| PB 0x0000000081300000| Untracked 
|  19|0x0000000081300000, 0x0000000081400000, 0x0000000081400000|100%| O|  |TAMS 0x0000000081400000| PB 0x0000000081400000| Updating 
|  20|0x0000000081400000, 0x0000000081500000, 0x0000000081500000|100%| O|  |TAMS 0x0000000081500000| PB 0x0000000081500000| Untracked 
|  21|0x0000000081500000, 0x0000000081600000, 0x0000000081600000|100%| O|  |TAMS 0x0000000081600000| PB 0x0000000081600000| Untracked 
|  22|0x0000000081600000, 0x0000000081700000, 0x0000000081700000|100%|HS|  |TAMS 0x0000000081700000| PB 0x0000000081600000| Complete 
|  23|0x0000000081700000, 0x0000000081800000, 0x0000000081800000|100%|HC|  |TAMS 0x0000000081800000| PB 0x0000000081700000| Complete 
|  24|0x0000000081800000, 0x0000000081900000, 0x0000000081900000|100%|HC|  |TAMS 0x0000000081900000| PB 0x0000000081800000| Complete 
|  25|0x0000000081900000, 0x0000000081a00000, 0x0000000081a00000|100%|HC|  |TAMS 0x0000000081a00000| PB 0x0000000081900000| Complete 
|  26|0x0000000081a00000, 0x0000000081b00000, 0x0000000081b00000|100%|HC|  |TAMS 0x0000000081b00000| PB 0x0000000081a00000| Complete 
|  27|0x0000000081b00000, 0x0000000081c00000, 0x0000000081c00000|100%|HC|  |TAMS 0x0000000081c00000| PB 0x0000000081b00000| Complete 
|  28|0x0000000081c00000, 0x0000000081d00000, 0x0000000081d00000|100%|HS|  |TAMS 0x0000000081d00000| PB 0x0000000081c00000| Complete 
|  29|0x0000000081d00000, 0x0000000081e00000, 0x0000000081e00000|100%|HC|  |TAMS 0x0000000081e00000| PB 0x0000000081d00000| Complete 
|  30|0x0000000081e00000, 0x0000000081f00000, 0x0000000081f00000|100%|HC|  |TAMS 0x0000000081f00000| PB 0x0000000081e00000| Complete 
|  31|0x0000000081f00000, 0x0000000082000000, 0x0000000082000000|100%|HS|  |TAMS 0x0000000082000000| PB 0x0000000081f00000| Complete 
|  32|0x0000000082000000, 0x0000000082100000, 0x0000000082100000|100%|HC|  |TAMS 0x0000000082100000| PB 0x0000000082000000| Complete 
|  33|0x0000000082100000, 0x0000000082200000, 0x0000000082200000|100%| O|  |TAMS 0x0000000082200000| PB 0x0000000082200000| Untracked 
|  34|0x0000000082200000, 0x0000000082300000, 0x0000000082300000|100%| O|  |TAMS 0x0000000082300000| PB 0x0000000082300000| Updating 
|  35|0x0000000082300000, 0x0000000082400000, 0x0000000082400000|100%|HS|  |TAMS 0x0000000082400000| PB 0x0000000082300000| Complete 
|  36|0x0000000082400000, 0x0000000082500000, 0x0000000082500000|100%| O|  |TAMS 0x0000000082500000| PB 0x0000000082500000| Updating 
|  37|0x0000000082500000, 0x0000000082600000, 0x0000000082600000|100%|HS|  |TAMS 0x0000000082500000| PB 0x0000000082500000| Complete 
|  38|0x0000000082600000, 0x0000000082700000, 0x0000000082700000|100%| O|  |TAMS 0x0000000082700000| PB 0x0000000082700000| Untracked 
|  39|0x0000000082700000, 0x0000000082800000, 0x0000000082800000|100%| O|  |TAMS 0x0000000082800000| PB 0x0000000082800000| Untracked 
|  40|0x0000000082800000, 0x0000000082900000, 0x0000000082900000|100%| O|  |TAMS 0x0000000082900000| PB 0x0000000082900000| Untracked 
|  41|0x0000000082900000, 0x0000000082a00000, 0x0000000082a00000|100%| O|  |TAMS 0x0000000082a00000| PB 0x0000000082a00000| Updating 
|  42|0x0000000082a00000, 0x0000000082b00000, 0x0000000082b00000|100%| O|  |TAMS 0x0000000082b00000| PB 0x0000000082b00000| Untracked 
|  43|0x0000000082b00000, 0x0000000082c00000, 0x0000000082c00000|100%| O|  |TAMS 0x0000000082c00000| PB 0x0000000082c00000| Untracked 
|  44|0x0000000082c00000, 0x0000000082d00000, 0x0000000082d00000|100%| O|  |TAMS 0x0000000082d00000| PB 0x0000000082d00000| Untracked 
|  45|0x0000000082d00000, 0x0000000082e00000, 0x0000000082e00000|100%| O|  |TAMS 0x0000000082e00000| PB 0x0000000082e00000| Updating 
|  46|0x0000000082e00000, 0x0000000082f00000, 0x0000000082f00000|100%| O|  |TAMS 0x0000000082f00000| PB 0x0000000082f00000| Updating 
|  47|0x0000000082f00000, 0x0000000083000000, 0x0000000083000000|100%| O|  |TAMS 0x0000000083000000| PB 0x0000000083000000| Untracked 
|  48|0x0000000083000000, 0x0000000083100000, 0x0000000083100000|100%|HS|  |TAMS 0x0000000083100000| PB 0x0000000083000000| Complete 
|  49|0x0000000083100000, 0x0000000083200000, 0x0000000083200000|100%|HC|  |TAMS 0x0000000083200000| PB 0x0000000083100000| Complete 
|  50|0x0000000083200000, 0x0000000083300000, 0x0000000083300000|100%| O|  |TAMS 0x0000000083300000| PB 0x0000000083300000| Updating 
|  51|0x0000000083300000, 0x0000000083400000, 0x0000000083400000|100%| O|  |TAMS 0x0000000083400000| PB 0x0000000083400000| Untracked 
|  52|0x0000000083400000, 0x0000000083500000, 0x0000000083500000|100%| O|  |TAMS 0x0000000083500000| PB 0x0000000083500000| Untracked 
|  53|0x0000000083500000, 0x0000000083600000, 0x0000000083600000|100%|HS|  |TAMS 0x0000000083600000| PB 0x0000000083500000| Complete 
|  54|0x0000000083600000, 0x0000000083700000, 0x0000000083700000|100%|HC|  |TAMS 0x0000000083700000| PB 0x0000000083600000| Complete 
|  55|0x0000000083700000, 0x0000000083800000, 0x0000000083800000|100%|HC|  |TAMS 0x0000000083800000| PB 0x0000000083700000| Complete 
|  56|0x0000000083800000, 0x0000000083900000, 0x0000000083900000|100%|HC|  |TAMS 0x0000000083900000| PB 0x0000000083800000| Complete 
|  57|0x0000000083900000, 0x0000000083a00000, 0x0000000083a00000|100%|HC|  |TAMS 0x0000000083a00000| PB 0x0000000083900000| Complete 
|  58|0x0000000083a00000, 0x0000000083b00000, 0x0000000083b00000|100%|HC|  |TAMS 0x0000000083b00000| PB 0x0000000083a00000| Complete 
|  59|0x0000000083b00000, 0x0000000083c00000, 0x0000000083c00000|100%|HS|  |TAMS 0x0000000083c00000| PB 0x0000000083b00000| Complete 
|  60|0x0000000083c00000, 0x0000000083d00000, 0x0000000083d00000|100%|HC|  |TAMS 0x0000000083d00000| PB 0x0000000083c00000| Complete 
|  61|0x0000000083d00000, 0x0000000083e00000, 0x0000000083e00000|100%|HC|  |TAMS 0x0000000083e00000| PB 0x0000000083d00000| Complete 
|  62|0x0000000083e00000, 0x0000000083f00000, 0x0000000083f00000|100%|HC|  |TAMS 0x0000000083f00000| PB 0x0000000083e00000| Complete 
|  63|0x0000000083f00000, 0x0000000084000000, 0x0000000084000000|100%|HC|  |TAMS 0x0000000084000000| PB 0x0000000083f00000| Complete 
|  64|0x0000000084000000, 0x0000000084100000, 0x0000000084100000|100%|HC|  |TAMS 0x0000000084100000| PB 0x0000000084000000| Complete 
|  65|0x0000000084100000, 0x0000000084200000, 0x0000000084200000|100%| O|  |TAMS 0x0000000084200000| PB 0x0000000084200000| Untracked 
|  66|0x0000000084200000, 0x0000000084300000, 0x0000000084300000|100%| O|  |TAMS 0x0000000084300000| PB 0x0000000084300000| Updating 
|  67|0x0000000084300000, 0x0000000084400000, 0x0000000084400000|100%| O|  |TAMS 0x0000000084400000| PB 0x0000000084400000| Updating 
|  68|0x0000000084400000, 0x0000000084500000, 0x0000000084500000|100%| O|  |TAMS 0x0000000084500000| PB 0x0000000084500000| Updating 
|  69|0x0000000084500000, 0x0000000084600000, 0x0000000084600000|100%|HS|  |TAMS 0x0000000084600000| PB 0x0000000084500000| Complete 
|  70|0x0000000084600000, 0x0000000084700000, 0x0000000084700000|100%| O|  |TAMS 0x0000000084700000| PB 0x0000000084700000| Updating 
|  71|0x0000000084700000, 0x0000000084800000, 0x0000000084800000|100%| O|  |TAMS 0x0000000084800000| PB 0x0000000084800000| Untracked 
|  72|0x0000000084800000, 0x0000000084900000, 0x0000000084900000|100%| O|  |TAMS 0x0000000084900000| PB 0x0000000084900000| Updating 
|  73|0x0000000084900000, 0x0000000084a00000, 0x0000000084a00000|100%|HS|  |TAMS 0x0000000084900000| PB 0x0000000084900000| Complete 
|  74|0x0000000084a00000, 0x0000000084b00000, 0x0000000084b00000|100%|HC|  |TAMS 0x0000000084a00000| PB 0x0000000084a00000| Complete 
|  75|0x0000000084b00000, 0x0000000084c00000, 0x0000000084c00000|100%|HS|  |TAMS 0x0000000084c00000| PB 0x0000000084b00000| Complete 
|  76|0x0000000084c00000, 0x0000000084d00000, 0x0000000084d00000|100%| O|  |TAMS 0x0000000084d00000| PB 0x0000000084d00000| Updating 
|  77|0x0000000084d00000, 0x0000000084e00000, 0x0000000084e00000|100%| O|  |TAMS 0x0000000084e00000| PB 0x0000000084e00000| Untracked 
|  78|0x0000000084e00000, 0x0000000084f00000, 0x0000000084f00000|100%| O|  |TAMS 0x0000000084f00000| PB 0x0000000084f00000| Untracked 
|  79|0x0000000084f00000, 0x0000000085000000, 0x0000000085000000|100%| O|  |TAMS 0x0000000085000000| PB 0x0000000085000000| Updating 
|  80|0x0000000085000000, 0x0000000085100000, 0x0000000085100000|100%|HS|  |TAMS 0x0000000085100000| PB 0x0000000085000000| Complete 
|  81|0x0000000085100000, 0x0000000085200000, 0x0000000085200000|100%|HS|  |TAMS 0x0000000085200000| PB 0x0000000085100000| Complete 
|  82|0x0000000085200000, 0x0000000085300000, 0x0000000085300000|100%|HC|  |TAMS 0x0000000085300000| PB 0x0000000085200000| Complete 
|  83|0x0000000085300000, 0x0000000085400000, 0x0000000085400000|100%|HS|  |TAMS 0x0000000085400000| PB 0x0000000085300000| Complete 
|  84|0x0000000085400000, 0x0000000085500000, 0x0000000085500000|100%|HC|  |TAMS 0x0000000085500000| PB 0x0000000085400000| Complete 
|  85|0x0000000085500000, 0x0000000085600000, 0x0000000085600000|100%|HS|  |TAMS 0x0000000085600000| PB 0x0000000085500000| Complete 
|  86|0x0000000085600000, 0x0000000085700000, 0x0000000085700000|100%|HS|  |TAMS 0x0000000085700000| PB 0x0000000085600000| Complete 
|  87|0x0000000085700000, 0x0000000085800000, 0x0000000085800000|100%|HS|  |TAMS 0x0000000085800000| PB 0x0000000085700000| Complete 
|  88|0x0000000085800000, 0x0000000085900000, 0x0000000085900000|100%|HC|  |TAMS 0x0000000085900000| PB 0x0000000085800000| Complete 
|  89|0x0000000085900000, 0x0000000085a00000, 0x0000000085a00000|100%|HC|  |TAMS 0x0000000085a00000| PB 0x0000000085900000| Complete 
|  90|0x0000000085a00000, 0x0000000085b00000, 0x0000000085b00000|100%|HS|  |TAMS 0x0000000085b00000| PB 0x0000000085a00000| Complete 
|  91|0x0000000085b00000, 0x0000000085c00000, 0x0000000085c00000|100%| O|  |TAMS 0x0000000085c00000| PB 0x0000000085c00000| Updating 
|  92|0x0000000085c00000, 0x0000000085d00000, 0x0000000085d00000|100%|HS|  |TAMS 0x0000000085d00000| PB 0x0000000085c00000| Complete 
|  93|0x0000000085d00000, 0x0000000085e00000, 0x0000000085e00000|100%| O|  |TAMS 0x0000000085e00000| PB 0x0000000085e00000| Untracked 
|  94|0x0000000085e00000, 0x0000000085f00000, 0x0000000085f00000|100%| O|  |TAMS 0x0000000085f00000| PB 0x0000000085f00000| Updating 
|  95|0x0000000085f00000, 0x0000000086000000, 0x0000000086000000|100%| O|  |TAMS 0x0000000086000000| PB 0x0000000086000000| Untracked 
|  96|0x0000000086000000, 0x0000000086100000, 0x0000000086100000|100%| O|  |TAMS 0x0000000086100000| PB 0x0000000086100000| Untracked 
|  97|0x0000000086100000, 0x0000000086200000, 0x0000000086200000|100%| O|  |TAMS 0x0000000086200000| PB 0x0000000086200000| Untracked 
|  98|0x0000000086200000, 0x0000000086300000, 0x0000000086300000|100%| O|  |TAMS 0x0000000086300000| PB 0x0000000086300000| Untracked 
|  99|0x0000000086300000, 0x0000000086400000, 0x0000000086400000|100%| O|  |TAMS 0x0000000086400000| PB 0x0000000086400000| Untracked 
| 100|0x0000000086400000, 0x0000000086500000, 0x0000000086500000|100%| O|  |TAMS 0x0000000086500000| PB 0x0000000086500000| Untracked 
| 101|0x0000000086500000, 0x0000000086600000, 0x0000000086600000|100%| O|  |TAMS 0x0000000086600000| PB 0x0000000086600000| Untracked 
| 102|0x0000000086600000, 0x0000000086700000, 0x0000000086700000|100%| O|  |TAMS 0x0000000086700000| PB 0x0000000086700000| Untracked 
| 103|0x0000000086700000, 0x0000000086800000, 0x0000000086800000|100%| O|  |TAMS 0x0000000086800000| PB 0x0000000086800000| Updating 
| 104|0x0000000086800000, 0x0000000086900000, 0x0000000086900000|100%|HS|  |TAMS 0x0000000086900000| PB 0x0000000086800000| Complete 
| 105|0x0000000086900000, 0x0000000086a00000, 0x0000000086a00000|100%| O|  |TAMS 0x0000000086a00000| PB 0x0000000086a00000| Updating 
| 106|0x0000000086a00000, 0x0000000086b00000, 0x0000000086b00000|100%| O|  |TAMS 0x0000000086b00000| PB 0x0000000086b00000| Untracked 
| 107|0x0000000086b00000, 0x0000000086c00000, 0x0000000086c00000|100%| O|  |TAMS 0x0000000086c00000| PB 0x0000000086c00000| Untracked 
| 108|0x0000000086c00000, 0x0000000086d00000, 0x0000000086d00000|100%|HS|  |TAMS 0x0000000086d00000| PB 0x0000000086c00000| Complete 
| 109|0x0000000086d00000, 0x0000000086e00000, 0x0000000086e00000|100%|HC|  |TAMS 0x0000000086e00000| PB 0x0000000086d00000| Complete 
| 110|0x0000000086e00000, 0x0000000086f00000, 0x0000000086f00000|100%|HC|  |TAMS 0x0000000086f00000| PB 0x0000000086e00000| Complete 
| 111|0x0000000086f00000, 0x0000000087000000, 0x0000000087000000|100%| O|  |TAMS 0x0000000087000000| PB 0x0000000087000000| Updating 
| 112|0x0000000087000000, 0x0000000087100000, 0x0000000087100000|100%| O|  |TAMS 0x0000000087100000| PB 0x0000000087100000| Untracked 
| 113|0x0000000087100000, 0x0000000087200000, 0x0000000087200000|100%| O|  |TAMS 0x0000000087200000| PB 0x0000000087200000| Updating 
| 114|0x0000000087200000, 0x0000000087300000, 0x0000000087300000|100%| O|  |TAMS 0x0000000087300000| PB 0x0000000087300000| Untracked 
| 115|0x0000000087300000, 0x0000000087400000, 0x0000000087400000|100%| O|  |TAMS 0x0000000087400000| PB 0x0000000087400000| Untracked 
| 116|0x0000000087400000, 0x0000000087500000, 0x0000000087500000|100%| O|  |TAMS 0x0000000087500000| PB 0x0000000087500000| Untracked 
| 117|0x0000000087500000, 0x0000000087600000, 0x0000000087600000|100%| O|  |TAMS 0x0000000087600000| PB 0x0000000087600000| Updating 
| 118|0x0000000087600000, 0x0000000087700000, 0x0000000087700000|100%| O|  |TAMS 0x0000000087700000| PB 0x0000000087700000| Updating 
| 119|0x0000000087700000, 0x0000000087800000, 0x0000000087800000|100%| O|  |TAMS 0x0000000087800000| PB 0x0000000087800000| Untracked 
| 120|0x0000000087800000, 0x0000000087900000, 0x0000000087900000|100%| O|  |TAMS 0x0000000087900000| PB 0x0000000087900000| Untracked 
| 121|0x0000000087900000, 0x0000000087a00000, 0x0000000087a00000|100%| O|  |TAMS 0x0000000087a00000| PB 0x0000000087a00000| Updating 
| 122|0x0000000087a00000, 0x0000000087b00000, 0x0000000087b00000|100%| O|  |TAMS 0x0000000087b00000| PB 0x0000000087b00000| Untracked 
| 123|0x0000000087b00000, 0x0000000087c00000, 0x0000000087c00000|100%|HS|  |TAMS 0x0000000087c00000| PB 0x0000000087b00000| Complete 
| 124|0x0000000087c00000, 0x0000000087d00000, 0x0000000087d00000|100%|HC|  |TAMS 0x0000000087d00000| PB 0x0000000087c00000| Complete 
| 125|0x0000000087d00000, 0x0000000087e00000, 0x0000000087e00000|100%|HS|  |TAMS 0x0000000087e00000| PB 0x0000000087d00000| Complete 
| 126|0x0000000087e00000, 0x0000000087f00000, 0x0000000087f00000|100%|HC|  |TAMS 0x0000000087f00000| PB 0x0000000087e00000| Complete 
| 127|0x0000000087f00000, 0x0000000088000000, 0x0000000088000000|100%|HC|  |TAMS 0x0000000088000000| PB 0x0000000087f00000| Complete 
| 128|0x0000000088000000, 0x0000000088100000, 0x0000000088100000|100%|HC|  |TAMS 0x0000000088100000| PB 0x0000000088000000| Complete 
| 129|0x0000000088100000, 0x0000000088200000, 0x0000000088200000|100%|HC|  |TAMS 0x0000000088200000| PB 0x0000000088100000| Complete 
| 130|0x0000000088200000, 0x0000000088300000, 0x0000000088300000|100%|HC|  |TAMS 0x0000000088300000| PB 0x0000000088200000| Complete 
| 131|0x0000000088300000, 0x0000000088400000, 0x0000000088400000|100%|HS|  |TAMS 0x0000000088400000| PB 0x0000000088300000| Complete 
| 132|0x0000000088400000, 0x0000000088500000, 0x0000000088500000|100%|HC|  |TAMS 0x0000000088500000| PB 0x0000000088400000| Complete 
| 133|0x0000000088500000, 0x0000000088600000, 0x0000000088600000|100%|HC|  |TAMS 0x0000000088600000| PB 0x0000000088500000| Complete 
| 134|0x0000000088600000, 0x0000000088700000, 0x0000000088700000|100%| O|  |TAMS 0x0000000088700000| PB 0x0000000088700000| Untracked 
| 135|0x0000000088700000, 0x0000000088800000, 0x0000000088800000|100%| O|  |TAMS 0x0000000088800000| PB 0x0000000088800000| Untracked 
| 136|0x0000000088800000, 0x0000000088900000, 0x0000000088900000|100%| O|  |TAMS 0x0000000088900000| PB 0x0000000088900000| Untracked 
| 137|0x0000000088900000, 0x0000000088a00000, 0x0000000088a00000|100%| O|  |TAMS 0x0000000088a00000| PB 0x0000000088a00000| Untracked 
| 138|0x0000000088a00000, 0x0000000088b00000, 0x0000000088b00000|100%| O|  |TAMS 0x0000000088b00000| PB 0x0000000088b00000| Updating 
| 139|0x0000000088b00000, 0x0000000088c00000, 0x0000000088c00000|100%| O|  |TAMS 0x0000000088c00000| PB 0x0000000088c00000| Updating 
| 140|0x0000000088c00000, 0x0000000088d00000, 0x0000000088d00000|100%|HS|  |TAMS 0x0000000088d00000| PB 0x0000000088c00000| Complete 
| 141|0x0000000088d00000, 0x0000000088e00000, 0x0000000088e00000|100%|HC|  |TAMS 0x0000000088e00000| PB 0x0000000088d00000| Complete 
| 142|0x0000000088e00000, 0x0000000088f00000, 0x0000000088f00000|100%| O|  |TAMS 0x0000000088f00000| PB 0x0000000088f00000| Updating 
| 143|0x0000000088f00000, 0x0000000089000000, 0x0000000089000000|100%| O|  |TAMS 0x0000000089000000| PB 0x0000000089000000| Updating 
| 144|0x0000000089000000, 0x0000000089100000, 0x0000000089100000|100%| O|  |TAMS 0x0000000089100000| PB 0x0000000089100000| Updating 
| 145|0x0000000089100000, 0x0000000089200000, 0x0000000089200000|100%| O|  |TAMS 0x0000000089200000| PB 0x0000000089200000| Untracked 
| 146|0x0000000089200000, 0x0000000089300000, 0x0000000089300000|100%| O|  |TAMS 0x0000000089300000| PB 0x0000000089300000| Untracked 
| 147|0x0000000089300000, 0x0000000089400000, 0x0000000089400000|100%| O|  |TAMS 0x0000000089400000| PB 0x0000000089400000| Updating 
| 148|0x0000000089400000, 0x0000000089500000, 0x0000000089500000|100%| O|  |TAMS 0x0000000089500000| PB 0x0000000089500000| Updating 
| 149|0x0000000089500000, 0x0000000089600000, 0x0000000089600000|100%| O|  |TAMS 0x0000000089600000| PB 0x0000000089600000| Updating 
| 150|0x0000000089600000, 0x0000000089700000, 0x0000000089700000|100%| O|  |TAMS 0x0000000089700000| PB 0x0000000089700000| Untracked 
| 151|0x0000000089700000, 0x0000000089800000, 0x0000000089800000|100%| O|  |TAMS 0x0000000089800000| PB 0x0000000089800000| Untracked 
| 152|0x0000000089800000, 0x0000000089900000, 0x0000000089900000|100%| O|  |TAMS 0x0000000089900000| PB 0x0000000089900000| Untracked 
| 153|0x0000000089900000, 0x0000000089a00000, 0x0000000089a00000|100%| O|  |TAMS 0x0000000089a00000| PB 0x0000000089a00000| Updating 
| 154|0x0000000089a00000, 0x0000000089b00000, 0x0000000089b00000|100%| O|  |TAMS 0x0000000089b00000| PB 0x0000000089b00000| Untracked 
| 155|0x0000000089b00000, 0x0000000089c00000, 0x0000000089c00000|100%| O|  |TAMS 0x0000000089c00000| PB 0x0000000089c00000| Untracked 
| 156|0x0000000089c00000, 0x0000000089d00000, 0x0000000089d00000|100%| O|  |TAMS 0x0000000089d00000| PB 0x0000000089d00000| Updating 
| 157|0x0000000089d00000, 0x0000000089e00000, 0x0000000089e00000|100%| O|  |TAMS 0x0000000089e00000| PB 0x0000000089e00000| Untracked 
| 158|0x0000000089e00000, 0x0000000089f00000, 0x0000000089f00000|100%| O|  |TAMS 0x0000000089f00000| PB 0x0000000089f00000| Updating 
| 159|0x0000000089f00000, 0x000000008a000000, 0x000000008a000000|100%| O|  |TAMS 0x000000008a000000| PB 0x000000008a000000| Untracked 
| 160|0x000000008a000000, 0x000000008a100000, 0x000000008a100000|100%| O|  |TAMS 0x000000008a100000| PB 0x000000008a100000| Untracked 
| 161|0x000000008a100000, 0x000000008a200000, 0x000000008a200000|100%| O|  |TAMS 0x000000008a200000| PB 0x000000008a200000| Updating 
| 162|0x000000008a200000, 0x000000008a200000, 0x000000008a300000|  0%| F|  |TAMS 0x000000008a200000| PB 0x000000008a200000| Untracked 
| 163|0x000000008a300000, 0x000000008a400000, 0x000000008a400000|100%| O|  |TAMS 0x000000008a400000| PB 0x000000008a400000| Updating 
| 164|0x000000008a400000, 0x000000008a500000, 0x000000008a500000|100%| O|  |TAMS 0x000000008a500000| PB 0x000000008a500000| Updating 
| 165|0x000000008a500000, 0x000000008a600000, 0x000000008a600000|100%| O|  |TAMS 0x000000008a600000| PB 0x000000008a600000| Updating 
| 166|0x000000008a600000, 0x000000008a700000, 0x000000008a700000|100%| O|  |TAMS 0x000000008a700000| PB 0x000000008a700000| Updating 
| 167|0x000000008a700000, 0x000000008a800000, 0x000000008a800000|100%| O|  |TAMS 0x000000008a800000| PB 0x000000008a800000| Untracked 
| 168|0x000000008a800000, 0x000000008a900000, 0x000000008a900000|100%| O|  |TAMS 0x000000008a900000| PB 0x000000008a900000| Untracked 
| 169|0x000000008a900000, 0x000000008aa00000, 0x000000008aa00000|100%| O|  |TAMS 0x000000008aa00000| PB 0x000000008aa00000| Untracked 
| 170|0x000000008aa00000, 0x000000008ab00000, 0x000000008ab00000|100%| O|  |TAMS 0x000000008ab00000| PB 0x000000008ab00000| Untracked 
| 171|0x000000008ab00000, 0x000000008ac00000, 0x000000008ac00000|100%| O|  |TAMS 0x000000008ac00000| PB 0x000000008ac00000| Updating 
| 172|0x000000008ac00000, 0x000000008ad00000, 0x000000008ad00000|100%| O|  |TAMS 0x000000008ad00000| PB 0x000000008ad00000| Updating 
| 173|0x000000008ad00000, 0x000000008ae00000, 0x000000008ae00000|100%| O|  |TAMS 0x000000008ae00000| PB 0x000000008ae00000| Updating 
| 174|0x000000008ae00000, 0x000000008af00000, 0x000000008af00000|100%| O|  |TAMS 0x000000008af00000| PB 0x000000008af00000| Updating 
| 175|0x000000008af00000, 0x000000008b000000, 0x000000008b000000|100%| O|  |TAMS 0x000000008b000000| PB 0x000000008b000000| Updating 
| 176|0x000000008b000000, 0x000000008b100000, 0x000000008b100000|100%| O|  |TAMS 0x000000008b100000| PB 0x000000008b100000| Updating 
| 177|0x000000008b100000, 0x000000008b200000, 0x000000008b200000|100%| O|  |TAMS 0x000000008b200000| PB 0x000000008b200000| Updating 
| 178|0x000000008b200000, 0x000000008b300000, 0x000000008b300000|100%|HS|  |TAMS 0x000000008b200000| PB 0x000000008b200000| Complete 
| 179|0x000000008b300000, 0x000000008b400000, 0x000000008b400000|100%|HC|  |TAMS 0x000000008b300000| PB 0x000000008b300000| Complete 
| 180|0x000000008b400000, 0x000000008b500000, 0x000000008b500000|100%|HS|  |TAMS 0x000000008b400000| PB 0x000000008b400000| Complete 
| 181|0x000000008b500000, 0x000000008b600000, 0x000000008b600000|100%|HC|  |TAMS 0x000000008b500000| PB 0x000000008b500000| Complete 
| 182|0x000000008b600000, 0x000000008b700000, 0x000000008b700000|100%|HS|  |TAMS 0x000000008b600000| PB 0x000000008b600000| Complete 
| 183|0x000000008b700000, 0x000000008b800000, 0x000000008b800000|100%|HC|  |TAMS 0x000000008b700000| PB 0x000000008b700000| Complete 
| 184|0x000000008b800000, 0x000000008b800000, 0x000000008b900000|  0%| F|  |TAMS 0x000000008b800000| PB 0x000000008b800000| Untracked 
| 185|0x000000008b900000, 0x000000008ba00000, 0x000000008ba00000|100%| O|  |TAMS 0x000000008ba00000| PB 0x000000008ba00000| Updating 
| 186|0x000000008ba00000, 0x000000008bb00000, 0x000000008bb00000|100%| O|  |TAMS 0x000000008bb00000| PB 0x000000008bb00000| Updating 
| 187|0x000000008bb00000, 0x000000008bc00000, 0x000000008bc00000|100%| O|  |TAMS 0x000000008bc00000| PB 0x000000008bc00000| Updating 
| 188|0x000000008bc00000, 0x000000008bd00000, 0x000000008bd00000|100%| O|  |TAMS 0x000000008bd00000| PB 0x000000008bd00000| Updating 
| 189|0x000000008bd00000, 0x000000008be00000, 0x000000008be00000|100%| O|  |TAMS 0x000000008be00000| PB 0x000000008be00000| Updating 
| 190|0x000000008be00000, 0x000000008bf00000, 0x000000008bf00000|100%|HS|  |TAMS 0x000000008be00000| PB 0x000000008be00000| Complete 
| 191|0x000000008bf00000, 0x000000008c000000, 0x000000008c000000|100%|HC|  |TAMS 0x000000008bf00000| PB 0x000000008bf00000| Complete 
| 192|0x000000008c000000, 0x000000008c100000, 0x000000008c100000|100%| O|  |TAMS 0x000000008c100000| PB 0x000000008c100000| Updating 
| 193|0x000000008c100000, 0x000000008c200000, 0x000000008c200000|100%| O|  |TAMS 0x000000008c200000| PB 0x000000008c200000| Updating 
| 194|0x000000008c200000, 0x000000008c300000, 0x000000008c300000|100%| O|  |TAMS 0x000000008c300000| PB 0x000000008c300000| Updating 
| 195|0x000000008c300000, 0x000000008c300000, 0x000000008c400000|  0%| F|  |TAMS 0x000000008c300000| PB 0x000000008c300000| Untracked 
| 196|0x000000008c400000, 0x000000008c500000, 0x000000008c500000|100%| O|  |TAMS 0x000000008c500000| PB 0x000000008c500000| Untracked 
| 197|0x000000008c500000, 0x000000008c600000, 0x000000008c600000|100%| O|  |TAMS 0x000000008c600000| PB 0x000000008c600000| Untracked 
| 198|0x000000008c600000, 0x000000008c700000, 0x000000008c700000|100%| O|  |TAMS 0x000000008c700000| PB 0x000000008c700000| Updating 
| 199|0x000000008c700000, 0x000000008c800000, 0x000000008c800000|100%| O|  |TAMS 0x000000008c800000| PB 0x000000008c800000| Updating 
| 200|0x000000008c800000, 0x000000008c900000, 0x000000008c900000|100%| O|  |TAMS 0x000000008c900000| PB 0x000000008c900000| Updating 
| 201|0x000000008c900000, 0x000000008ca00000, 0x000000008ca00000|100%| O|  |TAMS 0x000000008ca00000| PB 0x000000008ca00000| Untracked 
| 202|0x000000008ca00000, 0x000000008ca00000, 0x000000008cb00000|  0%| F|  |TAMS 0x000000008ca00000| PB 0x000000008ca00000| Untracked 
| 203|0x000000008cb00000, 0x000000008cc00000, 0x000000008cc00000|100%| O|  |TAMS 0x000000008cc00000| PB 0x000000008cc00000| Updating 
| 204|0x000000008cc00000, 0x000000008cd00000, 0x000000008cd00000|100%| O|  |TAMS 0x000000008cd00000| PB 0x000000008cd00000| Updating 
| 205|0x000000008cd00000, 0x000000008ce00000, 0x000000008ce00000|100%| O|  |TAMS 0x000000008ce00000| PB 0x000000008ce00000| Updating 
| 206|0x000000008ce00000, 0x000000008cf00000, 0x000000008cf00000|100%| O|  |TAMS 0x000000008cf00000| PB 0x000000008cf00000| Untracked 
| 207|0x000000008cf00000, 0x000000008cf00000, 0x000000008d000000|  0%| F|  |TAMS 0x000000008cf00000| PB 0x000000008cf00000| Untracked 
| 208|0x000000008d000000, 0x000000008d100000, 0x000000008d100000|100%| O|  |TAMS 0x000000008d100000| PB 0x000000008d100000| Untracked 
| 209|0x000000008d100000, 0x000000008d200000, 0x000000008d200000|100%| O|  |TAMS 0x000000008d200000| PB 0x000000008d200000| Untracked 
| 210|0x000000008d200000, 0x000000008d300000, 0x000000008d300000|100%| O|  |TAMS 0x000000008d300000| PB 0x000000008d300000| Untracked 
| 211|0x000000008d300000, 0x000000008d400000, 0x000000008d400000|100%| O|  |TAMS 0x000000008d400000| PB 0x000000008d400000| Untracked 
| 212|0x000000008d400000, 0x000000008d500000, 0x000000008d500000|100%| O|  |TAMS 0x000000008d500000| PB 0x000000008d500000| Untracked 
| 213|0x000000008d500000, 0x000000008d600000, 0x000000008d600000|100%| O|  |TAMS 0x000000008d600000| PB 0x000000008d600000| Untracked 
| 214|0x000000008d600000, 0x000000008d700000, 0x000000008d700000|100%| O|  |TAMS 0x000000008d700000| PB 0x000000008d700000| Untracked 
| 215|0x000000008d700000, 0x000000008d800000, 0x000000008d800000|100%| O|  |TAMS 0x000000008d800000| PB 0x000000008d800000| Untracked 
| 216|0x000000008d800000, 0x000000008d900000, 0x000000008d900000|100%| O|  |TAMS 0x000000008d900000| PB 0x000000008d900000| Untracked 
| 217|0x000000008d900000, 0x000000008da00000, 0x000000008da00000|100%| O|  |TAMS 0x000000008da00000| PB 0x000000008da00000| Updating 
| 218|0x000000008da00000, 0x000000008da00000, 0x000000008db00000|  0%| F|  |TAMS 0x000000008da00000| PB 0x000000008da00000| Untracked 
| 219|0x000000008db00000, 0x000000008dc00000, 0x000000008dc00000|100%| O|  |TAMS 0x000000008dc00000| PB 0x000000008dc00000| Updating 
| 220|0x000000008dc00000, 0x000000008dc00000, 0x000000008dd00000|  0%| F|  |TAMS 0x000000008dc00000| PB 0x000000008dc00000| Untracked 
| 221|0x000000008dd00000, 0x000000008de00000, 0x000000008de00000|100%| O|  |TAMS 0x000000008de00000| PB 0x000000008de00000| Updating 
| 222|0x000000008de00000, 0x000000008df00000, 0x000000008df00000|100%| O|  |TAMS 0x000000008df00000| PB 0x000000008df00000| Updating 
| 223|0x000000008df00000, 0x000000008e000000, 0x000000008e000000|100%| O|  |TAMS 0x000000008e000000| PB 0x000000008e000000| Updating 
| 224|0x000000008e000000, 0x000000008e100000, 0x000000008e100000|100%|HS|  |TAMS 0x000000008e000000| PB 0x000000008e000000| Complete 
| 225|0x000000008e100000, 0x000000008e200000, 0x000000008e200000|100%|HC|  |TAMS 0x000000008e100000| PB 0x000000008e100000| Complete 
| 226|0x000000008e200000, 0x000000008e300000, 0x000000008e300000|100%| O|  |TAMS 0x000000008e300000| PB 0x000000008e300000| Updating 
| 227|0x000000008e300000, 0x000000008e400000, 0x000000008e400000|100%| O|  |TAMS 0x000000008e400000| PB 0x000000008e400000| Untracked 
| 228|0x000000008e400000, 0x000000008e500000, 0x000000008e500000|100%| O|  |TAMS 0x000000008e500000| PB 0x000000008e500000| Untracked 
| 229|0x000000008e500000, 0x000000008e600000, 0x000000008e600000|100%| O|  |TAMS 0x000000008e600000| PB 0x000000008e600000| Untracked 
| 230|0x000000008e600000, 0x000000008e700000, 0x000000008e700000|100%| O|  |TAMS 0x000000008e700000| PB 0x000000008e700000| Untracked 
| 231|0x000000008e700000, 0x000000008e800000, 0x000000008e800000|100%| O|  |TAMS 0x000000008e800000| PB 0x000000008e800000| Untracked 
| 232|0x000000008e800000, 0x000000008e900000, 0x000000008e900000|100%| O|  |TAMS 0x000000008e900000| PB 0x000000008e900000| Untracked 
| 233|0x000000008e900000, 0x000000008ea00000, 0x000000008ea00000|100%| O|  |TAMS 0x000000008ea00000| PB 0x000000008ea00000| Untracked 
| 234|0x000000008ea00000, 0x000000008eb00000, 0x000000008eb00000|100%| O|  |TAMS 0x000000008eb00000| PB 0x000000008eb00000| Untracked 
| 235|0x000000008eb00000, 0x000000008ec00000, 0x000000008ec00000|100%| O|  |TAMS 0x000000008ec00000| PB 0x000000008ec00000| Untracked 
| 236|0x000000008ec00000, 0x000000008ed00000, 0x000000008ed00000|100%| O|  |TAMS 0x000000008ed00000| PB 0x000000008ed00000| Updating 
| 237|0x000000008ed00000, 0x000000008ed46b10, 0x000000008ee00000| 27%| O|  |TAMS 0x000000008ed46b10| PB 0x000000008ed46b10| Updating 
| 238|0x000000008ee00000, 0x000000008ef00000, 0x000000008ef00000|100%|HS|  |TAMS 0x000000008ee00000| PB 0x000000008ee00000| Complete 
| 239|0x000000008ef00000, 0x000000008f000000, 0x000000008f000000|100%|HC|  |TAMS 0x000000008ef00000| PB 0x000000008ef00000| Complete 
| 240|0x000000008f000000, 0x000000008f100000, 0x000000008f100000|100%|HS|  |TAMS 0x000000008f000000| PB 0x000000008f000000| Complete 
| 241|0x000000008f100000, 0x000000008f200000, 0x000000008f200000|100%|HC|  |TAMS 0x000000008f100000| PB 0x000000008f100000| Complete 
| 242|0x000000008f200000, 0x000000008f300000, 0x000000008f300000|100%|HS|  |TAMS 0x000000008f200000| PB 0x000000008f200000| Complete 
| 243|0x000000008f300000, 0x000000008f400000, 0x000000008f400000|100%|HC|  |TAMS 0x000000008f300000| PB 0x000000008f300000| Complete 
| 244|0x000000008f400000, 0x000000008f500000, 0x000000008f500000|100%|HS|  |TAMS 0x000000008f400000| PB 0x000000008f400000| Complete 
| 245|0x000000008f500000, 0x000000008f600000, 0x000000008f600000|100%|HC|  |TAMS 0x000000008f500000| PB 0x000000008f500000| Complete 
| 246|0x000000008f600000, 0x000000008f700000, 0x000000008f700000|100%|HS|  |TAMS 0x000000008f600000| PB 0x000000008f600000| Complete 
| 247|0x000000008f700000, 0x000000008f800000, 0x000000008f800000|100%|HC|  |TAMS 0x000000008f700000| PB 0x000000008f700000| Complete 
| 248|0x000000008f800000, 0x000000008f900000, 0x000000008f900000|100%|HS|  |TAMS 0x000000008f800000| PB 0x000000008f800000| Complete 
| 249|0x000000008f900000, 0x000000008fa00000, 0x000000008fa00000|100%|HC|  |TAMS 0x000000008f900000| PB 0x000000008f900000| Complete 
| 250|0x000000008fa00000, 0x000000008fb00000, 0x000000008fb00000|100%|HS|  |TAMS 0x000000008fa00000| PB 0x000000008fa00000| Complete 
| 251|0x000000008fb00000, 0x000000008fc00000, 0x000000008fc00000|100%|HC|  |TAMS 0x000000008fb00000| PB 0x000000008fb00000| Complete 
| 252|0x000000008fc00000, 0x000000008fd00000, 0x000000008fd00000|100%|HS|  |TAMS 0x000000008fc00000| PB 0x000000008fc00000| Complete 
| 253|0x000000008fd00000, 0x000000008fe00000, 0x000000008fe00000|100%|HC|  |TAMS 0x000000008fd00000| PB 0x000000008fd00000| Complete 
| 254|0x000000008fe00000, 0x000000008ff00000, 0x000000008ff00000|100%|HS|  |TAMS 0x000000008fe00000| PB 0x000000008fe00000| Complete 
| 255|0x000000008ff00000, 0x0000000090000000, 0x0000000090000000|100%|HC|  |TAMS 0x000000008ff00000| PB 0x000000008ff00000| Complete 
| 256|0x0000000090000000, 0x0000000090100000, 0x0000000090100000|100%|HS|  |TAMS 0x0000000090000000| PB 0x0000000090000000| Complete 
| 257|0x0000000090100000, 0x0000000090200000, 0x0000000090200000|100%|HC|  |TAMS 0x0000000090100000| PB 0x0000000090100000| Complete 
| 258|0x0000000090200000, 0x0000000090300000, 0x0000000090300000|100%|HS|  |TAMS 0x0000000090200000| PB 0x0000000090200000| Complete 
| 259|0x0000000090300000, 0x0000000090400000, 0x0000000090400000|100%|HC|  |TAMS 0x0000000090300000| PB 0x0000000090300000| Complete 
| 260|0x0000000090400000, 0x0000000090500000, 0x0000000090500000|100%|HS|  |TAMS 0x0000000090400000| PB 0x0000000090400000| Complete 
| 261|0x0000000090500000, 0x0000000090600000, 0x0000000090600000|100%|HC|  |TAMS 0x0000000090500000| PB 0x0000000090500000| Complete 
| 262|0x0000000090600000, 0x0000000090700000, 0x0000000090700000|100%|HS|  |TAMS 0x0000000090600000| PB 0x0000000090600000| Complete 
| 263|0x0000000090700000, 0x0000000090800000, 0x0000000090800000|100%|HC|  |TAMS 0x0000000090700000| PB 0x0000000090700000| Complete 
| 264|0x0000000090800000, 0x0000000090900000, 0x0000000090900000|100%|HS|  |TAMS 0x0000000090800000| PB 0x0000000090800000| Complete 
| 265|0x0000000090900000, 0x0000000090a00000, 0x0000000090a00000|100%|HC|  |TAMS 0x0000000090900000| PB 0x0000000090900000| Complete 
| 266|0x0000000090a00000, 0x0000000090b00000, 0x0000000090b00000|100%|HS|  |TAMS 0x0000000090a00000| PB 0x0000000090a00000| Complete 
| 267|0x0000000090b00000, 0x0000000090c00000, 0x0000000090c00000|100%|HC|  |TAMS 0x0000000090b00000| PB 0x0000000090b00000| Complete 
| 268|0x0000000090c00000, 0x0000000090d00000, 0x0000000090d00000|100%|HS|  |TAMS 0x0000000090c00000| PB 0x0000000090c00000| Complete 
| 269|0x0000000090d00000, 0x0000000090e00000, 0x0000000090e00000|100%|HC|  |TAMS 0x0000000090d00000| PB 0x0000000090d00000| Complete 
| 270|0x0000000090e00000, 0x0000000090f00000, 0x0000000090f00000|100%|HS|  |TAMS 0x0000000090e00000| PB 0x0000000090e00000| Complete 
| 271|0x0000000090f00000, 0x0000000091000000, 0x0000000091000000|100%|HC|  |TAMS 0x0000000090f00000| PB 0x0000000090f00000| Complete 
| 272|0x0000000091000000, 0x0000000091100000, 0x0000000091100000|100%|HS|  |TAMS 0x0000000091000000| PB 0x0000000091000000| Complete 
| 273|0x0000000091100000, 0x0000000091200000, 0x0000000091200000|100%|HC|  |TAMS 0x0000000091100000| PB 0x0000000091100000| Complete 
| 274|0x0000000091200000, 0x0000000091300000, 0x0000000091300000|100%|HS|  |TAMS 0x0000000091200000| PB 0x0000000091200000| Complete 
| 275|0x0000000091300000, 0x0000000091400000, 0x0000000091400000|100%|HC|  |TAMS 0x0000000091300000| PB 0x0000000091300000| Complete 
| 276|0x0000000091400000, 0x0000000091500000, 0x0000000091500000|100%|HS|  |TAMS 0x0000000091400000| PB 0x0000000091400000| Complete 
| 277|0x0000000091500000, 0x0000000091600000, 0x0000000091600000|100%|HC|  |TAMS 0x0000000091500000| PB 0x0000000091500000| Complete 
| 278|0x0000000091600000, 0x0000000091700000, 0x0000000091700000|100%|HS|  |TAMS 0x0000000091600000| PB 0x0000000091600000| Complete 
| 279|0x0000000091700000, 0x0000000091800000, 0x0000000091800000|100%|HC|  |TAMS 0x0000000091700000| PB 0x0000000091700000| Complete 
| 280|0x0000000091800000, 0x0000000091900000, 0x0000000091900000|100%|HS|  |TAMS 0x0000000091800000| PB 0x0000000091800000| Complete 
| 281|0x0000000091900000, 0x0000000091a00000, 0x0000000091a00000|100%|HC|  |TAMS 0x0000000091900000| PB 0x0000000091900000| Complete 
| 282|0x0000000091a00000, 0x0000000091b00000, 0x0000000091b00000|100%|HS|  |TAMS 0x0000000091a00000| PB 0x0000000091a00000| Complete 
| 283|0x0000000091b00000, 0x0000000091c00000, 0x0000000091c00000|100%|HC|  |TAMS 0x0000000091b00000| PB 0x0000000091b00000| Complete 
| 284|0x0000000091c00000, 0x0000000091d00000, 0x0000000091d00000|100%|HS|  |TAMS 0x0000000091c00000| PB 0x0000000091c00000| Complete 
| 285|0x0000000091d00000, 0x0000000091e00000, 0x0000000091e00000|100%|HC|  |TAMS 0x0000000091d00000| PB 0x0000000091d00000| Complete 
| 286|0x0000000091e00000, 0x0000000091f00000, 0x0000000091f00000|100%|HS|  |TAMS 0x0000000091e00000| PB 0x0000000091e00000| Complete 
| 287|0x0000000091f00000, 0x0000000092000000, 0x0000000092000000|100%|HC|  |TAMS 0x0000000091f00000| PB 0x0000000091f00000| Complete 
| 288|0x0000000092000000, 0x0000000092100000, 0x0000000092100000|100%|HS|  |TAMS 0x0000000092000000| PB 0x0000000092000000| Complete 
| 289|0x0000000092100000, 0x0000000092200000, 0x0000000092200000|100%|HC|  |TAMS 0x0000000092100000| PB 0x0000000092100000| Complete 
| 290|0x0000000092200000, 0x0000000092300000, 0x0000000092300000|100%|HS|  |TAMS 0x0000000092200000| PB 0x0000000092200000| Complete 
| 291|0x0000000092300000, 0x0000000092400000, 0x0000000092400000|100%|HC|  |TAMS 0x0000000092300000| PB 0x0000000092300000| Complete 
| 292|0x0000000092400000, 0x0000000092500000, 0x0000000092500000|100%|HS|  |TAMS 0x0000000092400000| PB 0x0000000092400000| Complete 
| 293|0x0000000092500000, 0x0000000092600000, 0x0000000092600000|100%|HC|  |TAMS 0x0000000092500000| PB 0x0000000092500000| Complete 
| 294|0x0000000092600000, 0x0000000092700000, 0x0000000092700000|100%|HS|  |TAMS 0x0000000092600000| PB 0x0000000092600000| Complete 
| 295|0x0000000092700000, 0x0000000092800000, 0x0000000092800000|100%|HC|  |TAMS 0x0000000092700000| PB 0x0000000092700000| Complete 
| 296|0x0000000092800000, 0x0000000092900000, 0x0000000092900000|100%|HS|  |TAMS 0x0000000092800000| PB 0x0000000092800000| Complete 
| 297|0x0000000092900000, 0x0000000092a00000, 0x0000000092a00000|100%|HC|  |TAMS 0x0000000092900000| PB 0x0000000092900000| Complete 
| 298|0x0000000092a00000, 0x0000000092b00000, 0x0000000092b00000|100%|HS|  |TAMS 0x0000000092a00000| PB 0x0000000092a00000| Complete 
| 299|0x0000000092b00000, 0x0000000092c00000, 0x0000000092c00000|100%|HC|  |TAMS 0x0000000092b00000| PB 0x0000000092b00000| Complete 
| 300|0x0000000092c00000, 0x0000000092d00000, 0x0000000092d00000|100%|HS|  |TAMS 0x0000000092c00000| PB 0x0000000092c00000| Complete 
| 301|0x0000000092d00000, 0x0000000092e00000, 0x0000000092e00000|100%|HC|  |TAMS 0x0000000092d00000| PB 0x0000000092d00000| Complete 
| 302|0x0000000092e00000, 0x0000000092f00000, 0x0000000092f00000|100%|HS|  |TAMS 0x0000000092e00000| PB 0x0000000092e00000| Complete 
| 303|0x0000000092f00000, 0x0000000093000000, 0x0000000093000000|100%|HC|  |TAMS 0x0000000092f00000| PB 0x0000000092f00000| Complete 
| 304|0x0000000093000000, 0x0000000093100000, 0x0000000093100000|100%|HS|  |TAMS 0x0000000093000000| PB 0x0000000093000000| Complete 
| 305|0x0000000093100000, 0x0000000093200000, 0x0000000093200000|100%|HC|  |TAMS 0x0000000093100000| PB 0x0000000093100000| Complete 
| 306|0x0000000093200000, 0x0000000093300000, 0x0000000093300000|100%|HS|  |TAMS 0x0000000093200000| PB 0x0000000093200000| Complete 
| 307|0x0000000093300000, 0x0000000093400000, 0x0000000093400000|100%|HC|  |TAMS 0x0000000093300000| PB 0x0000000093300000| Complete 
| 308|0x0000000093400000, 0x0000000093500000, 0x0000000093500000|100%|HS|  |TAMS 0x0000000093400000| PB 0x0000000093400000| Complete 
| 309|0x0000000093500000, 0x0000000093600000, 0x0000000093600000|100%|HC|  |TAMS 0x0000000093500000| PB 0x0000000093500000| Complete 
| 310|0x0000000093600000, 0x0000000093700000, 0x0000000093700000|100%|HS|  |TAMS 0x0000000093600000| PB 0x0000000093600000| Complete 
| 311|0x0000000093700000, 0x0000000093800000, 0x0000000093800000|100%|HC|  |TAMS 0x0000000093700000| PB 0x0000000093700000| Complete 
| 312|0x0000000093800000, 0x0000000093900000, 0x0000000093900000|100%|HS|  |TAMS 0x0000000093800000| PB 0x0000000093800000| Complete 
| 313|0x0000000093900000, 0x0000000093a00000, 0x0000000093a00000|100%|HC|  |TAMS 0x0000000093900000| PB 0x0000000093900000| Complete 
| 314|0x0000000093a00000, 0x0000000093b00000, 0x0000000093b00000|100%|HS|  |TAMS 0x0000000093a00000| PB 0x0000000093a00000| Complete 
| 315|0x0000000093b00000, 0x0000000093c00000, 0x0000000093c00000|100%|HC|  |TAMS 0x0000000093b00000| PB 0x0000000093b00000| Complete 
| 316|0x0000000093c00000, 0x0000000093d00000, 0x0000000093d00000|100%|HS|  |TAMS 0x0000000093c00000| PB 0x0000000093c00000| Complete 
| 317|0x0000000093d00000, 0x0000000093e00000, 0x0000000093e00000|100%|HC|  |TAMS 0x0000000093d00000| PB 0x0000000093d00000| Complete 
| 318|0x0000000093e00000, 0x0000000093f00000, 0x0000000093f00000|100%|HS|  |TAMS 0x0000000093e00000| PB 0x0000000093e00000| Complete 
| 319|0x0000000093f00000, 0x0000000094000000, 0x0000000094000000|100%|HC|  |TAMS 0x0000000093f00000| PB 0x0000000093f00000| Complete 
| 320|0x0000000094000000, 0x0000000094100000, 0x0000000094100000|100%|HS|  |TAMS 0x0000000094000000| PB 0x0000000094000000| Complete 
| 321|0x0000000094100000, 0x0000000094200000, 0x0000000094200000|100%|HC|  |TAMS 0x0000000094100000| PB 0x0000000094100000| Complete 
| 322|0x0000000094200000, 0x0000000094300000, 0x0000000094300000|100%|HS|  |TAMS 0x0000000094200000| PB 0x0000000094200000| Complete 
| 323|0x0000000094300000, 0x0000000094400000, 0x0000000094400000|100%|HC|  |TAMS 0x0000000094300000| PB 0x0000000094300000| Complete 
| 324|0x0000000094400000, 0x0000000094500000, 0x0000000094500000|100%|HS|  |TAMS 0x0000000094400000| PB 0x0000000094400000| Complete 
| 325|0x0000000094500000, 0x0000000094600000, 0x0000000094600000|100%|HC|  |TAMS 0x0000000094500000| PB 0x0000000094500000| Complete 
| 326|0x0000000094600000, 0x0000000094700000, 0x0000000094700000|100%|HS|  |TAMS 0x0000000094600000| PB 0x0000000094600000| Complete 
| 327|0x0000000094700000, 0x0000000094800000, 0x0000000094800000|100%|HC|  |TAMS 0x0000000094700000| PB 0x0000000094700000| Complete 
| 328|0x0000000094800000, 0x0000000094900000, 0x0000000094900000|100%|HS|  |TAMS 0x0000000094800000| PB 0x0000000094800000| Complete 
| 329|0x0000000094900000, 0x0000000094a00000, 0x0000000094a00000|100%|HC|  |TAMS 0x0000000094900000| PB 0x0000000094900000| Complete 
| 330|0x0000000094a00000, 0x0000000094b00000, 0x0000000094b00000|100%|HS|  |TAMS 0x0000000094a00000| PB 0x0000000094a00000| Complete 
| 331|0x0000000094b00000, 0x0000000094c00000, 0x0000000094c00000|100%|HC|  |TAMS 0x0000000094b00000| PB 0x0000000094b00000| Complete 
| 332|0x0000000094c00000, 0x0000000094d00000, 0x0000000094d00000|100%|HS|  |TAMS 0x0000000094c00000| PB 0x0000000094c00000| Complete 
| 333|0x0000000094d00000, 0x0000000094e00000, 0x0000000094e00000|100%|HC|  |TAMS 0x0000000094d00000| PB 0x0000000094d00000| Complete 
| 334|0x0000000094e00000, 0x0000000094f00000, 0x0000000094f00000|100%|HS|  |TAMS 0x0000000094e00000| PB 0x0000000094e00000| Complete 
| 335|0x0000000094f00000, 0x0000000095000000, 0x0000000095000000|100%|HC|  |TAMS 0x0000000094f00000| PB 0x0000000094f00000| Complete 
| 336|0x0000000095000000, 0x0000000095100000, 0x0000000095100000|100%|HS|  |TAMS 0x0000000095000000| PB 0x0000000095000000| Complete 
| 337|0x0000000095100000, 0x0000000095200000, 0x0000000095200000|100%|HC|  |TAMS 0x0000000095100000| PB 0x0000000095100000| Complete 
| 338|0x0000000095200000, 0x0000000095300000, 0x0000000095300000|100%|HS|  |TAMS 0x0000000095200000| PB 0x0000000095200000| Complete 
| 339|0x0000000095300000, 0x0000000095400000, 0x0000000095400000|100%|HC|  |TAMS 0x0000000095300000| PB 0x0000000095300000| Complete 
| 340|0x0000000095400000, 0x0000000095500000, 0x0000000095500000|100%|HS|  |TAMS 0x0000000095400000| PB 0x0000000095400000| Complete 
| 341|0x0000000095500000, 0x0000000095600000, 0x0000000095600000|100%|HC|  |TAMS 0x0000000095500000| PB 0x0000000095500000| Complete 
| 342|0x0000000095600000, 0x0000000095700000, 0x0000000095700000|100%|HS|  |TAMS 0x0000000095600000| PB 0x0000000095600000| Complete 
| 343|0x0000000095700000, 0x0000000095800000, 0x0000000095800000|100%|HC|  |TAMS 0x0000000095700000| PB 0x0000000095700000| Complete 
| 344|0x0000000095800000, 0x0000000095900000, 0x0000000095900000|100%|HS|  |TAMS 0x0000000095800000| PB 0x0000000095800000| Complete 
| 345|0x0000000095900000, 0x0000000095a00000, 0x0000000095a00000|100%|HC|  |TAMS 0x0000000095900000| PB 0x0000000095900000| Complete 
| 346|0x0000000095a00000, 0x0000000095b00000, 0x0000000095b00000|100%|HS|  |TAMS 0x0000000095a00000| PB 0x0000000095a00000| Complete 
| 347|0x0000000095b00000, 0x0000000095c00000, 0x0000000095c00000|100%|HC|  |TAMS 0x0000000095b00000| PB 0x0000000095b00000| Complete 
| 348|0x0000000095c00000, 0x0000000095d00000, 0x0000000095d00000|100%|HS|  |TAMS 0x0000000095c00000| PB 0x0000000095c00000| Complete 
| 349|0x0000000095d00000, 0x0000000095e00000, 0x0000000095e00000|100%|HC|  |TAMS 0x0000000095d00000| PB 0x0000000095d00000| Complete 
| 350|0x0000000095e00000, 0x0000000095f00000, 0x0000000095f00000|100%|HS|  |TAMS 0x0000000095e00000| PB 0x0000000095e00000| Complete 
| 351|0x0000000095f00000, 0x0000000096000000, 0x0000000096000000|100%|HC|  |TAMS 0x0000000095f00000| PB 0x0000000095f00000| Complete 
| 352|0x0000000096000000, 0x0000000096100000, 0x0000000096100000|100%|HS|  |TAMS 0x0000000096000000| PB 0x0000000096000000| Complete 
| 353|0x0000000096100000, 0x0000000096200000, 0x0000000096200000|100%|HC|  |TAMS 0x0000000096100000| PB 0x0000000096100000| Complete 
| 354|0x0000000096200000, 0x0000000096300000, 0x0000000096300000|100%|HS|  |TAMS 0x0000000096200000| PB 0x0000000096200000| Complete 
| 355|0x0000000096300000, 0x0000000096400000, 0x0000000096400000|100%|HC|  |TAMS 0x0000000096300000| PB 0x0000000096300000| Complete 
| 356|0x0000000096400000, 0x0000000096500000, 0x0000000096500000|100%|HS|  |TAMS 0x0000000096400000| PB 0x0000000096400000| Complete 
| 357|0x0000000096500000, 0x0000000096600000, 0x0000000096600000|100%|HC|  |TAMS 0x0000000096500000| PB 0x0000000096500000| Complete 
| 358|0x0000000096600000, 0x0000000096700000, 0x0000000096700000|100%|HS|  |TAMS 0x0000000096600000| PB 0x0000000096600000| Complete 
| 359|0x0000000096700000, 0x0000000096800000, 0x0000000096800000|100%|HC|  |TAMS 0x0000000096700000| PB 0x0000000096700000| Complete 
| 360|0x0000000096800000, 0x0000000096900000, 0x0000000096900000|100%|HS|  |TAMS 0x0000000096800000| PB 0x0000000096800000| Complete 
| 361|0x0000000096900000, 0x0000000096a00000, 0x0000000096a00000|100%|HC|  |TAMS 0x0000000096900000| PB 0x0000000096900000| Complete 
| 362|0x0000000096a00000, 0x0000000096b00000, 0x0000000096b00000|100%|HS|  |TAMS 0x0000000096a00000| PB 0x0000000096a00000| Complete 
| 363|0x0000000096b00000, 0x0000000096c00000, 0x0000000096c00000|100%|HC|  |TAMS 0x0000000096b00000| PB 0x0000000096b00000| Complete 
| 364|0x0000000096c00000, 0x0000000096d00000, 0x0000000096d00000|100%|HS|  |TAMS 0x0000000096c00000| PB 0x0000000096c00000| Complete 
| 365|0x0000000096d00000, 0x0000000096e00000, 0x0000000096e00000|100%|HC|  |TAMS 0x0000000096d00000| PB 0x0000000096d00000| Complete 
| 366|0x0000000096e00000, 0x0000000096f00000, 0x0000000096f00000|100%|HS|  |TAMS 0x0000000096e00000| PB 0x0000000096e00000| Complete 
| 367|0x0000000096f00000, 0x0000000097000000, 0x0000000097000000|100%|HC|  |TAMS 0x0000000096f00000| PB 0x0000000096f00000| Complete 
| 368|0x0000000097000000, 0x0000000097100000, 0x0000000097100000|100%|HS|  |TAMS 0x0000000097000000| PB 0x0000000097000000| Complete 
| 369|0x0000000097100000, 0x0000000097200000, 0x0000000097200000|100%|HC|  |TAMS 0x0000000097100000| PB 0x0000000097100000| Complete 
| 370|0x0000000097200000, 0x0000000097300000, 0x0000000097300000|100%|HS|  |TAMS 0x0000000097200000| PB 0x0000000097200000| Complete 
| 371|0x0000000097300000, 0x0000000097400000, 0x0000000097400000|100%|HC|  |TAMS 0x0000000097300000| PB 0x0000000097300000| Complete 
| 372|0x0000000097400000, 0x0000000097500000, 0x0000000097500000|100%|HS|  |TAMS 0x0000000097400000| PB 0x0000000097400000| Complete 
| 373|0x0000000097500000, 0x0000000097600000, 0x0000000097600000|100%|HC|  |TAMS 0x0000000097500000| PB 0x0000000097500000| Complete 
| 374|0x0000000097600000, 0x00000000976aa0e8, 0x0000000097700000| 66%| S|CS|TAMS 0x0000000097600000| PB 0x0000000097600000| Complete 
| 375|0x0000000097700000, 0x0000000097800000, 0x0000000097800000|100%| S|CS|TAMS 0x0000000097700000| PB 0x0000000097700000| Complete 
| 376|0x0000000097800000, 0x0000000097900000, 0x0000000097900000|100%| S|CS|TAMS 0x0000000097800000| PB 0x0000000097800000| Complete 
| 377|0x0000000097900000, 0x0000000097a00000, 0x0000000097a00000|100%| S|CS|TAMS 0x0000000097900000| PB 0x0000000097900000| Complete 
| 378|0x0000000097a00000, 0x0000000097b00000, 0x0000000097b00000|100%| S|CS|TAMS 0x0000000097a00000| PB 0x0000000097a00000| Complete 
| 379|0x0000000097b00000, 0x0000000097c00000, 0x0000000097c00000|100%| S|CS|TAMS 0x0000000097b00000| PB 0x0000000097b00000| Complete 
| 380|0x0000000097c00000, 0x0000000097d00000, 0x0000000097d00000|100%| S|CS|TAMS 0x0000000097c00000| PB 0x0000000097c00000| Complete 
| 381|0x0000000097d00000, 0x0000000097e00000, 0x0000000097e00000|100%| S|CS|TAMS 0x0000000097d00000| PB 0x0000000097d00000| Complete 
| 382|0x0000000097e00000, 0x0000000097f00000, 0x0000000097f00000|100%| S|CS|TAMS 0x0000000097e00000| PB 0x0000000097e00000| Complete 
| 383|0x0000000097f00000, 0x0000000098000000, 0x0000000098000000|100%| S|CS|TAMS 0x0000000097f00000| PB 0x0000000097f00000| Complete 
| 384|0x0000000098000000, 0x0000000098100000, 0x0000000098100000|100%| S|CS|TAMS 0x0000000098000000| PB 0x0000000098000000| Complete 
| 385|0x0000000098100000, 0x0000000098200000, 0x0000000098200000|100%|HS|  |TAMS 0x0000000098100000| PB 0x0000000098100000| Complete 
| 386|0x0000000098200000, 0x0000000098300000, 0x0000000098300000|100%|HC|  |TAMS 0x0000000098200000| PB 0x0000000098200000| Complete 
| 387|0x0000000098300000, 0x0000000098400000, 0x0000000098400000|100%|HS|  |TAMS 0x0000000098300000| PB 0x0000000098300000| Complete 
| 388|0x0000000098400000, 0x0000000098500000, 0x0000000098500000|100%|HC|  |TAMS 0x0000000098400000| PB 0x0000000098400000| Complete 
| 389|0x0000000098500000, 0x0000000098600000, 0x0000000098600000|100%|HS|  |TAMS 0x0000000098500000| PB 0x0000000098500000| Complete 
| 390|0x0000000098600000, 0x0000000098700000, 0x0000000098700000|100%|HC|  |TAMS 0x0000000098600000| PB 0x0000000098600000| Complete 
| 391|0x0000000098700000, 0x0000000098800000, 0x0000000098800000|100%|HS|  |TAMS 0x0000000098700000| PB 0x0000000098700000| Complete 
| 392|0x0000000098800000, 0x0000000098900000, 0x0000000098900000|100%|HC|  |TAMS 0x0000000098800000| PB 0x0000000098800000| Complete 
| 393|0x0000000098900000, 0x0000000098a00000, 0x0000000098a00000|100%|HS|  |TAMS 0x0000000098900000| PB 0x0000000098900000| Complete 
| 394|0x0000000098a00000, 0x0000000098b00000, 0x0000000098b00000|100%|HC|  |TAMS 0x0000000098a00000| PB 0x0000000098a00000| Complete 
| 395|0x0000000098b00000, 0x0000000098c00000, 0x0000000098c00000|100%|HS|  |TAMS 0x0000000098b00000| PB 0x0000000098b00000| Complete 
| 396|0x0000000098c00000, 0x0000000098d00000, 0x0000000098d00000|100%|HC|  |TAMS 0x0000000098c00000| PB 0x0000000098c00000| Complete 
| 397|0x0000000098d00000, 0x0000000098e00000, 0x0000000098e00000|100%|HS|  |TAMS 0x0000000098d00000| PB 0x0000000098d00000| Complete 
| 398|0x0000000098e00000, 0x0000000098f00000, 0x0000000098f00000|100%|HC|  |TAMS 0x0000000098e00000| PB 0x0000000098e00000| Complete 
| 399|0x0000000098f00000, 0x0000000099000000, 0x0000000099000000|100%|HS|  |TAMS 0x0000000098f00000| PB 0x0000000098f00000| Complete 
| 400|0x0000000099000000, 0x0000000099100000, 0x0000000099100000|100%|HC|  |TAMS 0x0000000099000000| PB 0x0000000099000000| Complete 
| 401|0x0000000099100000, 0x0000000099200000, 0x0000000099200000|100%|HS|  |TAMS 0x0000000099100000| PB 0x0000000099100000| Complete 
| 402|0x0000000099200000, 0x0000000099300000, 0x0000000099300000|100%|HC|  |TAMS 0x0000000099200000| PB 0x0000000099200000| Complete 
| 403|0x0000000099300000, 0x0000000099400000, 0x0000000099400000|100%|HS|  |TAMS 0x0000000099300000| PB 0x0000000099300000| Complete 
| 404|0x0000000099400000, 0x0000000099500000, 0x0000000099500000|100%|HC|  |TAMS 0x0000000099400000| PB 0x0000000099400000| Complete 
| 405|0x0000000099500000, 0x0000000099600000, 0x0000000099600000|100%|HS|  |TAMS 0x0000000099500000| PB 0x0000000099500000| Complete 
| 406|0x0000000099600000, 0x0000000099700000, 0x0000000099700000|100%|HC|  |TAMS 0x0000000099600000| PB 0x0000000099600000| Complete 
| 407|0x0000000099700000, 0x0000000099800000, 0x0000000099800000|100%|HS|  |TAMS 0x0000000099700000| PB 0x0000000099700000| Complete 
| 408|0x0000000099800000, 0x0000000099900000, 0x0000000099900000|100%|HC|  |TAMS 0x0000000099800000| PB 0x0000000099800000| Complete 
| 409|0x0000000099900000, 0x0000000099a00000, 0x0000000099a00000|100%|HS|  |TAMS 0x0000000099900000| PB 0x0000000099900000| Complete 
| 410|0x0000000099a00000, 0x0000000099b00000, 0x0000000099b00000|100%|HC|  |TAMS 0x0000000099a00000| PB 0x0000000099a00000| Complete 
| 411|0x0000000099b00000, 0x0000000099c00000, 0x0000000099c00000|100%|HS|  |TAMS 0x0000000099b00000| PB 0x0000000099b00000| Complete 
| 412|0x0000000099c00000, 0x0000000099d00000, 0x0000000099d00000|100%|HC|  |TAMS 0x0000000099c00000| PB 0x0000000099c00000| Complete 
| 413|0x0000000099d00000, 0x0000000099e00000, 0x0000000099e00000|100%|HS|  |TAMS 0x0000000099d00000| PB 0x0000000099d00000| Complete 
| 414|0x0000000099e00000, 0x0000000099f00000, 0x0000000099f00000|100%|HC|  |TAMS 0x0000000099e00000| PB 0x0000000099e00000| Complete 
| 415|0x0000000099f00000, 0x000000009a000000, 0x000000009a000000|100%|HS|  |TAMS 0x0000000099f00000| PB 0x0000000099f00000| Complete 
| 416|0x000000009a000000, 0x000000009a100000, 0x000000009a100000|100%|HC|  |TAMS 0x000000009a000000| PB 0x000000009a000000| Complete 
| 417|0x000000009a100000, 0x000000009a200000, 0x000000009a200000|100%|HS|  |TAMS 0x000000009a100000| PB 0x000000009a100000| Complete 
| 418|0x000000009a200000, 0x000000009a300000, 0x000000009a300000|100%|HC|  |TAMS 0x000000009a200000| PB 0x000000009a200000| Complete 
| 419|0x000000009a300000, 0x000000009a400000, 0x000000009a400000|100%|HS|  |TAMS 0x000000009a300000| PB 0x000000009a300000| Complete 
| 420|0x000000009a400000, 0x000000009a500000, 0x000000009a500000|100%|HC|  |TAMS 0x000000009a400000| PB 0x000000009a400000| Complete 
| 421|0x000000009a500000, 0x000000009a600000, 0x000000009a600000|100%|HS|  |TAMS 0x000000009a500000| PB 0x000000009a500000| Complete 
| 422|0x000000009a600000, 0x000000009a700000, 0x000000009a700000|100%|HC|  |TAMS 0x000000009a600000| PB 0x000000009a600000| Complete 
| 423|0x000000009a700000, 0x000000009a800000, 0x000000009a800000|100%|HS|  |TAMS 0x000000009a700000| PB 0x000000009a700000| Complete 
| 424|0x000000009a800000, 0x000000009a900000, 0x000000009a900000|100%|HC|  |TAMS 0x000000009a800000| PB 0x000000009a800000| Complete 
| 425|0x000000009a900000, 0x000000009aa00000, 0x000000009aa00000|100%|HS|  |TAMS 0x000000009a900000| PB 0x000000009a900000| Complete 
| 426|0x000000009aa00000, 0x000000009ab00000, 0x000000009ab00000|100%|HC|  |TAMS 0x000000009aa00000| PB 0x000000009aa00000| Complete 
| 427|0x000000009ab00000, 0x000000009ac00000, 0x000000009ac00000|100%|HS|  |TAMS 0x000000009ab00000| PB 0x000000009ab00000| Complete 
| 428|0x000000009ac00000, 0x000000009ad00000, 0x000000009ad00000|100%|HC|  |TAMS 0x000000009ac00000| PB 0x000000009ac00000| Complete 
| 429|0x000000009ad00000, 0x000000009ae00000, 0x000000009ae00000|100%|HS|  |TAMS 0x000000009ad00000| PB 0x000000009ad00000| Complete 
| 430|0x000000009ae00000, 0x000000009af00000, 0x000000009af00000|100%|HC|  |TAMS 0x000000009ae00000| PB 0x000000009ae00000| Complete 
| 431|0x000000009af00000, 0x000000009b000000, 0x000000009b000000|100%|HS|  |TAMS 0x000000009af00000| PB 0x000000009af00000| Complete 
| 432|0x000000009b000000, 0x000000009b100000, 0x000000009b100000|100%|HC|  |TAMS 0x000000009b000000| PB 0x000000009b000000| Complete 
| 433|0x000000009b100000, 0x000000009b200000, 0x000000009b200000|100%|HS|  |TAMS 0x000000009b100000| PB 0x000000009b100000| Complete 
| 434|0x000000009b200000, 0x000000009b300000, 0x000000009b300000|100%|HC|  |TAMS 0x000000009b200000| PB 0x000000009b200000| Complete 
| 435|0x000000009b300000, 0x000000009b400000, 0x000000009b400000|100%|HS|  |TAMS 0x000000009b300000| PB 0x000000009b300000| Complete 
| 436|0x000000009b400000, 0x000000009b500000, 0x000000009b500000|100%|HC|  |TAMS 0x000000009b400000| PB 0x000000009b400000| Complete 
| 437|0x000000009b500000, 0x000000009b600000, 0x000000009b600000|100%|HS|  |TAMS 0x000000009b500000| PB 0x000000009b500000| Complete 
| 438|0x000000009b600000, 0x000000009b700000, 0x000000009b700000|100%|HC|  |TAMS 0x000000009b600000| PB 0x000000009b600000| Complete 
| 439|0x000000009b700000, 0x000000009b800000, 0x000000009b800000|100%|HS|  |TAMS 0x000000009b700000| PB 0x000000009b700000| Complete 
| 440|0x000000009b800000, 0x000000009b900000, 0x000000009b900000|100%|HC|  |TAMS 0x000000009b800000| PB 0x000000009b800000| Complete 
| 441|0x000000009b900000, 0x000000009ba00000, 0x000000009ba00000|100%|HS|  |TAMS 0x000000009b900000| PB 0x000000009b900000| Complete 
| 442|0x000000009ba00000, 0x000000009bb00000, 0x000000009bb00000|100%|HC|  |TAMS 0x000000009ba00000| PB 0x000000009ba00000| Complete 
| 443|0x000000009bb00000, 0x000000009bc00000, 0x000000009bc00000|100%|HS|  |TAMS 0x000000009bb00000| PB 0x000000009bb00000| Complete 
| 444|0x000000009bc00000, 0x000000009bd00000, 0x000000009bd00000|100%|HC|  |TAMS 0x000000009bc00000| PB 0x000000009bc00000| Complete 
| 445|0x000000009bd00000, 0x000000009be00000, 0x000000009be00000|100%|HS|  |TAMS 0x000000009bd00000| PB 0x000000009bd00000| Complete 
| 446|0x000000009be00000, 0x000000009bf00000, 0x000000009bf00000|100%|HC|  |TAMS 0x000000009be00000| PB 0x000000009be00000| Complete 
| 447|0x000000009bf00000, 0x000000009c000000, 0x000000009c000000|100%|HS|  |TAMS 0x000000009bf00000| PB 0x000000009bf00000| Complete 
| 448|0x000000009c000000, 0x000000009c100000, 0x000000009c100000|100%|HC|  |TAMS 0x000000009c000000| PB 0x000000009c000000| Complete 
| 449|0x000000009c100000, 0x000000009c200000, 0x000000009c200000|100%|HS|  |TAMS 0x000000009c100000| PB 0x000000009c100000| Complete 
| 450|0x000000009c200000, 0x000000009c300000, 0x000000009c300000|100%|HC|  |TAMS 0x000000009c200000| PB 0x000000009c200000| Complete 
| 451|0x000000009c300000, 0x000000009c400000, 0x000000009c400000|100%|HS|  |TAMS 0x000000009c300000| PB 0x000000009c300000| Complete 
| 452|0x000000009c400000, 0x000000009c500000, 0x000000009c500000|100%|HC|  |TAMS 0x000000009c400000| PB 0x000000009c400000| Complete 
| 453|0x000000009c500000, 0x000000009c600000, 0x000000009c600000|100%|HS|  |TAMS 0x000000009c500000| PB 0x000000009c500000| Complete 
| 454|0x000000009c600000, 0x000000009c700000, 0x000000009c700000|100%|HC|  |TAMS 0x000000009c600000| PB 0x000000009c600000| Complete 
| 455|0x000000009c700000, 0x000000009c800000, 0x000000009c800000|100%|HS|  |TAMS 0x000000009c700000| PB 0x000000009c700000| Complete 
| 456|0x000000009c800000, 0x000000009c900000, 0x000000009c900000|100%|HC|  |TAMS 0x000000009c800000| PB 0x000000009c800000| Complete 
| 457|0x000000009c900000, 0x000000009ca00000, 0x000000009ca00000|100%|HS|  |TAMS 0x000000009c900000| PB 0x000000009c900000| Complete 
| 458|0x000000009ca00000, 0x000000009cb00000, 0x000000009cb00000|100%|HC|  |TAMS 0x000000009ca00000| PB 0x000000009ca00000| Complete 
| 459|0x000000009cb00000, 0x000000009cc00000, 0x000000009cc00000|100%|HS|  |TAMS 0x000000009cb00000| PB 0x000000009cb00000| Complete 
| 460|0x000000009cc00000, 0x000000009cd00000, 0x000000009cd00000|100%|HC|  |TAMS 0x000000009cc00000| PB 0x000000009cc00000| Complete 
| 461|0x000000009cd00000, 0x000000009ce00000, 0x000000009ce00000|100%|HS|  |TAMS 0x000000009cd00000| PB 0x000000009cd00000| Complete 
| 462|0x000000009ce00000, 0x000000009cf00000, 0x000000009cf00000|100%|HC|  |TAMS 0x000000009ce00000| PB 0x000000009ce00000| Complete 
| 463|0x000000009cf00000, 0x000000009d000000, 0x000000009d000000|100%|HS|  |TAMS 0x000000009cf00000| PB 0x000000009cf00000| Complete 
| 464|0x000000009d000000, 0x000000009d100000, 0x000000009d100000|100%|HC|  |TAMS 0x000000009d000000| PB 0x000000009d000000| Complete 
| 465|0x000000009d100000, 0x000000009d200000, 0x000000009d200000|100%|HS|  |TAMS 0x000000009d100000| PB 0x000000009d100000| Complete 
| 466|0x000000009d200000, 0x000000009d300000, 0x000000009d300000|100%|HC|  |TAMS 0x000000009d200000| PB 0x000000009d200000| Complete 
| 467|0x000000009d300000, 0x000000009d400000, 0x000000009d400000|100%|HS|  |TAMS 0x000000009d300000| PB 0x000000009d300000| Complete 
| 468|0x000000009d400000, 0x000000009d500000, 0x000000009d500000|100%|HC|  |TAMS 0x000000009d400000| PB 0x000000009d400000| Complete 
| 469|0x000000009d500000, 0x000000009d600000, 0x000000009d600000|100%|HS|  |TAMS 0x000000009d500000| PB 0x000000009d500000| Complete 
| 470|0x000000009d600000, 0x000000009d700000, 0x000000009d700000|100%|HC|  |TAMS 0x000000009d600000| PB 0x000000009d600000| Complete 
| 471|0x000000009d700000, 0x000000009d800000, 0x000000009d800000|100%|HS|  |TAMS 0x000000009d700000| PB 0x000000009d700000| Complete 
| 472|0x000000009d800000, 0x000000009d900000, 0x000000009d900000|100%|HC|  |TAMS 0x000000009d800000| PB 0x000000009d800000| Complete 
| 473|0x000000009d900000, 0x000000009da00000, 0x000000009da00000|100%|HS|  |TAMS 0x000000009d900000| PB 0x000000009d900000| Complete 
| 474|0x000000009da00000, 0x000000009db00000, 0x000000009db00000|100%|HC|  |TAMS 0x000000009da00000| PB 0x000000009da00000| Complete 
| 475|0x000000009db00000, 0x000000009dc00000, 0x000000009dc00000|100%|HS|  |TAMS 0x000000009db00000| PB 0x000000009db00000| Complete 
| 476|0x000000009dc00000, 0x000000009dd00000, 0x000000009dd00000|100%|HC|  |TAMS 0x000000009dc00000| PB 0x000000009dc00000| Complete 
| 477|0x000000009dd00000, 0x000000009de00000, 0x000000009de00000|100%|HS|  |TAMS 0x000000009dd00000| PB 0x000000009dd00000| Complete 
| 478|0x000000009de00000, 0x000000009df00000, 0x000000009df00000|100%|HC|  |TAMS 0x000000009de00000| PB 0x000000009de00000| Complete 
| 479|0x000000009df00000, 0x000000009e000000, 0x000000009e000000|100%|HS|  |TAMS 0x000000009df00000| PB 0x000000009df00000| Complete 
| 480|0x000000009e000000, 0x000000009e100000, 0x000000009e100000|100%|HC|  |TAMS 0x000000009e000000| PB 0x000000009e000000| Complete 
| 481|0x000000009e100000, 0x000000009e200000, 0x000000009e200000|100%|HS|  |TAMS 0x000000009e100000| PB 0x000000009e100000| Complete 
| 482|0x000000009e200000, 0x000000009e300000, 0x000000009e300000|100%|HC|  |TAMS 0x000000009e200000| PB 0x000000009e200000| Complete 
| 483|0x000000009e300000, 0x000000009e400000, 0x000000009e400000|100%|HS|  |TAMS 0x000000009e300000| PB 0x000000009e300000| Complete 
| 484|0x000000009e400000, 0x000000009e500000, 0x000000009e500000|100%|HC|  |TAMS 0x000000009e400000| PB 0x000000009e400000| Complete 
| 485|0x000000009e500000, 0x000000009e600000, 0x000000009e600000|100%|HS|  |TAMS 0x000000009e500000| PB 0x000000009e500000| Complete 
| 486|0x000000009e600000, 0x000000009e700000, 0x000000009e700000|100%|HC|  |TAMS 0x000000009e600000| PB 0x000000009e600000| Complete 
| 487|0x000000009e700000, 0x000000009e800000, 0x000000009e800000|100%|HS|  |TAMS 0x000000009e700000| PB 0x000000009e700000| Complete 
| 488|0x000000009e800000, 0x000000009e900000, 0x000000009e900000|100%|HC|  |TAMS 0x000000009e800000| PB 0x000000009e800000| Complete 
| 489|0x000000009e900000, 0x000000009ea00000, 0x000000009ea00000|100%|HS|  |TAMS 0x000000009e900000| PB 0x000000009e900000| Complete 
| 490|0x000000009ea00000, 0x000000009eb00000, 0x000000009eb00000|100%|HC|  |TAMS 0x000000009ea00000| PB 0x000000009ea00000| Complete 
| 491|0x000000009eb00000, 0x000000009ec00000, 0x000000009ec00000|100%|HS|  |TAMS 0x000000009eb00000| PB 0x000000009eb00000| Complete 
| 492|0x000000009ec00000, 0x000000009ed00000, 0x000000009ed00000|100%|HC|  |TAMS 0x000000009ec00000| PB 0x000000009ec00000| Complete 
| 493|0x000000009ed00000, 0x000000009ee00000, 0x000000009ee00000|100%|HS|  |TAMS 0x000000009ed00000| PB 0x000000009ed00000| Complete 
| 494|0x000000009ee00000, 0x000000009ef00000, 0x000000009ef00000|100%|HC|  |TAMS 0x000000009ee00000| PB 0x000000009ee00000| Complete 
| 495|0x000000009ef00000, 0x000000009f000000, 0x000000009f000000|100%|HS|  |TAMS 0x000000009ef00000| PB 0x000000009ef00000| Complete 
| 496|0x000000009f000000, 0x000000009f100000, 0x000000009f100000|100%|HC|  |TAMS 0x000000009f000000| PB 0x000000009f000000| Complete 
| 497|0x000000009f100000, 0x000000009f200000, 0x000000009f200000|100%|HS|  |TAMS 0x000000009f100000| PB 0x000000009f100000| Complete 
| 498|0x000000009f200000, 0x000000009f300000, 0x000000009f300000|100%|HC|  |TAMS 0x000000009f200000| PB 0x000000009f200000| Complete 
| 499|0x000000009f300000, 0x000000009f400000, 0x000000009f400000|100%|HS|  |TAMS 0x000000009f300000| PB 0x000000009f300000| Complete 
| 500|0x000000009f400000, 0x000000009f500000, 0x000000009f500000|100%|HC|  |TAMS 0x000000009f400000| PB 0x000000009f400000| Complete 
| 501|0x000000009f500000, 0x000000009f600000, 0x000000009f600000|100%|HS|  |TAMS 0x000000009f500000| PB 0x000000009f500000| Complete 
| 502|0x000000009f600000, 0x000000009f700000, 0x000000009f700000|100%|HC|  |TAMS 0x000000009f600000| PB 0x000000009f600000| Complete 
| 503|0x000000009f700000, 0x000000009f800000, 0x000000009f800000|100%|HS|  |TAMS 0x000000009f700000| PB 0x000000009f700000| Complete 
| 504|0x000000009f800000, 0x000000009f900000, 0x000000009f900000|100%|HC|  |TAMS 0x000000009f800000| PB 0x000000009f800000| Complete 
| 505|0x000000009f900000, 0x000000009fa00000, 0x000000009fa00000|100%|HS|  |TAMS 0x000000009f900000| PB 0x000000009f900000| Complete 
| 506|0x000000009fa00000, 0x000000009fb00000, 0x000000009fb00000|100%|HC|  |TAMS 0x000000009fa00000| PB 0x000000009fa00000| Complete 
| 507|0x000000009fb00000, 0x000000009fc00000, 0x000000009fc00000|100%|HS|  |TAMS 0x000000009fb00000| PB 0x000000009fb00000| Complete 
| 508|0x000000009fc00000, 0x000000009fd00000, 0x000000009fd00000|100%|HC|  |TAMS 0x000000009fc00000| PB 0x000000009fc00000| Complete 
| 509|0x000000009fd00000, 0x000000009fe00000, 0x000000009fe00000|100%|HS|  |TAMS 0x000000009fd00000| PB 0x000000009fd00000| Complete 
| 510|0x000000009fe00000, 0x000000009ff00000, 0x000000009ff00000|100%|HC|  |TAMS 0x000000009fe00000| PB 0x000000009fe00000| Complete 
| 511|0x000000009ff00000, 0x00000000a0000000, 0x00000000a0000000|100%|HS|  |TAMS 0x000000009ff00000| PB 0x000000009ff00000| Complete 
| 512|0x00000000a0000000, 0x00000000a0100000, 0x00000000a0100000|100%|HC|  |TAMS 0x00000000a0000000| PB 0x00000000a0000000| Complete 
| 513|0x00000000a0100000, 0x00000000a0200000, 0x00000000a0200000|100%|HS|  |TAMS 0x00000000a0100000| PB 0x00000000a0100000| Complete 
| 514|0x00000000a0200000, 0x00000000a0300000, 0x00000000a0300000|100%|HC|  |TAMS 0x00000000a0200000| PB 0x00000000a0200000| Complete 
| 515|0x00000000a0300000, 0x00000000a0400000, 0x00000000a0400000|100%|HS|  |TAMS 0x00000000a0300000| PB 0x00000000a0300000| Complete 
| 516|0x00000000a0400000, 0x00000000a0500000, 0x00000000a0500000|100%|HC|  |TAMS 0x00000000a0400000| PB 0x00000000a0400000| Complete 
| 517|0x00000000a0500000, 0x00000000a0600000, 0x00000000a0600000|100%|HS|  |TAMS 0x00000000a0500000| PB 0x00000000a0500000| Complete 
| 518|0x00000000a0600000, 0x00000000a0700000, 0x00000000a0700000|100%|HC|  |TAMS 0x00000000a0600000| PB 0x00000000a0600000| Complete 
| 519|0x00000000a0700000, 0x00000000a0800000, 0x00000000a0800000|100%|HS|  |TAMS 0x00000000a0700000| PB 0x00000000a0700000| Complete 
| 520|0x00000000a0800000, 0x00000000a0900000, 0x00000000a0900000|100%|HC|  |TAMS 0x00000000a0800000| PB 0x00000000a0800000| Complete 
| 521|0x00000000a0900000, 0x00000000a0a00000, 0x00000000a0a00000|100%|HS|  |TAMS 0x00000000a0900000| PB 0x00000000a0900000| Complete 
| 522|0x00000000a0a00000, 0x00000000a0b00000, 0x00000000a0b00000|100%|HC|  |TAMS 0x00000000a0a00000| PB 0x00000000a0a00000| Complete 
| 523|0x00000000a0b00000, 0x00000000a0c00000, 0x00000000a0c00000|100%|HS|  |TAMS 0x00000000a0b00000| PB 0x00000000a0b00000| Complete 
| 524|0x00000000a0c00000, 0x00000000a0d00000, 0x00000000a0d00000|100%|HC|  |TAMS 0x00000000a0c00000| PB 0x00000000a0c00000| Complete 
| 525|0x00000000a0d00000, 0x00000000a0e00000, 0x00000000a0e00000|100%|HS|  |TAMS 0x00000000a0d00000| PB 0x00000000a0d00000| Complete 
| 526|0x00000000a0e00000, 0x00000000a0f00000, 0x00000000a0f00000|100%|HC|  |TAMS 0x00000000a0e00000| PB 0x00000000a0e00000| Complete 
| 527|0x00000000a0f00000, 0x00000000a1000000, 0x00000000a1000000|100%|HS|  |TAMS 0x00000000a0f00000| PB 0x00000000a0f00000| Complete 
| 528|0x00000000a1000000, 0x00000000a1100000, 0x00000000a1100000|100%|HC|  |TAMS 0x00000000a1000000| PB 0x00000000a1000000| Complete 
| 529|0x00000000a1100000, 0x00000000a1200000, 0x00000000a1200000|100%|HS|  |TAMS 0x00000000a1100000| PB 0x00000000a1100000| Complete 
| 530|0x00000000a1200000, 0x00000000a1300000, 0x00000000a1300000|100%|HC|  |TAMS 0x00000000a1200000| PB 0x00000000a1200000| Complete 
| 531|0x00000000a1300000, 0x00000000a1400000, 0x00000000a1400000|100%|HS|  |TAMS 0x00000000a1300000| PB 0x00000000a1300000| Complete 
| 532|0x00000000a1400000, 0x00000000a1500000, 0x00000000a1500000|100%|HC|  |TAMS 0x00000000a1400000| PB 0x00000000a1400000| Complete 
|2037|0x00000000ff500000, 0x00000000ff600000, 0x00000000ff600000|100%|HS|  |TAMS 0x00000000ff500000| PB 0x00000000ff500000| Complete 
|2038|0x00000000ff600000, 0x00000000ff700000, 0x00000000ff700000|100%|HC|  |TAMS 0x00000000ff600000| PB 0x00000000ff600000| Complete 
|2039|0x00000000ff700000, 0x00000000ff726988, 0x00000000ff800000| 15%| E|  |TAMS 0x00000000ff700000| PB 0x00000000ff700000| Complete 
|2040|0x00000000ff800000, 0x00000000ff900000, 0x00000000ff900000|100%| O|  |TAMS 0x00000000ff900000| PB 0x00000000ff900000| Updating 
|2041|0x00000000ff900000, 0x00000000ffa00000, 0x00000000ffa00000|100%|HS|  |TAMS 0x00000000ff900000| PB 0x00000000ff900000| Complete 
|2042|0x00000000ffa00000, 0x00000000ffb00000, 0x00000000ffb00000|100%|HC|  |TAMS 0x00000000ffa00000| PB 0x00000000ffa00000| Complete 
|2043|0x00000000ffb00000, 0x00000000ffc00000, 0x00000000ffc00000|100%| E|CS|TAMS 0x00000000ffb00000| PB 0x00000000ffb00000| Complete 
|2044|0x00000000ffc00000, 0x00000000ffd00000, 0x00000000ffd00000|100%| O|  |TAMS 0x00000000ffd00000| PB 0x00000000ffd00000| Untracked 
|2045|0x00000000ffd00000, 0x00000000ffe00000, 0x00000000ffe00000|100%| O|  |TAMS 0x00000000ffe00000| PB 0x00000000ffe00000| Untracked 
|2046|0x00000000ffe00000, 0x00000000fff00000, 0x00000000fff00000|100%| O|  |TAMS 0x00000000fff00000| PB 0x00000000fff00000| Updating 
|2047|0x00000000fff00000, 0x0000000100000000, 0x0000000100000000|100%| E|CS|TAMS 0x00000000fff00000| PB 0x00000000fff00000| Complete 

Card table byte_map: [0x000001d716e00000,0x000001d717200000] _byte_map_base: 0x000001d716a00000

Marking Bits: (CMBitMap*) 0x000001d7045ec510
 Bits: [0x000001d717200000, 0x000001d719200000)

Polling page: 0x000001d702450000

Metaspace:

Usage:
  Non-class:    146.60 MB used.
      Class:     23.50 MB used.
       Both:    170.10 MB used.

Virtual space:
  Non-class space:      192.00 MB reserved,     147.88 MB ( 77%) committed,  3 nodes.
      Class space:        1.00 GB reserved,      24.75 MB (  2%) committed,  1 nodes.
             Both:        1.19 GB reserved,     172.62 MB ( 14%) committed. 

Chunk freelists:
   Non-Class:  11.98 MB
       Class:  7.06 MB
        Both:  19.05 MB

MaxMetaspaceSize: unlimited
CompressedClassSpaceSize: 1.00 GB
Initial GC threshold: 21.00 MB
Current GC threshold: 256.81 MB
CDS: off
 - commit_granule_bytes: 65536.
 - commit_granule_words: 8192.
 - virtual_space_node_default_size: 8388608.
 - enlarge_chunks_in_place: 1.
 - use_allocation_guard: 0.


Internal statistics:

num_allocs_failed_limit: 6.
num_arena_births: 5118.
num_arena_deaths: 0.
num_vsnodes_births: 4.
num_vsnodes_deaths: 0.
num_space_committed: 2761.
num_space_uncommitted: 0.
num_chunks_returned_to_freelist: 6.
num_chunks_taken_from_freelist: 12444.
num_chunk_merges: 6.
num_chunk_splits: 8251.
num_chunks_enlarged: 5383.
num_inconsistent_stats: 0.

CodeHeap 'non-profiled nmethods': size=120000Kb used=13568Kb max_used=14271Kb free=106431Kb
 bounds [0x000001d70f1a0000, 0x000001d70ff90000, 0x000001d7166d0000]
CodeHeap 'profiled nmethods': size=120000Kb used=34319Kb max_used=35332Kb free=85680Kb
 bounds [0x000001d7076d0000, 0x000001d709960000, 0x000001d70ec00000]
CodeHeap 'non-nmethods': size=5760Kb used=3118Kb max_used=3213Kb free=2641Kb
 bounds [0x000001d70ec00000, 0x000001d70ef40000, 0x000001d70f1a0000]
 total_blobs=18596 nmethods=17434 adapters=1063
 compilation: enabled
              stopped_count=0, restarted_count=0
 full_count=0

Compilation events (20 events):
Event: 237.738 Thread 0x000001d7200a0c60 23346       3       java.math.SignedMutableBigInteger::signedAdd (34 bytes)
Event: 237.738 Thread 0x000001d7200a0c60 nmethod 23346 0x000001d709950410 code [0x000001d7099505e0, 0x000001d7099508d8]
Event: 237.739 Thread 0x000001d7200a01c0 23347       4       java.lang.Integer::numberOfTrailingZeros (80 bytes)
Event: 237.740 Thread 0x000001d7200a01c0 nmethod 23347 0x000001d70ff8fc90 code [0x000001d70ff8fe00, 0x000001d70ff8fed0]
Event: 237.740 Thread 0x000001d7200a01c0 23348       4       java.math.MutableBigInteger::add (346 bytes)
Event: 237.741 Thread 0x000001d7200a0c60 23352       3       java.math.MutableBigInteger::mul (173 bytes)
Event: 237.741 Thread 0x000001d7200a0c60 nmethod 23352 0x000001d709950a10 code [0x000001d709950c20, 0x000001d709951290]
Event: 237.743 Thread 0x000001d7200a0c60 23354       3       java.math.MutableBigInteger::<init> (21 bytes)
Event: 237.743 Thread 0x000001d7200a0c60 nmethod 23354 0x000001d709951590 code [0x000001d709951740, 0x000001d709951910]
Event: 237.744 Thread 0x000001d7200a0c60 23356       3       java.math.BigInteger::equals (94 bytes)
Event: 237.744 Thread 0x000001d7200a0c60 nmethod 23356 0x000001d709951a10 code [0x000001d709951c00, 0x000001d7099521c8]
Event: 237.744 Thread 0x000001d7200a0c60 23355       3       java.util.Arrays::copyOfRange (25 bytes)
Event: 237.745 Thread 0x000001d7200a0c60 nmethod 23355 0x000001d709952310 code [0x000001d7099525c0, 0x000001d709953138]
Event: 237.745 Thread 0x000001d7200a0c60 23357       3       java.math.BigInteger::montgomeryMultiply (54 bytes)
Event: 237.745 Thread 0x000001d7200a0c60 nmethod 23357 0x000001d709953590 code [0x000001d709953780, 0x000001d709953ba0]
Event: 237.751 Thread 0x000001d7200a0c60 23359       3       java.math.BigInteger::implMontgomeryMultiply (22 bytes)
Event: 237.751 Thread 0x000001d7200a0c60 nmethod 23359 0x000001d709953d90 code [0x000001d709953f40, 0x000001d7099540c0]
Event: 237.758 Thread 0x000001d7200a0c60 23360       3       java.math.BigInteger::toByteArray (78 bytes)
Event: 237.758 Thread 0x000001d7200a0c60 nmethod 23360 0x000001d709954190 code [0x000001d709954360, 0x000001d709954720]
Event: 237.758 Thread 0x000001d7200a0c60 23361       3       java.math.MutableBigInteger::divideMagnitude (1297 bytes)

GC Heap History (20 events):
Event: 108.990 GC heap before
{Heap before GC invocations=68 (full 0):
 garbage-first heap   total 321536K, used 295931K [0x0000000080000000, 0x0000000100000000)
  region size 1024K, 103 young (105472K), 6 survivors (6144K)
 Metaspace       used 140982K, committed 143296K, reserved 1179648K
  class space    used 19268K, committed 20416K, reserved 1048576K
}
Event: 109.001 GC heap after
{Heap after GC invocations=69 (full 0):
 garbage-first heap   total 321536K, used 205824K [0x0000000080000000, 0x0000000100000000)
  region size 1024K, 13 young (13312K), 13 survivors (13312K)
 Metaspace       used 140982K, committed 143296K, reserved 1179648K
  class space    used 19268K, committed 20416K, reserved 1048576K
}
Event: 114.312 GC heap before
{Heap before GC invocations=70 (full 0):
 garbage-first heap   total 353280K, used 288768K [0x0000000080000000, 0x0000000100000000)
  region size 1024K, 95 young (97280K), 13 survivors (13312K)
 Metaspace       used 148757K, committed 151040K, reserved 1179648K
  class space    used 20240K, committed 21376K, reserved 1048576K
}
Event: 114.337 GC heap after
{Heap after GC invocations=71 (full 0):
 garbage-first heap   total 353280K, used 213616K [0x0000000080000000, 0x0000000100000000)
  region size 1024K, 8 young (8192K), 8 survivors (8192K)
 Metaspace       used 148757K, committed 151040K, reserved 1179648K
  class space    used 20240K, committed 21376K, reserved 1048576K
}
Event: 162.766 GC heap before
{Heap before GC invocations=71 (full 0):
 garbage-first heap   total 353280K, used 325232K [0x0000000080000000, 0x0000000100000000)
  region size 1024K, 117 young (119808K), 8 survivors (8192K)
 Metaspace       used 150745K, committed 153216K, reserved 1245184K
  class space    used 20501K, committed 21760K, reserved 1048576K
}
Event: 162.891 GC heap after
{Heap after GC invocations=72 (full 0):
 garbage-first heap   total 353280K, used 220521K [0x0000000080000000, 0x0000000100000000)
  region size 1024K, 15 young (15360K), 15 survivors (15360K)
 Metaspace       used 150745K, committed 153216K, reserved 1245184K
  class space    used 20501K, committed 21760K, reserved 1048576K
}
Event: 168.098 GC heap before
{Heap before GC invocations=72 (full 0):
 garbage-first heap   total 353280K, used 318825K [0x0000000080000000, 0x0000000100000000)
  region size 1024K, 111 young (113664K), 15 survivors (15360K)
 Metaspace       used 153098K, committed 155520K, reserved 1245184K
  class space    used 20851K, committed 22080K, reserved 1048576K
}
Event: 168.169 GC heap after
{Heap after GC invocations=73 (full 0):
 garbage-first heap   total 353280K, used 233469K [0x0000000080000000, 0x0000000100000000)
  region size 1024K, 13 young (13312K), 13 survivors (13312K)
 Metaspace       used 153098K, committed 155520K, reserved 1245184K
  class space    used 20851K, committed 22080K, reserved 1048576K
}
Event: 170.993 GC heap before
{Heap before GC invocations=74 (full 0):
 garbage-first heap   total 418816K, used 316413K [0x0000000080000000, 0x0000000100000000)
  region size 1024K, 95 young (97280K), 13 survivors (13312K)
 Metaspace       used 153355K, committed 155840K, reserved 1245184K
  class space    used 20887K, committed 22144K, reserved 1048576K
}
Event: 171.020 GC heap after
{Heap after GC invocations=75 (full 0):
 garbage-first heap   total 418816K, used 238365K [0x0000000080000000, 0x0000000100000000)
  region size 1024K, 7 young (7168K), 7 survivors (7168K)
 Metaspace       used 153355K, committed 155840K, reserved 1245184K
  class space    used 20887K, committed 22144K, reserved 1048576K
}
Event: 174.158 GC heap before
{Heap before GC invocations=75 (full 0):
 garbage-first heap   total 418816K, used 374557K [0x0000000080000000, 0x0000000100000000)
  region size 1024K, 141 young (144384K), 7 survivors (7168K)
 Metaspace       used 153805K, committed 156224K, reserved 1245184K
  class space    used 20967K, committed 22208K, reserved 1048576K
}
Event: 174.179 GC heap after
{Heap after GC invocations=76 (full 0):
 garbage-first heap   total 418816K, used 238664K [0x0000000080000000, 0x0000000100000000)
  region size 1024K, 11 young (11264K), 11 survivors (11264K)
 Metaspace       used 153805K, committed 156224K, reserved 1245184K
  class space    used 20967K, committed 22208K, reserved 1048576K
}
Event: 181.223 GC heap before
{Heap before GC invocations=76 (full 0):
 garbage-first heap   total 418816K, used 384072K [0x0000000080000000, 0x0000000100000000)
  region size 1024K, 154 young (157696K), 11 survivors (11264K)
 Metaspace       used 155231K, committed 157696K, reserved 1245184K
  class space    used 21189K, committed 22464K, reserved 1048576K
}
Event: 181.247 GC heap after
{Heap after GC invocations=77 (full 0):
 garbage-first heap   total 418816K, used 242854K [0x0000000080000000, 0x0000000100000000)
  region size 1024K, 15 young (15360K), 15 survivors (15360K)
 Metaspace       used 155231K, committed 157696K, reserved 1245184K
  class space    used 21189K, committed 22464K, reserved 1048576K
}
Event: 230.213 GC heap before
{Heap before GC invocations=78 (full 0):
 garbage-first heap   total 418816K, used 380070K [0x0000000080000000, 0x0000000100000000)
  region size 1024K, 150 young (153600K), 15 survivors (15360K)
 Metaspace       used 162206K, committed 164736K, reserved 1245184K
  class space    used 22227K, committed 23488K, reserved 1048576K
}
Event: 230.400 GC heap after
{Heap after GC invocations=79 (full 0):
 garbage-first heap   total 418816K, used 247772K [0x0000000080000000, 0x0000000100000000)
  region size 1024K, 12 young (12288K), 12 survivors (12288K)
 Metaspace       used 162206K, committed 164736K, reserved 1245184K
  class space    used 22227K, committed 23488K, reserved 1048576K
}
Event: 234.155 GC heap before
{Heap before GC invocations=79 (full 0):
 garbage-first heap   total 418816K, used 382940K [0x0000000080000000, 0x0000000100000000)
  region size 1024K, 145 young (148480K), 12 survivors (12288K)
 Metaspace       used 172474K, committed 175040K, reserved 1245184K
  class space    used 23838K, committed 25152K, reserved 1048576K
}
Event: 234.310 GC heap after
{Heap after GC invocations=80 (full 0):
 garbage-first heap   total 418816K, used 236085K [0x0000000080000000, 0x0000000100000000)
  region size 1024K, 10 young (10240K), 10 survivors (10240K)
 Metaspace       used 172474K, committed 175040K, reserved 1245184K
  class space    used 23838K, committed 25152K, reserved 1048576K
}
Event: 237.126 GC heap before
{Heap before GC invocations=80 (full 0):
 garbage-first heap   total 418816K, used 254517K [0x0000000080000000, 0x0000000100000000)
  region size 1024K, 30 young (30720K), 10 survivors (10240K)
 Metaspace       used 174008K, committed 176640K, reserved 1245184K
  class space    used 24035K, committed 25344K, reserved 1048576K
}
Event: 237.151 GC heap after
{Heap after GC invocations=81 (full 0):
 garbage-first heap   total 418816K, used 237506K [0x0000000080000000, 0x0000000100000000)
  region size 1024K, 11 young (11264K), 11 survivors (11264K)
 Metaspace       used 174008K, committed 176640K, reserved 1245184K
  class space    used 24035K, committed 25344K, reserved 1048576K
}

Dll operation events (3 events):
Event: 0.062 Loaded shared library C:\Program Files\Android\Android Studio\jbr\bin\java.dll
Event: 0.090 Loaded shared library C:\Program Files\Android\Android Studio\jbr\bin\zip.dll
Event: 2.979 Loaded shared library C:\Program Files\Android\Android Studio\jbr\bin\verify.dll

Deoptimization events (20 events):
Event: 237.741 Thread 0x000001d7227710e0 DEOPT PACKING pc=0x000001d7085b016b sp=0x0000008a958fd530
Event: 237.741 Thread 0x000001d7227710e0 DEOPT UNPACKING pc=0x000001d70ec54e42 sp=0x0000008a958fc9c8 mode 0
Event: 237.746 Thread 0x000001d7227710e0 DEOPT PACKING pc=0x000001d7085b016b sp=0x0000008a958fd660
Event: 237.746 Thread 0x000001d7227710e0 DEOPT UNPACKING pc=0x000001d70ec54e42 sp=0x0000008a958fcaf8 mode 0
Event: 237.747 Thread 0x000001d7227710e0 DEOPT PACKING pc=0x000001d7085b016b sp=0x0000008a958fd660
Event: 237.747 Thread 0x000001d7227710e0 DEOPT UNPACKING pc=0x000001d70ec54e42 sp=0x0000008a958fcaf8 mode 0
Event: 237.748 Thread 0x000001d7227710e0 DEOPT PACKING pc=0x000001d7085b016b sp=0x0000008a958fd5e0
Event: 237.748 Thread 0x000001d7227710e0 DEOPT UNPACKING pc=0x000001d70ec54e42 sp=0x0000008a958fca98 mode 0
Event: 237.750 Thread 0x000001d7227710e0 DEOPT PACKING pc=0x000001d7085b016b sp=0x0000008a958fd660
Event: 237.750 Thread 0x000001d7227710e0 DEOPT UNPACKING pc=0x000001d70ec54e42 sp=0x0000008a958fcaf8 mode 0
Event: 237.752 Thread 0x000001d7227710e0 DEOPT PACKING pc=0x000001d7085b016b sp=0x0000008a958fd660
Event: 237.752 Thread 0x000001d7227710e0 DEOPT UNPACKING pc=0x000001d70ec54e42 sp=0x0000008a958fcaf8 mode 0
Event: 237.753 Thread 0x000001d7227710e0 DEOPT PACKING pc=0x000001d7085b016b sp=0x0000008a958fd640
Event: 237.753 Thread 0x000001d7227710e0 DEOPT UNPACKING pc=0x000001d70ec54e42 sp=0x0000008a958fcad8 mode 0
Event: 237.754 Thread 0x000001d7227710e0 DEOPT PACKING pc=0x000001d7085b016b sp=0x0000008a958fd660
Event: 237.754 Thread 0x000001d7227710e0 DEOPT UNPACKING pc=0x000001d70ec54e42 sp=0x0000008a958fcaf8 mode 0
Event: 237.755 Thread 0x000001d7227710e0 DEOPT PACKING pc=0x000001d7085b016b sp=0x0000008a958fd660
Event: 237.755 Thread 0x000001d7227710e0 DEOPT UNPACKING pc=0x000001d70ec54e42 sp=0x0000008a958fcaf8 mode 0
Event: 237.757 Thread 0x000001d7227710e0 DEOPT PACKING pc=0x000001d7085b016b sp=0x0000008a958fd660
Event: 237.757 Thread 0x000001d7227710e0 DEOPT UNPACKING pc=0x000001d70ec54e42 sp=0x0000008a958fcaf8 mode 0

Classes loaded (20 events):
Event: 235.595 Loading class java/util/stream/ReferencePipeline$15$1
Event: 235.597 Loading class java/util/stream/ReferencePipeline$15$1 done
Event: 236.407 Loading class java/security/cert/CertificateEncodingException
Event: 236.435 Loading class java/security/cert/CertificateEncodingException done
Event: 236.585 Loading class java/util/concurrent/ForkJoinTask$AdaptedInterruptibleCallable
Event: 236.593 Loading class java/util/concurrent/ForkJoinTask$InterruptibleTask
Event: 236.597 Loading class java/util/concurrent/ForkJoinTask$InterruptibleTask done
Event: 236.597 Loading class java/util/concurrent/ForkJoinTask$AdaptedInterruptibleCallable done
Event: 236.913 Loading class java/nio/BufferOverflowException
Event: 236.913 Loading class java/nio/BufferOverflowException done
Event: 236.968 Loading class java/security/DigestException
Event: 236.972 Loading class java/security/DigestException done
Event: 237.125 Loading class java/util/concurrent/ForkJoinTask$AdaptedInterruptibleRunnable
Event: 237.126 Loading class java/util/concurrent/ForkJoinTask$AdaptedInterruptibleRunnable done
Event: 237.153 Loading class java/util/concurrent/CountedCompleter
Event: 237.154 Loading class java/util/concurrent/CountedCompleter done
Event: 237.731 Loading class sun/security/rsa/RSACore$BlindingParameters
Event: 237.734 Loading class sun/security/rsa/RSACore$BlindingParameters done
Event: 237.741 Loading class sun/security/rsa/RSACore$BlindingRandomPair
Event: 237.743 Loading class sun/security/rsa/RSACore$BlindingRandomPair done

Classes unloaded (0 events):
No events

Classes redefined (0 events):
No events

Internal exceptions (20 events):
Event: 232.231 Thread 0x000001d722772490 Exception <a 'java/lang/IncompatibleClassChangeError'{0x000000009403e698}: Found class java.lang.Object, but interface was expected> (0x000000009403e698) 
thrown [s\src\hotspot\share\interpreter\linkResolver.cpp, line 851]
Event: 232.378 Thread 0x000001d72c600af0 Exception <a 'sun/nio/fs/WindowsException'{0x0000000093969f90}> (0x0000000093969f90) 
thrown [s\src\hotspot\share\prims\jni.cpp, line 535]
Event: 232.378 Thread 0x000001d724cb1190 Exception <a 'sun/nio/fs/WindowsException'{0x000000009391f2b8}> (0x000000009391f2b8) 
thrown [s\src\hotspot\share\prims\jni.cpp, line 535]
Event: 232.378 Thread 0x000001d72c601180 Exception <a 'sun/nio/fs/WindowsException'{0x0000000093948918}> (0x0000000093948918) 
thrown [s\src\hotspot\share\prims\jni.cpp, line 535]
Event: 232.378 Thread 0x000001d722772490 Exception <a 'sun/nio/fs/WindowsException'{0x0000000093afc0e0}> (0x0000000093afc0e0) 
thrown [s\src\hotspot\share\prims\jni.cpp, line 535]
Event: 232.402 Thread 0x000001d724cb1190 Exception <a 'sun/nio/fs/WindowsException'{0x0000000093847830}> (0x0000000093847830) 
thrown [s\src\hotspot\share\prims\jni.cpp, line 535]
Event: 232.405 Thread 0x000001d72c601180 Exception <a 'sun/nio/fs/WindowsException'{0x00000000939efb38}> (0x00000000939efb38) 
thrown [s\src\hotspot\share\prims\jni.cpp, line 535]
Event: 232.543 Thread 0x000001d72c4088c0 Exception <a 'java/lang/NoSuchMethodError'{0x0000000093445b30}: static Lkotlin/InitializedLazyImpl;.<clinit>()V> (0x0000000093445b30) 
thrown [s\src\hotspot\share\prims\jni.cpp, line 1126]
Event: 232.613 Thread 0x000001d722853b20 Exception <a 'sun/nio/fs/WindowsException'{0x0000000092f5cf98}> (0x0000000092f5cf98) 
thrown [s\src\hotspot\share\prims\jni.cpp, line 535]
Event: 233.082 Thread 0x000001d722855560 Exception <a 'java/lang/NoSuchMethodError'{0x00000000922acd60}: 'long java.lang.invoke.DirectMethodHandle$Holder.invokeStatic(java.lang.Object, java.lang.Object, java.lang.Object)'> (0x00000000922acd60) 
thrown [s\src\hotspot\share\interpreter\linkResolver.cpp, line 784]
Event: 233.440 Thread 0x000001d722855560 Exception <a 'sun/nio/fs/WindowsException'{0x0000000091977b68}> (0x0000000091977b68) 
thrown [s\src\hotspot\share\prims\jni.cpp, line 535]
Event: 234.843 Thread 0x000001d72c408230 Exception <a 'java/lang/NoSuchMethodError'{0x00000000ff5394c0}: static Lcom/android/build/api/variant/impl/SerializableApplicationMultiOutputHandler;.<clinit>()V> (0x00000000ff5394c0) 
thrown [s\src\hotspot\share\prims\jni.cpp, line 1126]
Event: 234.847 Thread 0x000001d72c408230 Exception <a 'java/lang/NoSuchMethodError'{0x00000000ff5548a0}: static Lcom/android/build/api/variant/impl/VariantOutputImpl$SerializedForm;.<clinit>()V> (0x00000000ff5548a0) 
thrown [s\src\hotspot\share\prims\jni.cpp, line 1126]
Event: 234.848 Thread 0x000001d72c408230 Exception <a 'java/lang/NoSuchMethodError'{0x00000000ff56b800}: static Lcom/android/build/api/variant/impl/VariantOutputConfigurationImpl;.<clinit>()V> (0x00000000ff56b800) 
thrown [s\src\hotspot\share\prims\jni.cpp, line 1126]
Event: 235.157 Thread 0x000001d7227710e0 Exception <a 'java/lang/NoSuchMethodError'{0x0000000098aae2d8}: 'java.lang.Object java.lang.invoke.DirectMethodHandle$Holder.newInvokeSpecial(java.lang.Object, java.lang.Object, java.lang.Object, java.lang.Object, java.lang.Object, int, java.lang.Object)'> (0x0000000098aae2d8) 
thrown [s\src\hotspot\share\interpreter\linkResolver.cpp, line 784]
Event: 235.160 Thread 0x000001d7227710e0 Exception <a 'java/lang/NoSuchMethodError'{0x0000000098ab6158}: 'java.lang.Object java.lang.invoke.Invokers$Holder.linkToTargetMethod(java.lang.Object, java.lang.Object, java.lang.Object, java.lang.Object, int, java.lang.Object, java.lang.Object)'> (0x0000000098ab6158) 
thrown [s\src\hotspot\share\interpreter\linkResolver.cpp, line 784]
Event: 235.203 Thread 0x000001d7227710e0 Exception <a 'java/lang/NoSuchMethodError'{0x000000009894c3c0}: 'java.lang.Object java.lang.invoke.DirectMethodHandle$Holder.newInvokeSpecial(java.lang.Object, java.lang.Object, java.lang.Object, java.lang.Object, java.lang.Object, java.lang.Object, java.lang.Object, int)'> (0x000000009894c3c0) 
thrown [s\src\hotspot\share\interpreter\linkResolver.cpp, line 784]
Event: 235.205 Thread 0x000001d7227710e0 Exception <a 'java/lang/NoSuchMethodError'{0x0000000098950dd0}: 'java.lang.Object java.lang.invoke.DirectMethodHandle$Holder.invokeSpecial(java.lang.Object, java.lang.Object, java.lang.Object, java.lang.Object, java.lang.Object, java.lang.Object, java.lang.Object, java.lang.Object, int)'> (0x0000000098950dd0) 
thrown [s\src\hotspot\share\interpreter\linkResolver.cpp, line 784]
Event: 235.205 Thread 0x000001d7227710e0 Exception <a 'java/lang/NoSuchMethodError'{0x0000000098955038}: 'java.lang.Object java.lang.invoke.Invokers$Holder.linkToTargetMethod(java.lang.Object, java.lang.Object, java.lang.Object, java.lang.Object, java.lang.Object, java.lang.Object, int, java.lang.Object)'> (0x0000000098955038) 
thrown [s\src\hotspot\share\interpreter\linkResolver.cpp, line 784]
Event: 237.182 Thread 0x000001d72c400450 Implicit null exception at 0x000001d70ff7ac25 to 0x000001d70ff7adac

ZGC Phase Switch (0 events):
No events

VM Operations (20 events):
Event: 233.071 Executing VM operation: HandshakeAllThreads (Deoptimize) done
Event: 233.074 Executing VM operation: HandshakeAllThreads (Deoptimize)
Event: 233.075 Executing VM operation: HandshakeAllThreads (Deoptimize) done
Event: 233.106 Executing VM operation: HandshakeAllThreads (Deoptimize)
Event: 233.106 Executing VM operation: HandshakeAllThreads (Deoptimize) done
Event: 233.503 Executing VM operation: ICBufferFull
Event: 233.503 Executing VM operation: ICBufferFull done
Event: 233.673 Executing VM operation: HandshakeAllThreads (Deoptimize)
Event: 233.674 Executing VM operation: HandshakeAllThreads (Deoptimize) done
Event: 234.155 Executing VM operation: G1CollectForAllocation (G1 Evacuation Pause)
Event: 234.310 Executing VM operation: G1CollectForAllocation (G1 Evacuation Pause) done
Event: 235.311 Executing VM operation: Cleanup
Event: 235.312 Executing VM operation: Cleanup done
Event: 235.479 Executing VM operation: HandshakeAllThreads (Deoptimize)
Event: 235.479 Executing VM operation: HandshakeAllThreads (Deoptimize) done
Event: 236.483 Executing VM operation: Cleanup
Event: 236.530 Executing VM operation: Cleanup done
Event: 237.126 Executing VM operation: G1TryInitiateConcMark (G1 Humongous Allocation)
Event: 237.151 Executing VM operation: G1TryInitiateConcMark (G1 Humongous Allocation) done
Event: 237.762 Executing VM operation: G1PauseRemark

Events (20 events):
Event: 237.866 Thread 0x000001d72000b980 flushing nmethod 0x000001d70f57ef90
Event: 237.866 Thread 0x000001d72000b980 flushing nmethod 0x000001d70f59e690
Event: 237.866 Thread 0x000001d72000b980 flushing nmethod 0x000001d70f557890
Event: 237.866 Thread 0x000001d72000b980 flushing nmethod 0x000001d70f5bdb10
Event: 237.866 Thread 0x000001d72000b980 flushing nmethod 0x000001d70f5c6c90
Event: 237.866 Thread 0x000001d72000b980 flushing nmethod 0x000001d70f55ef90
Event: 237.866 Thread 0x000001d72000b980 flushing nmethod 0x000001d70f59ac10
Event: 237.866 Thread 0x000001d72000b980 flushing nmethod 0x000001d70f5a6190
Event: 237.866 Thread 0x000001d72000b980 flushing nmethod 0x000001d70f555e10
Event: 237.867 Thread 0x000001d72000b980 flushing nmethod 0x000001d70f594110
Event: 237.867 Thread 0x000001d72000b980 flushing nmethod 0x000001d70f58a510
Event: 237.867 Thread 0x000001d72000b980 flushing nmethod 0x000001d70f51e610
Event: 237.867 Thread 0x000001d72000b980 flushing nmethod 0x000001d70f545890
Event: 237.867 Thread 0x000001d72000b980 flushing nmethod 0x000001d70f53bb90
Event: 237.867 Thread 0x000001d72000b980 flushing nmethod 0x000001d70f521310
Event: 237.867 Thread 0x000001d72000b980 flushing nmethod 0x000001d70f283810
Event: 237.867 Thread 0x000001d72000b980 flushing nmethod 0x000001d70f3d2910
Event: 237.867 Thread 0x000001d72000b980 flushing nmethod 0x000001d70f4cea90
Event: 237.867 Thread 0x000001d72000b980 flushing nmethod 0x000001d70f3ad610
Event: 237.867 Thread 0x000001d72000b980 flushing nmethod 0x000001d70f237590


Dynamic libraries:
0x00007ff742e60000 - 0x00007ff742e6a000 	C:\Program Files\Android\Android Studio\jbr\bin\java.exe
0x00007ffa0a1c0000 - 0x00007ffa0a428000 	C:\WINDOWS\SYSTEM32\ntdll.dll
0x00007ffa08a40000 - 0x00007ffa08b09000 	C:\WINDOWS\System32\KERNEL32.DLL
0x00007ffa06b30000 - 0x00007ffa06f21000 	C:\WINDOWS\System32\KERNELBASE.dll
0x0000000058bf0000 - 0x0000000058c96000 	C:\WINDOWS\System32\SYSFER.DLL
0x00007ffa07b40000 - 0x00007ffa07c8b000 	C:\WINDOWS\System32\ucrtbase.dll
0x00007ff9ee510000 - 0x00007ff9ee52b000 	C:\Program Files\Android\Android Studio\jbr\bin\VCRUNTIME140.dll
0x00007ff9dd5c0000 - 0x00007ff9dd5d8000 	C:\Program Files\Android\Android Studio\jbr\bin\jli.dll
0x00007ffa08550000 - 0x00007ffa08716000 	C:\WINDOWS\System32\USER32.dll
0x00007ffa07f30000 - 0x00007ffa07f57000 	C:\WINDOWS\System32\win32u.dll
0x00007ffa08720000 - 0x00007ffa0874b000 	C:\WINDOWS\System32\GDI32.dll
0x00007ffa07c90000 - 0x00007ffa07dbb000 	C:\WINDOWS\System32\gdi32full.dll
0x00007ffa07220000 - 0x00007ffa072c3000 	C:\WINDOWS\System32\msvcp_win.dll
0x00007ff9f0e00000 - 0x00007ff9f1093000 	C:\WINDOWS\WinSxS\amd64_microsoft.windows.common-controls_6595b64144ccf1df_6.0.26100.7824_none_3e0870b2e3345462\COMCTL32.dll
0x00007ffa08c30000 - 0x00007ffa08cd9000 	C:\WINDOWS\System32\msvcrt.dll
0x00007ffa08750000 - 0x00007ffa08781000 	C:\WINDOWS\System32\IMM32.DLL
0x00007ff9f8540000 - 0x00007ff9f854c000 	C:\Program Files\Android\Android Studio\jbr\bin\vcruntime140_1.dll
0x00007ff995830000 - 0x00007ff9958bd000 	C:\Program Files\Android\Android Studio\jbr\bin\msvcp140.dll
0x00007ff939440000 - 0x00007ff93a0bd000 	C:\Program Files\Android\Android Studio\jbr\bin\server\jvm.dll
0x00007ffa09160000 - 0x00007ffa09214000 	C:\WINDOWS\System32\ADVAPI32.dll
0x00007ffa09a90000 - 0x00007ffa09b36000 	C:\WINDOWS\System32\sechost.dll
0x00007ffa07fe0000 - 0x00007ffa080f8000 	C:\WINDOWS\System32\RPCRT4.dll
0x00007ffa09220000 - 0x00007ffa09294000 	C:\WINDOWS\System32\WS2_32.dll
0x00007ffa06900000 - 0x00007ffa0695e000 	C:\WINDOWS\SYSTEM32\POWRPROF.dll
0x00007ff9f14f0000 - 0x00007ff9f1525000 	C:\WINDOWS\SYSTEM32\WINMM.dll
0x00007ff9f9ea0000 - 0x00007ff9f9eab000 	C:\WINDOWS\SYSTEM32\VERSION.dll
0x00007ffa068e0000 - 0x00007ffa068f4000 	C:\WINDOWS\SYSTEM32\UMPDC.dll
0x00007ffa05840000 - 0x00007ffa0585b000 	C:\WINDOWS\SYSTEM32\kernel.appcore.dll
0x00007ff9f7700000 - 0x00007ff9f770a000 	C:\Program Files\Android\Android Studio\jbr\bin\jimage.dll
0x00007ffa049b0000 - 0x00007ffa04bf2000 	C:\WINDOWS\SYSTEM32\DBGHELP.DLL
0x00007ffa08dd0000 - 0x00007ffa09156000 	C:\WINDOWS\System32\combase.dll
0x00007ffa08ce0000 - 0x00007ffa08db7000 	C:\WINDOWS\System32\OLEAUT32.dll
0x00007ff9dfb80000 - 0x00007ff9dfbbb000 	C:\WINDOWS\SYSTEM32\dbgcore.DLL
0x00007ffa07170000 - 0x00007ffa07215000 	C:\WINDOWS\System32\bcryptPrimitives.dll
0x00007ff9eaa50000 - 0x00007ff9eaa5e000 	C:\Program Files\Android\Android Studio\jbr\bin\instrument.dll
0x00007ff9ee4a0000 - 0x00007ff9ee4bf000 	C:\Program Files\Android\Android Studio\jbr\bin\java.dll
0x00007ff9ebef0000 - 0x00007ff9ebf08000 	C:\Program Files\Android\Android Studio\jbr\bin\zip.dll
0x00007ffa092a0000 - 0x00007ffa099f2000 	C:\WINDOWS\System32\SHELL32.dll
0x00007ffa07dc0000 - 0x00007ffa07f2a000 	C:\WINDOWS\System32\wintypes.dll
0x00007ffa072d0000 - 0x00007ffa07b33000 	C:\WINDOWS\System32\windows.storage.dll
0x00007ffa08b10000 - 0x00007ffa08c06000 	C:\WINDOWS\System32\SHCORE.dll
0x00007ffa084d0000 - 0x00007ffa08537000 	C:\WINDOWS\System32\shlwapi.dll
0x00007ffa069c0000 - 0x00007ffa069e9000 	C:\WINDOWS\SYSTEM32\profapi.dll
0x00007ff9f7360000 - 0x00007ff9f7370000 	C:\Program Files\Android\Android Studio\jbr\bin\net.dll
0x00007ff9f9700000 - 0x00007ff9f9827000 	C:\WINDOWS\SYSTEM32\WINHTTP.dll
0x00007ffa05db0000 - 0x00007ffa05e1b000 	C:\WINDOWS\system32\mswsock.dll
0x00007ff9dd0e0000 - 0x00007ff9dd0f6000 	C:\Program Files\Android\Android Studio\jbr\bin\nio.dll
0x00007ff9f8b90000 - 0x00007ff9f8ba0000 	C:\Program Files\Android\Android Studio\jbr\bin\verify.dll
0x00007ff9cdff0000 - 0x00007ff9ce017000 	C:\Users\MCC2104001_003\.gradle\native\c067742578af261105cb4f569cf0c3c89f3d7b1fecec35dd04571415982c5e48\windows-amd64\native-platform.dll
0x00007ff9a5ed0000 - 0x00007ff9a6014000 	C:\Users\MCC2104001_003\.gradle\native\100fb08df4bc3b14c8652ba06237920a3bd2aa13389f12d3474272988ae205f9\windows-amd64\native-platform-file-events.dll
0x00007ff9eedf0000 - 0x00007ff9eedf9000 	C:\Program Files\Android\Android Studio\jbr\bin\management.dll
0x00007ff9ed3c0000 - 0x00007ff9ed3cb000 	C:\Program Files\Android\Android Studio\jbr\bin\management_ext.dll
0x00007ffa08540000 - 0x00007ffa08548000 	C:\WINDOWS\System32\PSAPI.DLL
0x00007ffa06080000 - 0x00007ffa0609b000 	C:\WINDOWS\SYSTEM32\CRYPTSP.dll
0x00007ffa057a0000 - 0x00007ffa057d9000 	C:\WINDOWS\system32\rsaenh.dll
0x00007ffa05e60000 - 0x00007ffa05e8b000 	C:\WINDOWS\SYSTEM32\USERENV.dll
0x00007ffa06990000 - 0x00007ffa069ba000 	C:\WINDOWS\SYSTEM32\bcrypt.dll
0x00007ffa060a0000 - 0x00007ffa060ac000 	C:\WINDOWS\SYSTEM32\CRYPTBASE.dll
0x00007ffa052b0000 - 0x00007ffa052e4000 	C:\WINDOWS\SYSTEM32\IPHLPAPI.DLL
0x00007ffa0a170000 - 0x00007ffa0a17a000 	C:\WINDOWS\System32\NSI.dll
0x00007ff9f3a00000 - 0x00007ff9f3a09000 	C:\Program Files\Android\Android Studio\jbr\bin\extnet.dll
0x00007ffa00ab0000 - 0x00007ffa00ab8000 	C:\WINDOWS\system32\wshunix.dll
0x00007ff9f1590000 - 0x00007ff9f15a8000 	C:\WINDOWS\system32\napinsp.dll
0x00007ffa05350000 - 0x00007ffa0547c000 	C:\WINDOWS\SYSTEM32\DNSAPI.dll
0x00007ff9f13d0000 - 0x00007ff9f13e2000 	C:\WINDOWS\System32\winrnr.dll
0x00007ff9f10e0000 - 0x00007ff9f1102000 	C:\WINDOWS\system32\nlansp_c.dll
0x00007ff9f9eb0000 - 0x00007ff9f9ec6000 	C:\WINDOWS\system32\wshbth.dll
0x00007ff9f9a00000 - 0x00007ff9f9a0b000 	C:\Windows\System32\rasadhlp.dll
0x00007ffa003e0000 - 0x00007ffa00466000 	C:\WINDOWS\System32\fwpuclnt.dll
0x00007ff9de980000 - 0x00007ff9de99e000 	C:\Users\MCC2104001_003\AppData\Local\Temp\native-platform12867709120450835092dir\native-platform.dll
0x00007ffa03c70000 - 0x00007ffa03c77000 	C:\Program Files\Android\Android Studio\jbr\bin\rmi.dll

dbghelp: loaded successfully - version: 4.0.5 - missing functions: none
symbol engine: initialized successfully - sym options: 0x614 - pdb path: .;C:\Program Files\Android\Android Studio\jbr\bin;C:\WINDOWS\SYSTEM32;C:\WINDOWS\WinSxS\amd64_microsoft.windows.common-controls_6595b64144ccf1df_6.0.26100.7824_none_3e0870b2e3345462;C:\Program Files\Android\Android Studio\jbr\bin\server;C:\Users\MCC2104001_003\.gradle\native\c067742578af261105cb4f569cf0c3c89f3d7b1fecec35dd04571415982c5e48\windows-amd64;C:\Users\MCC2104001_003\.gradle\native\100fb08df4bc3b14c8652ba06237920a3bd2aa13389f12d3474272988ae205f9\windows-amd64;C:\Users\MCC2104001_003\AppData\Local\Temp\native-platform12867709120450835092dir

VM Arguments:
jvm_args: --add-opens=java.base/java.util=ALL-UNNAMED --add-opens=java.base/java.lang=ALL-UNNAMED --add-opens=java.base/java.lang.invoke=ALL-UNNAMED --add-opens=java.prefs/java.util.prefs=ALL-UNNAMED --add-exports=jdk.compiler/com.sun.tools.javac.api=ALL-UNNAMED --add-exports=jdk.compiler/com.sun.tools.javac.util=ALL-UNNAMED --add-opens=java.base/java.nio.charset=ALL-UNNAMED --add-opens=java.base/java.net=ALL-UNNAMED --add-opens=java.base/java.util.concurrent.atomic=ALL-UNNAMED -Xmx2048m -Dfile.encoding=UTF-8 -Duser.country=US -Duser.language=en -Duser.variant -javaagent:C:\Users\MCC2104001_003\.gradle\wrapper\dists\gradle-8.9-bin\90cnw93cvbtalezasaz0blq0a\gradle-8.9\lib\agents\gradle-instrumentation-agent-8.9.jar 
java_command: org.gradle.launcher.daemon.bootstrap.GradleDaemon 8.9
java_class_path (initial): C:\Users\MCC2104001_003\.gradle\wrapper\dists\gradle-8.9-bin\90cnw93cvbtalezasaz0blq0a\gradle-8.9\lib\gradle-daemon-main-8.9.jar
Launcher Type: SUN_STANDARD

[Global flags]
     intx CICompilerCount                          = 4                                         {product} {ergonomic}
     uint ConcGCThreads                            = 2                                         {product} {ergonomic}
     uint G1ConcRefinementThreads                  = 8                                         {product} {ergonomic}
   size_t G1HeapRegionSize                         = 1048576                                   {product} {ergonomic}
    uintx GCDrainStackTargetSize                   = 64                                        {product} {ergonomic}
   size_t InitialHeapSize                          = 132120576                                 {product} {ergonomic}
   size_t MarkStackSize                            = 4194304                                   {product} {ergonomic}
   size_t MaxHeapSize                              = 2147483648                                {product} {command line}
   size_t MaxNewSize                               = 1287651328                                {product} {ergonomic}
   size_t MinHeapDeltaBytes                        = 1048576                                   {product} {ergonomic}
   size_t MinHeapSize                              = 8388608                                   {product} {ergonomic}
    uintx NonNMethodCodeHeapSize                   = 5839372                                {pd product} {ergonomic}
    uintx NonProfiledCodeHeapSize                  = 122909434                              {pd product} {ergonomic}
    uintx ProfiledCodeHeapSize                     = 122909434                              {pd product} {ergonomic}
    uintx ReservedCodeCacheSize                    = 251658240                              {pd product} {ergonomic}
     bool SegmentedCodeCache                       = true                                      {product} {ergonomic}
   size_t SoftMaxHeapSize                          = 2147483648                             {manageable} {ergonomic}
     bool UseCompressedOops                        = true                           {product lp64_product} {ergonomic}
     bool UseG1GC                                  = true                                      {product} {ergonomic}
     bool UseLargePagesIndividualAllocation        = false                                  {pd product} {ergonomic}

Logging:
Log output configuration:
 #0: stdout all=warning uptime,level,tags foldmultilines=false
 #1: stderr all=off uptime,level,tags foldmultilines=false

Environment Variables:
PATH=C:\WINDOWS\system32;C:\WINDOWS;C:\WINDOWS\System32\Wbem;C:\WINDOWS\System32\WindowsPowerShell\v1.0\;C:\WINDOWS\System32\OpenSSH\;C:\Program Files\dotnet\;C:\xampp\php;C:\composer;C:\Program Files\nodejs\;C:\Users\MCC2104001_003\AppData\Local\Programs\Python\Python313;C:\Users\MCC2104001_003\AppData\Local\Programs\Python\Python313\Scripts;C:\Users\MCC2104001_003\AppData\Local\Programs\Microsoft VS Code\bin;C:\Users\MCC2104001_003\AppData\Local\GitHubDesktop\bin;C:\Users\MCC2104001_003\AppData\Local\Programs\Antigravity\bin
USERNAME=MCC2104001_003
OS=Windows_NT
PROCESSOR_IDENTIFIER=Intel64 Family 6 Model 142 Stepping 12, GenuineIntel
TMP=C:\Users\MCC210~1\AppData\Local\Temp
TEMP=C:\Users\MCC210~1\AppData\Local\Temp




Periodic native trim disabled

JNI global refs:
JNI global refs: 28, weak refs: 0

JNI global refs memory usage: 835, weak refs: 833

Process memory usage:
Resident Set Size: 511620K (6% of 8143556K total physical memory with 261812K free physical memory)

OOME stack traces (most recent first):
Classloader memory used:
Loader org.gradle.internal.classloader.VisitableURLClassLoader$InstrumentingVisitableURLClassLoader: 56750K
Loader org.gradle.internal.classloader.VisitableURLClassLoader                         : 54602K
Loader bootstrap                                                                       : 35414K
Loader org.gradle.initialization.MixInLegacyTypesClassLoader                           : 16202K
Loader org.gradle.internal.classloader.VisitableURLClassLoader                         : 8859K
Loader jdk.internal.reflect.DelegatingClassLoader                                      : 1184K
Loader jdk.internal.loader.ClassLoaders$PlatformClassLoader                            : 796K
Loader jdk.internal.loader.ClassLoaders$AppClassLoader                                 : 230K
Loader org.gradle.groovy.scripts.internal.DefaultScriptCompilationHandler$ScriptClassLoader: 88488B
Loader org.codehaus.groovy.runtime.callsite.CallSiteClassLoader                        : 55840B
Loader sun.reflect.misc.MethodUtil                                                     : 2960B

Classes loaded by more than one classloader:
Class Program                                                                         : loaded 5 times (x 69B)
Class com.google.common.collect.Iterators$MergingIterator                             : loaded 3 times (x 78B)
Class com.google.common.collect.ImmutableList$SubList                                 : loaded 3 times (x 205B)
Class com.google.common.collect.RegularImmutableMap$KeySet                            : loaded 3 times (x 147B)
Class com.google.common.collect.ForwardingObject                                      : loaded 3 times (x 69B)
Class com.google.common.collect.ImmutableSet$SetBuilderImpl                           : loaded 3 times (x 73B)
Class com.google.common.collect.ImmutableList                                         : loaded 3 times (x 203B)
Class Build_gradle                                                                    : loaded 3 times (x 127B)
Class com.google.common.base.CharMatcher$InRange                                      : loaded 3 times (x 108B)
Class com.google.common.collect.ImmutableSet$Builder                                  : loaded 3 times (x 82B)
Class com.google.common.collect.ImmutableMapEntrySet$RegularEntrySet                  : loaded 3 times (x 148B)
Class com.google.common.collect.RangeSet                                              : loaded 3 times (x 67B)
Class com.google.common.base.CharMatcher$NamedFastMatcher                             : loaded 3 times (x 109B)
Class com.google.common.base.CharMatcher$1                                            : loaded 3 times (x 110B)
Class com.google.common.base.Joiner$2                                                 : loaded 3 times (x 76B)
Class com.google.common.base.CharMatcher$IsEither                                     : loaded 3 times (x 108B)
Class com.google.common.collect.RangeGwtSerializationDependencies                     : loaded 3 times (x 68B)
Class com.google.common.base.CharMatcher                                              : loaded 3 times (x 108B)
Class com.google.common.collect.PeekingIterator                                       : loaded 3 times (x 67B)
Class com.google.common.base.Joiner$1                                                 : loaded 3 times (x 77B)
Class com.google.common.base.Preconditions                                            : loaded 3 times (x 68B)
Class com.google.common.base.CharMatcher$Is                                           : loaded 3 times (x 108B)
Class com.google.common.base.CharMatcher$Negated                                      : loaded 3 times (x 110B)
Class com.google.common.collect.RegularImmutableMap$BucketOverflowException           : loaded 3 times (x 79B)
Class com.google.common.collect.ImmutableSet$RegularSetBuilderImpl                    : loaded 3 times (x 74B)
Class com.google.common.collect.ImmutableRangeSet$ComplementRanges                    : loaded 3 times (x 204B)
Class org.gradle.internal.IoActions                                                   : loaded 3 times (x 68B)
Class org.gradle.api.GradleException                                                  : loaded 3 times (x 79B)
Class com.google.common.collect.ImmutableEntry                                        : loaded 3 times (x 79B)
Class com.google.common.collect.ImmutableList$1                                       : loaded 3 times (x 94B)
Class [Lcom.google.common.collect.AbstractMapEntry;                                   : loaded 3 times (x 66B)
Class com.google.common.base.CharMatcher$NegatedFastMatcher                           : loaded 3 times (x 110B)
Class com.google.common.collect.AbstractRangeSet                                      : loaded 3 times (x 111B)
Class com.google.common.base.Predicate                                                : loaded 3 times (x 67B)
Class com.google.common.collect.ImmutableMap                                          : loaded 3 times (x 117B)
Class com.google.common.base.CharMatcher$FastMatcher                                  : loaded 3 times (x 108B)
Class org.gradle.internal.Cast                                                        : loaded 3 times (x 68B)
Class org.gradle.api.Action                                                           : loaded 3 times (x 67B)
Class com.google.common.collect.ImmutableList$SerializedForm                          : loaded 3 times (x 70B)
Class com.google.common.collect.RegularImmutableMap                                   : loaded 3 times (x 118B)
Class com.google.common.collect.ImmutableMap$MapViewOfValuesAsSingletonSets           : loaded 3 times (x 122B)
Class com.google.common.base.CharMatcher$Or                                           : loaded 3 times (x 109B)
Class com.google.common.base.CharMatcher$BitSetMatcher                                : loaded 3 times (x 109B)
Class com.google.common.collect.RegularImmutableMap$Values                            : loaded 3 times (x 204B)
Class com.google.common.collect.ImmutableSet                                          : loaded 3 times (x 142B)
Class com.google.common.collect.ImmutableRangeSet$Builder                             : loaded 3 times (x 74B)
Class Build_gradle$1                                                                  : loaded 3 times (x 71B)
Class [Lcom.google.common.collect.ImmutableEntry;                                     : loaded 3 times (x 66B)
Class com.google.common.collect.RegularImmutableList                                  : loaded 3 times (x 209B)
Class com.google.common.base.Function                                                 : loaded 3 times (x 67B)
Class com.google.common.collect.ImmutableMapEntry$NonTerminalImmutableMapEntry        : loaded 3 times (x 82B)
Class com.google.common.collect.ImmutableMultimap                                     : loaded 3 times (x 144B)
Class com.google.common.collect.UnmodifiableListIterator                              : loaded 3 times (x 92B)
Class com.google.common.collect.ImmutableMapEntry                                     : loaded 3 times (x 82B)
Class com.google.common.collect.RegularImmutableSortedSet                             : loaded 3 times (x 296B)
Class com.google.common.base.CharMatcher$IsNot                                        : loaded 3 times (x 108B)
Class com.google.common.collect.ImmutableSortedSet                                    : loaded 3 times (x 296B)
Class com.google.common.collect.ImmutableAsList                                       : loaded 3 times (x 206B)
Class com.google.common.collect.Iterators$9                                           : loaded 3 times (x 78B)
Class com.google.common.collect.Lists                                                 : loaded 3 times (x 68B)
Class com.google.common.collect.ImmutableSet$CachingAsList                            : loaded 3 times (x 144B)
Class com.google.common.base.CharMatcher$AnyOf                                        : loaded 3 times (x 109B)
Class com.google.common.collect.ImmutableCollection                                   : loaded 3 times (x 122B)
Class com.google.common.base.CharMatcher$ForPredicate                                 : loaded 3 times (x 109B)
Class com.google.common.collect.Iterators$5                                           : loaded 3 times (x 79B)
Class com.google.common.collect.ImmutableBiMap                                        : loaded 3 times (x 140B)
Class com.google.common.collect.Iterators$4                                           : loaded 3 times (x 79B)
Class com.google.common.collect.SortedIterable                                        : loaded 3 times (x 67B)
Class com.google.common.collect.ImmutableMap$IteratorBasedImmutableMap                : loaded 3 times (x 122B)
Class com.google.common.collect.SingletonImmutableSet                                 : loaded 3 times (x 143B)
Class com.google.common.collect.Iterators$1                                           : loaded 3 times (x 78B)
Class com.google.common.collect.ImmutableList$ReverseImmutableList                    : loaded 3 times (x 205B)
Class org.gradle.api.UncheckedIOException                                             : loaded 3 times (x 79B)
Class com.google.common.collect.SingletonImmutableList                                : loaded 3 times (x 204B)
Class com.google.common.collect.Iterables                                             : loaded 3 times (x 68B)
Class com.google.common.collect.Multimap                                              : loaded 3 times (x 67B)
Class com.google.common.collect.ImmutableMap$Builder                                  : loaded 3 times (x 79B)
Class com.google.common.collect.ImmutableMapEntrySet                                  : loaded 3 times (x 148B)
Class [Lcom.google.common.collect.ImmutableMapEntry;                                  : loaded 3 times (x 66B)
Class com.google.common.collect.AbstractIndexedListIterator                           : loaded 3 times (x 93B)
Class com.google.common.collect.ObjectArrays                                          : loaded 3 times (x 68B)
Class com.google.common.collect.AbstractIterator                                      : loaded 3 times (x 79B)
Class com.google.common.collect.BiMap                                                 : loaded 3 times (x 67B)
Class com.google.common.collect.ImmutableMap$1                                        : loaded 3 times (x 78B)
Class com.google.common.collect.IndexedImmutableSet                                   : loaded 3 times (x 147B)
Class com.google.common.base.CharMatcher$And                                          : loaded 3 times (x 109B)
Class com.google.common.collect.Lists$StringAsImmutableList                           : loaded 3 times (x 204B)
Class com.google.common.collect.ImmutableRangeSet                                     : loaded 3 times (x 112B)
Class com.google.common.collect.Iterators                                             : loaded 3 times (x 68B)
Class com.google.common.collect.Range                                                 : loaded 3 times (x 84B)
Class com.google.common.collect.RegularImmutableAsList                                : loaded 3 times (x 213B)
Class com.google.common.collect.ImmutableRangeSet$1                                   : loaded 3 times (x 206B)
Class com.google.common.collect.AbstractMultimap                                      : loaded 3 times (x 120B)
Class com.google.common.collect.ImmutableList$Builder                                 : loaded 3 times (x 74B)
Class com.google.common.collect.AbstractMapEntry                                      : loaded 3 times (x 78B)
Class com.google.common.collect.UnmodifiableIterator                                  : loaded 3 times (x 77B)
Class com.google.common.collect.ImmutableSet$SerializedForm                           : loaded 3 times (x 70B)
Class com.google.common.collect.Platform                                              : loaded 3 times (x 68B)
Class com.google.common.base.Joiner                                                   : loaded 3 times (x 76B)
Class com.google.common.collect.BaseImmutableMultimap                                 : loaded 3 times (x 120B)
Class com.google.common.collect.ImmutableCollection$Builder                           : loaded 3 times (x 73B)
Class com.google.common.collect.Iterators$ArrayItr                                    : loaded 3 times (x 94B)
Class com.google.common.collect.ImmutableRangeSet$AsSet                               : loaded 3 times (x 296B)
Class com.google.common.collect.RegularImmutableSet                                   : loaded 3 times (x 145B)
Class org.jetbrains.kotlin.idea.gradleTooling.model.allopen.AllOpenModel              : loaded 2 times (x 67B)
Class sync_studio_tooling_61lm2797jyq8rhao2cohxhy4u                                   : loaded 2 times (x 176B)
Class kotlin.jvm.internal.ArrayIteratorKt                                             : loaded 2 times (x 68B)
Class com.google.common.collect.ComparatorOrdering                                    : loaded 2 times (x 112B)
Class org.gradle.api.internal.DefaultClassPathProvider                                : loaded 2 times (x 73B)
Class com.google.common.collect.Maps$ViewCachingAbstractMap                           : loaded 2 times (x 122B)
Class [Lcom.google.common.base.Function;                                              : loaded 2 times (x 66B)
Class com.android.builder.model.v2.models.BasicAndroidProject                         : loaded 2 times (x 67B)
Class com.google.common.collect.Sets$2                                                : loaded 2 times (x 136B)
Class com.amazon.ion.impl.SharedSymbolTable                                           : loaded 2 times (x 90B)
Class com.amazon.ion.impl.bin.IonRawBinaryWriter                                      : loaded 2 times (x 166B)
Class com.amazon.ion.SymbolToken                                                      : loaded 2 times (x 67B)
Class kotlin.text.StringsKt__StringNumberConversionsJVMKt                             : loaded 2 times (x 68B)
Class com.google.common.collect.NaturalOrdering                                       : loaded 2 times (x 112B)
Class kotlin.text.MatchResult                                                         : loaded 2 times (x 67B)
Class kotlin.sequences.SequenceScope                                                  : loaded 2 times (x 70B)
Class kotlin.sequences.Sequence                                                       : loaded 2 times (x 67B)
Class org.gradle.tooling.ToolingModelContract                                         : loaded 2 times (x 67B)
Class [Lorg.gradle.api.internal.ClassPathProvider;                                    : loaded 2 times (x 66B)
Class org.gradle.api.internal.ClassPathProvider                                       : loaded 2 times (x 67B)
Class [Lorg.objectweb.asm.AnnotationVisitor;                                          : loaded 2 times (x 66B)
Class com.google.common.collect.Sets$3                                                : loaded 2 times (x 136B)
Class com.google.common.util.concurrent.AbstractFuture$SafeAtomicHelper               : loaded 2 times (x 76B)
Class com.google.common.cache.LocalCache$LocalLoadingCache                            : loaded 2 times (x 131B)
Class com.google.common.base.AbstractIterator$State                                   : loaded 2 times (x 76B)
Class com.amazon.ion.impl.lite.IonBoolLite                                            : loaded 2 times (x 175B)
Class org.gradle.internal.impldep.gnu.trove.TObjectHash$NULL                          : loaded 2 times (x 68B)
Class kotlin.collections.CollectionsKt___CollectionsKt$asSequence$$inlined$Sequence$1 : loaded 2 times (x 72B)
Class org.gradle.internal.service.UnknownServiceException                             : loaded 2 times (x 80B)
Class com.google.common.io.ByteArrayDataInput                                         : loaded 2 times (x 67B)
Class com.google.common.collect.Sets$4                                                : loaded 2 times (x 136B)
Class org.objectweb.asm.ModuleVisitor                                                 : loaded 2 times (x 78B)
Class com.google.common.cache.LocalCache$Strength$1                                   : loaded 2 times (x 78B)
Class org.gradle.internal.impldep.gnu.trove.PrimeFinder                               : loaded 2 times (x 68B)
Class org.jetbrains.kotlin.idea.gradleTooling.model.kapt.KaptGradleModel              : loaded 2 times (x 67B)
Class org.jetbrains.kotlin.idea.gradleTooling.KotlinDslScriptAdditionalTask           : loaded 2 times (x 67B)
Class org.jetbrains.plugins.gradle.model.ClasspathEntryModel                          : loaded 2 times (x 67B)
Class com.google.common.collect.Collections2$FilteredCollection                       : loaded 2 times (x 116B)
Class net.rubygrapefruit.platform.internal.Platform$MacOs64Bit                        : loaded 2 times (x 79B)
Class com.google.common.util.concurrent.SettableFuture                                : loaded 2 times (x 111B)
Class com.google.common.cache.LocalCache$Strength$2                                   : loaded 2 times (x 78B)
Class com.amazon.ion.IonTimestamp                                                     : loaded 2 times (x 67B)
Class com.amazon.ion.impl.bin.PooledBlockAllocatorProvider$PooledBlockAllocator       : loaded 2 times (x 78B)
Class org.jetbrains.plugins.gradle.tooling.serialization.GradleExtensionsSerializationService: loaded 2 times (x 74B)
Class com.android.ide.gradle.model.AdditionalClassifierArtifactsModelParameter        : loaded 2 times (x 67B)
Class org.gradle.api.JavaVersion                                                      : loaded 2 times (x 76B)
Class org.gradle.tooling.model.Dependency                                             : loaded 2 times (x 67B)
Class com.google.common.collect.TransformedIterator                                   : loaded 2 times (x 77B)
Class [Lcom.google.common.collect.Maps$EntryFunction;                                 : loaded 2 times (x 66B)
Class net.rubygrapefruit.platform.internal.Platform$Posix                             : loaded 2 times (x 78B)
Class com.google.common.io.ByteStreams                                                : loaded 2 times (x 68B)
Class com.android.builder.model.v2.ide.AbstractArtifact                               : loaded 2 times (x 67B)
Class com.google.common.cache.LocalCache$Strength$3                                   : loaded 2 times (x 78B)
Class com.google.common.collect.MapDifference                                         : loaded 2 times (x 67B)
Class com.google.common.base.Splitter$1                                               : loaded 2 times (x 74B)
Class com.amazon.ion.IonDatagram                                                      : loaded 2 times (x 67B)
Class com.amazon.ion.impl._Private_RecyclingStack$ElementFactory                      : loaded 2 times (x 67B)
Class com.amazon.ion.impl.bin.IonManagedBinaryWriter$ImportedSymbolResolverMode$1$1   : loaded 2 times (x 75B)
Class com.amazon.ion.impl._Private_ByteTransferSink                                   : loaded 2 times (x 67B)
Class com.intellij.openapi.externalSystem.model.project.dependencies.ResolutionState  : loaded 2 times (x 76B)
Class kotlin.text.StringsKt__RegexExtensionsJVMKt                                     : loaded 2 times (x 68B)
Class com.google.common.collect.AllEqualOrdering                                      : loaded 2 times (x 111B)
Class kotlin.collections.ArraysKt___ArraysJvmKt                                       : loaded 2 times (x 68B)
Class kotlin.collections.CollectionsKt__CollectionsKt                                 : loaded 2 times (x 68B)
Class org.objectweb.asm.FieldWriter                                                   : loaded 2 times (x 75B)
Class com.google.common.cache.CacheBuilder$NullListener                               : loaded 2 times (x 79B)
Class org.jetbrains.plugins.gradle.model.ExternalLibraryDependency                    : loaded 2 times (x 67B)
Class kotlin.text.Regex$Companion                                                     : loaded 2 times (x 68B)
Class org.gradle.internal.classpath.TransformedClassPath                              : loaded 2 times (x 93B)
Class com.google.common.collect.Maps$IteratorBasedAbstractMap$1                       : loaded 2 times (x 135B)
Class com.google.common.collect.ImmutableListMultimap                                 : loaded 2 times (x 173B)
Class com.intellij.gradle.toolingExtension.impl.model.buildScriptClasspathModel.GradleBuildScriptClasspathSerializationService$ReadContext: loaded 2 times (x 69B)
Class com.google.common.cache.CacheLoader$FunctionToCacheLoader                       : loaded 2 times (x 72B)
Class com.amazon.ion.impl._Private_IonContainer                                       : loaded 2 times (x 67B)
Class com.google.common.base.Splitter                                                 : loaded 2 times (x 69B)
Class com.amazon.ion.IonValue                                                         : loaded 2 times (x 67B)
Class kotlin.jvm.internal.FunctionReference                                           : loaded 2 times (x 119B)
Class [Lkotlin.coroutines.intrinsics.CoroutineSingletons;                             : loaded 2 times (x 66B)
Class kotlin.jvm.internal.FunctionBase                                                : loaded 2 times (x 67B)
Class kotlin.enums.EnumEntriesList                                                    : loaded 2 times (x 220B)
Class com.google.common.collect.EmptyImmutableListMultimap                            : loaded 2 times (x 173B)
Class org.objectweb.asm.AnnotationVisitor                                             : loaded 2 times (x 75B)
Class com.google.common.collect.Sets$1                                                : loaded 2 times (x 136B)
Class com.google.common.base.MoreObjects                                              : loaded 2 times (x 68B)
Class com.amazon.ion.impl.bin.IonRawBinaryWriter$ContainerType                        : loaded 2 times (x 76B)
Class com.amazon.ion.impl._Private_IonTextWriterBuilder$Mutable                       : loaded 2 times (x 98B)
Class kotlin.comparisons.ComparisonsKt___ComparisonsJvmKt                             : loaded 2 times (x 68B)
Class kotlin.collections.CollectionsKt__IteratorsJVMKt                                : loaded 2 times (x 68B)
Class [Lorg.objectweb.asm.Attribute;                                                  : loaded 2 times (x 66B)
Class com.android.builder.model.v2.ide.TestInfo$Execution                             : loaded 2 times (x 76B)
Class [Lorg.objectweb.asm.Type;                                                       : loaded 2 times (x 66B)
Class com.android.ide.common.gradle.Numeric                                           : loaded 2 times (x 74B)
Class org.gradle.tooling.internal.gradle.DefaultProjectIdentifier                     : loaded 2 times (x 83B)
Class org.jetbrains.plugins.gradle.model.IntelliJSettings                             : loaded 2 times (x 67B)
Class org.jetbrains.kotlin.idea.gradleTooling.KotlinSourceSetContainer                : loaded 2 times (x 67B)
Class kotlin.Result                                                                   : loaded 2 times (x 69B)
Class org.gradle.internal.service.ServiceLocator                                      : loaded 2 times (x 67B)
Class com.google.common.base.Ascii                                                    : loaded 2 times (x 68B)
Class com.google.common.collect.SingletonImmutableBiMap                               : loaded 2 times (x 140B)
Class com.google.common.cache.LocalCache$1                                            : loaded 2 times (x 86B)
Class kotlin.text.StringsKt__AppendableKt                                             : loaded 2 times (x 68B)
Class com.amazon.ion.impl.IonWriterSystem                                             : loaded 2 times (x 168B)
Class com.amazon.ion.impl.bin.Symbols$2                                               : loaded 2 times (x 104B)
Class com.amazon.ion.impl.bin._Private_IonManagedWriter                               : loaded 2 times (x 67B)
Class org.jetbrains.kotlin.android.synthetic.idea.AndroidExtensionsGradleModel        : loaded 2 times (x 67B)
Class com.intellij.gradle.toolingExtension.util.GradleVersionUtil                     : loaded 2 times (x 68B)
Class com.android.ide.gradle.model.GradlePropertiesModel                              : loaded 2 times (x 67B)
Class kotlin.sequences.TransformingSequence$iterator$1                                : loaded 2 times (x 76B)
Class kotlin.Pair                                                                     : loaded 2 times (x 69B)
Class org.gradle.tooling.internal.adapter.ProtocolToModelAdapter$SupportedPropertyInvoker: loaded 2 times (x 73B)
Class org.gradle.tooling.model.UnsupportedMethodException                             : loaded 2 times (x 79B)
Class com.google.common.collect.Sets$ImprovedAbstractSet                              : loaded 2 times (x 132B)
Class com.android.builder.model.v2.ide.BytecodeTransformation                         : loaded 2 times (x 76B)
Class com.amazon.ion.IonWriter                                                        : loaded 2 times (x 67B)
Class com.google.common.cache.LocalCache$2                                            : loaded 2 times (x 139B)
Class com.amazon.ion.impl.bin._Private_IonRawWriter                                   : loaded 2 times (x 67B)
Class com.amazon.ion.impl.lite.IonContainerLite                                       : loaded 2 times (x 245B)
Class com.amazon.ion.IonBufferConfiguration$OversizedSymbolTableHandler               : loaded 2 times (x 67B)
Class com.amazon.ion.system.IonWriterBuilder                                          : loaded 2 times (x 71B)
Class org.jetbrains.plugins.gradle.tooling.serialization.ToolingStreamApiUtils        : loaded 2 times (x 68B)
Class com.amazon.ion.facet.Faceted                                                    : loaded 2 times (x 67B)
Class kotlin.collections.CollectionsKt__MutableCollectionsKt                          : loaded 2 times (x 68B)
Class com.android.builder.model.v2.ide.CodeShrinker                                   : loaded 2 times (x 76B)
Class com.amazon.ion.impl.bin.IonRawBinaryWriter$PreallocationMode                    : loaded 2 times (x 79B)
Class com.google.common.util.concurrent.AbstractFuture$UnsafeAtomicHelper$1           : loaded 2 times (x 73B)
Class com.amazon.ion.impl.lite.IonSystemLite                                          : loaded 2 times (x 272B)
Class com.amazon.ion.impl.bin.utf8.Poolable                                           : loaded 2 times (x 76B)
Class com.amazon.ion.IonSymbol                                                        : loaded 2 times (x 67B)
Class org.jetbrains.plugins.gradle.tooling.serialization.AnnotationProcessingModelSerializationService$WriteContext: loaded 2 times (x 69B)
Class org.gradle.internal.impldep.gnu.trove.THash                                     : loaded 2 times (x 78B)
Class kotlin.io.TerminateException                                                    : loaded 2 times (x 79B)
Class kotlin.io.FilesKt__FilePathComponentsKt                                         : loaded 2 times (x 68B)
Class kotlin.reflect.KCallable                                                        : loaded 2 times (x 67B)
Class com.google.common.base.Optional                                                 : loaded 2 times (x 77B)
Class com.google.common.collect.ListMultimap                                          : loaded 2 times (x 67B)
Class com.google.common.util.concurrent.AbstractFuture$Trusted                        : loaded 2 times (x 67B)
Class com.google.common.collect.ImmutableEnumMap                                      : loaded 2 times (x 122B)
Class com.google.common.base.CharMatcher$RangesMatcher                                : loaded 2 times (x 109B)
Class com.amazon.ion.impl.lite.IonStructLite                                          : loaded 2 times (x 295B)
Class com.amazon.ion.impl._Private_ReaderWriter                                       : loaded 2 times (x 67B)
Class com.amazon.ion.impl.bin.AbstractSymbolTable                                     : loaded 2 times (x 104B)
Class com.amazon.ion.Decimal                                                          : loaded 2 times (x 130B)
Class com.amazon.ion.impl.bin._Private_IonManagedBinaryWriterBuilder$AllocatorMode$1  : loaded 2 times (x 77B)
Class org.jetbrains.plugins.gradle.tooling.serialization.ProjectDependenciesSerializationService$WriteContext: loaded 2 times (x 69B)
Class org.jetbrains.plugins.gradle.tooling.serialization.ProjectDependenciesSerializationService: loaded 2 times (x 74B)
Class kotlin.collections.AbstractIterator                                             : loaded 2 times (x 80B)
Class kotlin.text.CharsKt                                                             : loaded 2 times (x 68B)
Class org.gradle.tooling.model.kotlin.dsl.KotlinDslScriptModel                        : loaded 2 times (x 67B)
Class org.gradle.tooling.internal.adapter.CollectionMapper                            : loaded 2 times (x 70B)
Class net.rubygrapefruit.platform.internal.Platform$Linux32Bit                        : loaded 2 times (x 80B)
Class [Lcom.android.builder.model.v2.ide.LibraryType;                                 : loaded 2 times (x 66B)
Class com.android.builder.model.v2.ide.LibraryType                                    : loaded 2 times (x 76B)
Class com.google.common.io.ByteSink$AsCharSink                                        : loaded 2 times (x 77B)
Class com.google.common.util.concurrent.UncheckedExecutionException                   : loaded 2 times (x 79B)
Class com.android.builder.model.v2.models.AndroidDsl                                  : loaded 2 times (x 67B)
Class org.gradle.kotlin.dsl.VersionCatalogAccessorsKt                                 : loaded 2 times (x 68B)
Class com.amazon.ion.impl.lite.IonFloatLite                                           : loaded 2 times (x 183B)
Class com.amazon.ion.impl._Private_IonTextWriterBuilder                               : loaded 2 times (x 98B)
Class com.amazon.ion.impl.bin._Private_IonManagedBinaryWriterBuilder$AllocatorMode$2  : loaded 2 times (x 77B)
Class org.gradle.internal.impldep.gnu.trove.Equality                                  : loaded 2 times (x 67B)
Class com.android.ide.gradle.model.ArtifactIdentifierImpl                             : loaded 2 times (x 74B)
Class com.google.common.collect.ExplicitOrdering                                      : loaded 2 times (x 112B)
Class net.rubygrapefruit.platform.Native                                              : loaded 2 times (x 68B)
Class net.rubygrapefruit.platform.NativeIntegration                                   : loaded 2 times (x 67B)
Class com.google.common.collect.ImmutableSortedSetFauxverideShim                      : loaded 2 times (x 144B)
Class com.google.common.base.CharMatcher$JavaLetterOrDigit                            : loaded 2 times (x 108B)
Class org.jetbrains.plugins.gradle.ExternalDependencyId                               : loaded 2 times (x 67B)
Class com.amazon.ion.impl._Private_RecyclingStack                                     : loaded 2 times (x 69B)
Class com.amazon.ion.impl._Private_IonReaderBuilder                                   : loaded 2 times (x 92B)
Class com.amazon.ion.IonMutableCatalog                                                : loaded 2 times (x 67B)
Class com.intellij.gradle.toolingExtension.impl.model.buildScriptClasspathModel.GradleBuildScriptClasspathSerializationService$WriteContext: loaded 2 times (x 69B)
Class org.gradle.tooling.internal.adapter.ProtocolToModelAdapter                      : loaded 2 times (x 77B)
Class org.gradle.internal.InternalTransformer                                         : loaded 2 times (x 67B)
Class [Lnet.rubygrapefruit.platform.internal.FunctionResult$Failure;                  : loaded 2 times (x 66B)
Class com.google.common.collect.AbstractMapBasedMultimap$KeySet$1                     : loaded 2 times (x 79B)
Class com.android.builder.model.v2.ide.AndroidGradlePluginProjectFlags$BooleanFlag    : loaded 2 times (x 76B)
Class com.android.ide.common.gradle.Separator                                         : loaded 2 times (x 76B)
Class org.objectweb.asm.ClassWriter                                                   : loaded 2 times (x 103B)
Class com.google.common.cache.CacheLoader$UnsupportedLoadingOperationException        : loaded 2 times (x 79B)
Class org.objectweb.asm.tree.ClassNode                                                : loaded 2 times (x 88B)
Class org.gradle.internal.impldep.gnu.trove.TObjectCanonicalHashingStrategy           : loaded 2 times (x 77B)
Class kotlin.collections.ArraysKt___ArraysKt$asSequence$$inlined$Sequence$1           : loaded 2 times (x 72B)
Class kotlin.collections.MapsKt__MapsJVMKt                                            : loaded 2 times (x 68B)
Class kotlin.collections.EmptyList                                                    : loaded 2 times (x 171B)
Class org.gradle.internal.time.DefaultTimer                                           : loaded 2 times (x 77B)
Class org.gradle.internal.classloader.ClasspathUtil$1                                 : loaded 2 times (x 73B)
Class com.google.common.collect.FluentIterable$1                                      : loaded 2 times (x 78B)
Class com.google.common.base.Objects                                                  : loaded 2 times (x 68B)
Class org.objectweb.asm.FieldVisitor                                                  : loaded 2 times (x 74B)
Class com.google.common.collect.AbstractIterator$1                                    : loaded 2 times (x 68B)
Class org.gradle.api.internal.classpath.EffectiveClassPath                            : loaded 2 times (x 87B)
Class kotlin.sequences.SequencesKt___SequencesKt$flatMap$2                            : loaded 2 times (x 122B)
Class com.amazon.ion.impl.bin.PooledBlockAllocatorProvider$PooledBlockAllocator$1     : loaded 2 times (x 76B)
Class com.amazon.ion.impl.lite.IonStringLite                                          : loaded 2 times (x 209B)
Class org.gradle.tooling.internal.adapter.ProtocolToModelAdapter$ViewKey              : loaded 2 times (x 69B)
Class org.gradle.api.internal.classpath.DefaultModuleRegistry$DefaultModule           : loaded 2 times (x 83B)
Class com.google.common.collect.FluentIterable$2                                      : loaded 2 times (x 78B)
Class com.google.common.base.Absent                                                   : loaded 2 times (x 77B)
Class com.android.builder.model.v2.CustomSourceDirectory                              : loaded 2 times (x 67B)
Class com.google.common.primitives.Ints                                               : loaded 2 times (x 68B)
Class com.google.common.collect.Ordering                                              : loaded 2 times (x 111B)
Class com.amazon.ion.impl.bin.Block                                                   : loaded 2 times (x 76B)
Class org.jetbrains.kotlin.idea.gradleTooling.model.lombok.LombokModel                : loaded 2 times (x 67B)
Class com.google.common.collect.NullsFirstOrdering                                    : loaded 2 times (x 112B)
Class kotlin.ResultKt                                                                 : loaded 2 times (x 68B)
Class org.gradle.tooling.internal.adapter.ProtocolToModelAdapter$PropertyCachingMethodInvoker: loaded 2 times (x 73B)
Class com.google.common.collect.FluentIterable$3                                      : loaded 2 times (x 78B)
Class com.android.builder.model.v2.models.ProjectSyncIssues                           : loaded 2 times (x 67B)
Class com.google.common.math.MathPreconditions                                        : loaded 2 times (x 68B)
Class com.google.common.collect.Multiset                                              : loaded 2 times (x 67B)
Class com.google.common.collect.ArrayListMultimapGwtSerializationDependencies         : loaded 2 times (x 169B)
Class org.jetbrains.plugins.gradle.tooling.serialization.internal.IdeaProjectSerializationService: loaded 2 times (x 74B)
Class org.jetbrains.kotlin.idea.projectModel.KotlinTaskProperties                     : loaded 2 times (x 67B)
Class com.amazon.ion.impl.bin.utf8.Utf8StringEncoderPool$1                            : loaded 2 times (x 73B)
Class com.amazon.ion.impl.lite.IonLoaderLite                                          : loaded 2 times (x 79B)
Class com.amazon.ion.impl.lite.IonContext                                             : loaded 2 times (x 67B)
Class com.amazon.ion.impl.IonWriterSystemText                                         : loaded 2 times (x 187B)
Class [Lcom.amazon.ion.impl.bin.IonManagedBinaryWriter$ImportedSymbolResolverMode;    : loaded 2 times (x 66B)
Class com.amazon.ion.ValueFactory                                                     : loaded 2 times (x 67B)
Class org.jetbrains.plugins.gradle.model.ExternalTask                                 : loaded 2 times (x 67B)
Class kotlin.collections.ArraysKt__ArraysKt                                           : loaded 2 times (x 68B)
Class kotlin.Result$Failure                                                           : loaded 2 times (x 69B)
Class org.gradle.internal.time.DefaultCountdownTimer                                  : loaded 2 times (x 85B)
Class net.rubygrapefruit.platform.internal.Platform                                   : loaded 2 times (x 76B)
Class com.amazon.ion.impl._Private_IonReaderBuilder$TwoElementSequenceInputStream     : loaded 2 times (x 89B)
Class com.amazon.ion.impl.bin.IonManagedBinaryWriter$SymbolResolver                   : loaded 2 times (x 67B)
Class com.amazon.ion.impl._Private_SymbolToken                                        : loaded 2 times (x 67B)
Class com.amazon.ion.impl.bin._Private_IonManagedBinaryWriterBuilder$AllocatorMode    : loaded 2 times (x 77B)
Class org.jetbrains.plugins.gradle.tooling.util.ObjectCollector                       : loaded 2 times (x 69B)
Class org.jetbrains.plugins.gradle.model.GradleTaskModel                              : loaded 2 times (x 67B)
Class kotlin.collections.SetsKt__SetsJVMKt                                            : loaded 2 times (x 68B)
Class org.gradle.tooling.internal.adapter.ProtocolToModelAdapter$AdaptingMethodInvoker: loaded 2 times (x 73B)
Class org.gradle.tooling.internal.gradle.DefaultBuildIdentifier                       : loaded 2 times (x 76B)
Class kotlin.Function                                                                 : loaded 2 times (x 67B)
Class org.gradle.api.internal.classpath.Module                                        : loaded 2 times (x 67B)
Class com.google.common.cache.Weigher                                                 : loaded 2 times (x 67B)
Class com.intellij.openapi.externalSystem.model.project.IExternalSystemSourceType     : loaded 2 times (x 67B)
Class com.amazon.ion.impl._Private_IonReaderBuilder$Mutable                           : loaded 2 times (x 92B)
Class kotlin.io.FileAlreadyExistsException                                            : loaded 2 times (x 79B)
Class kotlin.internal.ProgressionUtilKt                                               : loaded 2 times (x 68B)
Class org.gradle.api.internal.classpath.UnknownModuleException                        : loaded 2 times (x 79B)
Class com.google.common.base.Stopwatch                                                : loaded 2 times (x 69B)
Class com.google.common.cache.LocalCache$Strength                                     : loaded 2 times (x 78B)
Class com.google.common.cache.Cache                                                   : loaded 2 times (x 67B)
Class org.jetbrains.plugins.gradle.tooling.serialization.ProjectDependenciesSerializationService$ReadContext: loaded 2 times (x 69B)
Class org.gradle.internal.impldep.gnu.trove.TObjectIdentityHashingStrategy            : loaded 2 times (x 75B)
Class com.intellij.openapi.externalSystem.model.project.dependencies.ProjectDependencies: loaded 2 times (x 67B)
Class com.google.common.io.Files$2                                                    : loaded 2 times (x 73B)
Class com.google.common.util.concurrent.AbstractFuture$Cancellation                   : loaded 2 times (x 69B)
Class net.rubygrapefruit.platform.NativeIntegrationUnavailableException               : loaded 2 times (x 79B)
Class com.google.common.base.NullnessCasts                                            : loaded 2 times (x 68B)
Class com.google.common.collect.Maps$EntryFunction$1                                  : loaded 2 times (x 88B)
Class com.google.common.base.Present                                                  : loaded 2 times (x 78B)
Class net.rubygrapefruit.platform.internal.FunctionResult                             : loaded 2 times (x 74B)
Class com.google.common.cache.RemovalListener                                         : loaded 2 times (x 67B)
Class com.amazon.ion.IonBufferConfiguration                                           : loaded 2 times (x 70B)
Class com.amazon.ion.impl.bin.Symbols                                                 : loaded 2 times (x 68B)
Class org.jetbrains.plugins.gradle.tooling.serialization.RepositoriesModelSerializationService: loaded 2 times (x 79B)
Class com.android.ide.gradle.model.artifacts.AdditionalClassifierArtifactsModel       : loaded 2 times (x 67B)
Class org.gradle.tooling.internal.gradle.GradleProjectIdentity                        : loaded 2 times (x 67B)
Class org.gradle.api.internal.DefaultClassPathRegistry                                : loaded 2 times (x 73B)
Class com.google.common.collect.Maps$EntryFunction$2                                  : loaded 2 times (x 88B)
Class net.rubygrapefruit.platform.NativeIntegrationLinkageException                   : loaded 2 times (x 79B)
Class com.google.common.collect.ImmutableMultimap$Keys                                : loaded 2 times (x 163B)
Class com.android.builder.model.v2.ide.JavaArtifact                                   : loaded 2 times (x 67B)
Class com.google.common.primitives.IntsMethodsForWeb                                  : loaded 2 times (x 68B)
Class org.gradle.internal.classloader.ClassLoaderVisitor                              : loaded 2 times (x 73B)
Class [Lcom.amazon.ion.impl.bin.AbstractIonWriter$WriteValueOptimization;             : loaded 2 times (x 66B)
Class org.jetbrains.plugins.gradle.tooling.serialization.RepositoriesModelSerializationService$ReadContext: loaded 2 times (x 69B)
Class kotlin.ranges.ClosedRange                                                       : loaded 2 times (x 67B)
Class org.gradle.api.internal.ClassPathRegistry                                       : loaded 2 times (x 67B)
Class org.gradle.internal.classpath.DefaultClassPath$ImmutableUniqueList              : loaded 2 times (x 196B)
Class com.google.common.base.ExtraObjectsMethodsForWeb                                : loaded 2 times (x 68B)
Class com.amazon.ion.impl.bin.IonManagedBinaryWriter$UserState                        : loaded 2 times (x 82B)
Class com.amazon.ion.impl._Private_IonWriter                                          : loaded 2 times (x 67B)
Class com.amazon.ion.impl.bin._Private_IonManagedBinaryWriterBuilder                  : loaded 2 times (x 69B)
Class org.jetbrains.plugins.gradle.tooling.serialization.internal.adapter.InternalBuildIdentifier: loaded 2 times (x 72B)
Class com.intellij.gradle.toolingExtension.impl.model.projectModel.GradleExternalProjectSerializationService$WriteContext: loaded 2 times (x 70B)
Class kotlin.text.StringsKt__StringsJVMKt                                             : loaded 2 times (x 68B)
Class kotlin.collections.IntIterator                                                  : loaded 2 times (x 79B)
Class com.google.common.collect.NullnessCasts                                         : loaded 2 times (x 68B)
Class kotlin.collections.AbstractList$Companion                                       : loaded 2 times (x 68B)
Class net.rubygrapefruit.platform.internal.jni.NativeLibraryFunctions                 : loaded 2 times (x 68B)
Class com.google.common.io.ByteSink                                                   : loaded 2 times (x 73B)
Class com.android.builder.model.v2.dsl.SigningConfig                                  : loaded 2 times (x 67B)
Class com.android.builder.model.v2.models.AndroidProject                              : loaded 2 times (x 67B)
Class com.android.builder.model.v2.AndroidModel                                       : loaded 2 times (x 67B)
Class com.google.common.cache.CacheBuilder                                            : loaded 2 times (x 69B)
Class kotlin.sequences.SequencesKt___SequencesKt                                      : loaded 2 times (x 68B)
Class Settings_gradle$1                                                               : loaded 2 times (x 71B)
Class [Lcom.amazon.ion.SymbolToken;                                                   : loaded 2 times (x 66B)
Class kotlin.text.StringsKt__IndentKt                                                 : loaded 2 times (x 68B)
Class kotlin.collections.SetsKt                                                       : loaded 2 times (x 68B)
Class kotlin.text.MatcherMatchResult$groupValues$1                                    : loaded 2 times (x 195B)
Class org.gradle.internal.classpath.ClassPath                                         : loaded 2 times (x 67B)
Class com.google.common.io.Files$FileByteSource                                       : loaded 2 times (x 82B)
Class com.google.common.collect.ReverseNaturalOrdering                                : loaded 2 times (x 111B)
Class com.google.common.base.JdkPattern                                               : loaded 2 times (x 72B)
Class org.jetbrains.plugins.gradle.model.ExternalProjectDependency                    : loaded 2 times (x 67B)
Class org.jetbrains.plugins.gradle.tooling.serialization.KotlinDslScriptsModelSerializationService: loaded 2 times (x 78B)
Class kotlin.reflect.KFunction                                                        : loaded 2 times (x 67B)
Class kotlin.collections.ArrayDeque                                                   : loaded 2 times (x 204B)
Class net.rubygrapefruit.platform.internal.Platform$Windows                           : loaded 2 times (x 76B)
Class org.objectweb.asm.SymbolTable$Entry                                             : loaded 2 times (x 71B)
Class com.google.common.util.concurrent.AbstractFuture$AtomicHelper                   : loaded 2 times (x 75B)
Class com.amazon.ion.impl.bin.IonRawBinaryWriter$PatchList$Node                       : loaded 2 times (x 69B)
Class com.amazon.ion.system.IonSystemBuilder$Mutable                                  : loaded 2 times (x 72B)
Class com.amazon.ion.impl.bin.IonManagedBinaryWriter$SymbolResolverBuilder            : loaded 2 times (x 67B)
Class org.jetbrains.plugins.gradle.tooling.serialization.ExternalTestsSerializationService$WriteContext: loaded 2 times (x 69B)
Class org.jetbrains.kotlin.idea.gradleTooling.KotlinGradleModel                       : loaded 2 times (x 67B)
Class kotlin.collections.MapsKt__MapsKt                                               : loaded 2 times (x 68B)
Class kotlin.jvm.internal.Lambda                                                      : loaded 2 times (x 72B)
Class com.android.builder.model.v2.ide.Variant                                        : loaded 2 times (x 67B)
Class org.objectweb.asm.Edge                                                          : loaded 2 times (x 69B)
Class com.google.common.base.Suppliers$SupplierOfInstance                             : loaded 2 times (x 76B)
Class com.amazon.ion.impl.bin.IonManagedBinaryWriter$ImportedSymbolResolverMode$2     : loaded 2 times (x 77B)
Class com.amazon.ion.impl.bin.IonManagedBinaryWriter$LocalSymbolTableView             : loaded 2 times (x 104B)
Class com.android.ide.gradle.model.ArtifactIdentifier                                 : loaded 2 times (x 67B)
Class org.gradle.tooling.model.Model                                                  : loaded 2 times (x 67B)
Class com.google.common.cache.LocalCache$ComputingValueReference                      : loaded 2 times (x 93B)
Class com.google.common.base.CharMatcher$None                                         : loaded 2 times (x 109B)
Class [Lcom.google.common.collect.AbstractIterator$State;                             : loaded 2 times (x 66B)
Class com.amazon.ion.impl.bin.IonRawBinaryWriter$PatchList                            : loaded 2 times (x 82B)
Class com.amazon.ion.UnknownSymbolException                                           : loaded 2 times (x 83B)
Class com.android.ide.gradle.model.composites.BuildMap                                : loaded 2 times (x 67B)
Class kotlin.Metadata                                                                 : loaded 2 times (x 67B)
Class kotlin.UninitializedPropertyAccessException                                     : loaded 2 times (x 79B)
Class com.android.builder.model.v2.ide.Library                                        : loaded 2 times (x 67B)
Class com.android.builder.model.v2.ide.ArtifactDependenciesAdjacencyList              : loaded 2 times (x 67B)
Class com.android.builder.model.v2.models.Versions                                    : loaded 2 times (x 67B)
Class com.google.common.cache.LocalCache$Segment                                      : loaded 2 times (x 151B)
Class org.jetbrains.plugins.gradle.model.IntelliJProjectSettings                      : loaded 2 times (x 67B)
Class org.jetbrains.kotlin.idea.gradleTooling.model.annotation.AnnotationBasedPluginModel: loaded 2 times (x 67B)
Class kotlin.sequences.SequencesKt___SequencesKt$filterNotNull$1                      : loaded 2 times (x 75B)
Class org.gradle.tooling.internal.adapter.ProtocolToModelAdapter$MethodInvocationCache: loaded 2 times (x 70B)
Class net.rubygrapefruit.platform.internal.LibraryDef                                 : loaded 2 times (x 69B)
Class com.android.builder.model.v2.models.ndk.NativeModule                            : loaded 2 times (x 67B)
Class org.gradle.internal.classloader.DefaultClassLoaderFactory                       : loaded 2 times (x 79B)
Class [Lorg.objectweb.asm.SymbolTable$Entry;                                          : loaded 2 times (x 66B)
Class com.google.common.cache.CacheLoader                                             : loaded 2 times (x 71B)
Class org.jetbrains.kotlin.idea.gradleTooling.model.noarg.NoArgModel                  : loaded 2 times (x 67B)
Class com.intellij.util.containers.IntObjectHashMap$ArrayProducer                     : loaded 2 times (x 67B)
Class com.google.common.collect.AbstractListMultimap                                  : loaded 2 times (x 169B)
Class org.jetbrains.plugins.gradle.model.ExternalDependency                           : loaded 2 times (x 67B)
Class com.intellij.util.containers.IntObjectHashMap                                   : loaded 2 times (x 69B)
Class org.gradle.internal.installation.GradleInstallation$1                           : loaded 2 times (x 72B)
Class org.gradle.api.internal.classpath.ModuleRegistry                                : loaded 2 times (x 67B)
Class com.android.builder.model.v2.ide.PrivacySandboxSdkInfo                          : loaded 2 times (x 67B)
Class com.google.common.util.concurrent.internal.InternalFutureFailureAccess          : loaded 2 times (x 69B)
Class com.amazon.ion.impl.bin.IonManagedBinaryWriter$ImportedSymbolResolverMode$1     : loaded 2 times (x 77B)
Class com.google.common.collect.ImmutableSet$JdkBackedSetBuilderImpl                  : loaded 2 times (x 73B)
Class com.google.common.base.Splitter$SplittingIterator                               : loaded 2 times (x 81B)
Class com.amazon.ion.impl.bin.IonManagedBinaryWriter$SymbolState$1                    : loaded 2 times (x 77B)
Class com.amazon.ion.impl.LocalSymbolTableAsStruct$Factory                            : loaded 2 times (x 76B)
Class [Lcom.amazon.ion.IonType;                                                       : loaded 2 times (x 66B)
Class com.intellij.gradle.toolingExtension.impl.model.sourceSetDependencyModel.GradleSourceSetDependencySerialisationService$SourceSetDependencyModelReadContext: loaded 2 times (x 69B)
Class com.intellij.gradle.toolingExtension.impl.model.dependencyModel.DependencyReadContext: loaded 2 times (x 69B)
Class org.jetbrains.plugins.gradle.model.VersionCatalogsModel                         : loaded 2 times (x 67B)
Class com.intellij.gradle.toolingExtension.impl.model.taskIndex.GradleTaskRequest     : loaded 2 times (x 67B)
Class org.gradle.tooling.internal.adapter.ObjectGraphAdapter                          : loaded 2 times (x 67B)
Class com.google.common.collect.Iterators$6                                           : loaded 2 times (x 78B)
Class com.google.common.collect.ImmutableMultimap$Values                              : loaded 2 times (x 123B)
Class com.google.common.io.Closer$SuppressingSuppressor                               : loaded 2 times (x 72B)
Class com.android.builder.model.v2.ide.Installation                                   : loaded 2 times (x 67B)
Class com.google.common.util.concurrent.AbstractFuture$UnsafeAtomicHelper             : loaded 2 times (x 75B)
Class com.google.common.cache.LocalCache$LocalManualCache$1                           : loaded 2 times (x 72B)
Class com.amazon.ion.impl.lite.IonSymbolLite                                          : loaded 2 times (x 243B)
Class org.jetbrains.plugins.gradle.model.ProjectImportModelProvider                   : loaded 2 times (x 67B)
Class com.amazon.ion.impl.bin.IonManagedBinaryWriter$SymbolState$2                    : loaded 2 times (x 77B)
Class com.amazon.ion.IonNull                                                          : loaded 2 times (x 67B)
Class com.google.common.collect.ImmutableSortedAsList                                 : loaded 2 times (x 218B)
Class kotlin.text.RegexKt                                                             : loaded 2 times (x 68B)
Class kotlin.coroutines.intrinsics.IntrinsicsKt__IntrinsicsKt                         : loaded 2 times (x 68B)
Class net.rubygrapefruit.platform.internal.Platform$Window32Bit                       : loaded 2 times (x 76B)
Class com.android.builder.model.v2.models.ModelBuilderParameter                       : loaded 2 times (x 67B)
Class [Lcom.amazon.ion.impl.bin.IonRawBinaryWriter$StreamCloseMode;                   : loaded 2 times (x 66B)
Class org.jetbrains.kotlin.idea.gradleTooling.AndroidAwareGradleModelProvider$Companion: loaded 2 times (x 68B)
Class com.amazon.ion.impl.bin.IonRawBinaryWriter$ContainerInfo                        : loaded 2 times (x 73B)
Class com.amazon.ion.impl.bin.IonManagedBinaryWriter$SymbolState$3                    : loaded 2 times (x 77B)
Class com.amazon.ion.impl.bin.IonRawBinaryWriter$StreamFlushMode                      : loaded 2 times (x 76B)
Class com.amazon.ion.IonBinaryWriter                                                  : loaded 2 times (x 67B)
Class com.intellij.gradle.toolingExtension.impl.model.sourceSetArtifactIndex.GradleSourceSetArtifactBuildRequest: loaded 2 times (x 67B)
Class kotlin.io.FilesKt__UtilsKt                                                      : loaded 2 times (x 68B)
Class com.google.common.collect.Lists$TransformingRandomAccessList                    : loaded 2 times (x 196B)
Class kotlin.collections.CollectionsKt__CollectionsJVMKt                              : loaded 2 times (x 68B)
Class org.gradle.api.internal.classpath.DefaultModuleRegistry                         : loaded 2 times (x 80B)
Class com.google.common.util.concurrent.ListenableFuture                              : loaded 2 times (x 67B)
Class com.google.common.cache.ReferenceEntry                                          : loaded 2 times (x 67B)
Class com.google.common.base.Platform$JdkPatternCompiler                              : loaded 2 times (x 72B)
Class com.google.common.base.Converter                                                : loaded 2 times (x 87B)
Class com.google.common.base.Suppliers                                                : loaded 2 times (x 68B)
Class com.google.common.base.CharMatcher$Any                                          : loaded 2 times (x 109B)
Class com.amazon.ion.impl.bin.IonManagedBinaryWriter$SymbolState$4                    : loaded 2 times (x 77B)
Class org.jetbrains.plugins.gradle.tooling.serialization.internal.IdeaProjectSerializationService$WriteContext$1: loaded 2 times (x 80B)
Class org.jetbrains.plugins.gradle.model.ExternalProject                              : loaded 2 times (x 67B)
Class ijInit1_bykjbwv3jrlghp5c4t64x91qu                                               : loaded 2 times (x 176B)
Class kotlin.collections.CollectionsKt__IteratorsKt                                   : loaded 2 times (x 68B)
Class kotlin.sequences.SequencesKt                                                    : loaded 2 times (x 68B)
Class [Lcom.android.builder.model.v2.ide.CodeShrinker;                                : loaded 2 times (x 66B)
Class com.google.common.util.concurrent.AbstractFuture                                : loaded 2 times (x 103B)
Class com.google.common.base.FunctionalEquivalence                                    : loaded 2 times (x 80B)
Class [Lcom.google.common.cache.CacheBuilder$OneWeigher;                              : loaded 2 times (x 66B)
Class com.google.common.collect.AbstractMapBasedMultimap                              : loaded 2 times (x 136B)
Class org.objectweb.asm.MethodTooLargeException                                       : loaded 2 times (x 80B)
Class com.amazon.ion.impl.bin.utf8.Pool                                               : loaded 2 times (x 71B)
Class com.amazon.ion.impl._Private_SymtabExtendsCache                                 : loaded 2 times (x 69B)
Class org.jetbrains.plugins.gradle.tooling.serialization.internal.IdeaProjectSerializationService$WriteContext$2: loaded 2 times (x 80B)
Class kotlin.text.StringsKt                                                           : loaded 2 times (x 68B)
Class com.google.common.collect.ImmutableMultiset                                     : loaded 2 times (x 160B)
Class org.objectweb.asm.RecordComponentVisitor                                        : loaded 2 times (x 74B)
Class com.google.common.cache.CacheLoader$SupplierToCacheLoader                       : loaded 2 times (x 72B)
Class com.amazon.ion.impl._Private_IonSymbol                                          : loaded 2 times (x 67B)
Class com.amazon.ion.impl.lite.IonValueLite                                           : loaded 2 times (x 144B)
Class com.amazon.ion.IonContainer                                                     : loaded 2 times (x 67B)
Class com.amazon.ion.impl.bin.PooledBlockAllocatorProvider                            : loaded 2 times (x 70B)
Class org.jetbrains.plugins.gradle.tooling.serialization.AnnotationProcessingModelSerializationService$ReadContext: loaded 2 times (x 69B)
Class org.jetbrains.plugins.gradle.tooling.serialization.internal.IdeaProjectSerializationService$WriteContext$3: loaded 2 times (x 80B)
Class com.android.ide.gradle.model.artifacts.AdditionalClassifierArtifacts            : loaded 2 times (x 67B)
Class org.gradle.util.internal.DefaultGradleVersion$Stage                             : loaded 2 times (x 72B)
Class kotlin.coroutines.jvm.internal.RestrictedContinuationImpl                       : loaded 2 times (x 84B)
Class com.google.common.collect.Maps$EntryTransformer                                 : loaded 2 times (x 67B)
Class org.jetbrains.kotlin.idea.gradleTooling.AndroidAwareGradleModelProvider         : loaded 2 times (x 80B)
Class org.jetbrains.plugins.gradle.tooling.serialization.internal.IdeaProjectSerializationService$WriteContext$4: loaded 2 times (x 80B)
Class com.intellij.gradle.toolingExtension.impl.model.sourceSetDependencyModel.GradleSourceSetDependencySerialisationService$Companion: loaded 2 times (x 68B)
Class [Lkotlin.Pair;                                                                  : loaded 2 times (x 66B)
Class kotlin.text.StringsKt__StringNumberConversionsKt                                : loaded 2 times (x 68B)
Class kotlin.io.FilesKt__FileReadWriteKt                                              : loaded 2 times (x 68B)
Class com.google.common.collect.UsingToStringOrdering                                 : loaded 2 times (x 111B)
Class kotlin.text.MatchNamedGroupCollection                                           : loaded 2 times (x 67B)
Class kotlin.jvm.internal.markers.KMutableList                                        : loaded 2 times (x 67B)
Class org.gradle.internal.time.MonotonicClock                                         : loaded 2 times (x 74B)
Class org.gradle.internal.service.ServiceLookupException                              : loaded 2 times (x 79B)
Class com.google.common.collect.Lists$ReverseList                                     : loaded 2 times (x 197B)
Class org.gradle.internal.operations.MultipleBuildOperationFailures                   : loaded 2 times (x 92B)
Class [Lcom.google.common.cache.LocalCache$EntryFactory;                              : loaded 2 times (x 66B)
Class com.google.common.base.CharMatcher$JavaLetter                                   : loaded 2 times (x 108B)
Class com.amazon.ion.BufferConfiguration$Builder                                      : loaded 2 times (x 75B)
Class org.jetbrains.plugins.gradle.tooling.serialization.internal.IdeaProjectSerializationService$WriteContext$5: loaded 2 times (x 80B)
Class com.intellij.gradle.toolingExtension.impl.model.sourceSetDependencyModel.GradleSourceSetDependencySerialisationService$SourceSetDependencyModelWriteContext: loaded 2 times (x 69B)
Class [Lkotlin.sequences.Sequence;                                                    : loaded 2 times (x 66B)
Class kotlin.sequences.SequencesKt___SequencesKt$sortedWith$1                         : loaded 2 times (x 72B)
Class org.gradle.internal.classloader.ClassLoaderFactory                              : loaded 2 times (x 67B)
Class net.rubygrapefruit.platform.internal.Platform$Linux                             : loaded 2 times (x 80B)
Class com.android.builder.model.v2.ide.LibraryInfo                                    : loaded 2 times (x 67B)
Class com.google.common.cache.LocalCache$LocalManualCache                             : loaded 2 times (x 96B)
Class org.gradle.tooling.internal.adapter.MethodInvocation                            : loaded 2 times (x 82B)
Class com.google.common.base.CommonPattern                                            : loaded 2 times (x 71B)
Class com.amazon.ion.impl.bin.IntList                                                 : loaded 2 times (x 74B)
Class com.amazon.ion.impl.lite._Private_LiteDomTrampoline                             : loaded 2 times (x 68B)
Class com.amazon.ion.IonType                                                          : loaded 2 times (x 76B)
Class org.jetbrains.plugins.gradle.tooling.serialization.internal.IdeaProjectSerializationService$WriteContext$6: loaded 2 times (x 80B)
Class org.jetbrains.plugins.gradle.tooling.util.IntObjectMap                          : loaded 2 times (x 70B)
Class com.google.common.collect.ImmutableMap$SerializedForm                           : loaded 2 times (x 70B)
Class org.gradle.internal.service.CachingServiceLocator                               : loaded 2 times (x 79B)
Class com.google.common.collect.AbstractMapBasedMultimap$KeySet                       : loaded 2 times (x 134B)
Class com.google.common.collect.Streams                                               : loaded 2 times (x 68B)
Class kotlin.sequences.TransformingSequence                                           : loaded 2 times (x 72B)
Class com.google.common.math.IntMath                                                  : loaded 2 times (x 68B)
Class com.amazon.ion.impl.lite.ValueFactoryLite                                       : loaded 2 times (x 215B)
Class org.jetbrains.plugins.gradle.tooling.serialization.internal.IdeaProjectSerializationService$WriteContext$7: loaded 2 times (x 80B)
Class org.jetbrains.plugins.gradle.model.RepositoryModels                             : loaded 2 times (x 67B)
Class kotlin.jvm.internal.Intrinsics$Kotlin                                           : loaded 2 times (x 68B)
Class kotlin.jvm.internal.CallableReference                                           : loaded 2 times (x 103B)
Class com.google.common.collect.Iterators$10                                          : loaded 2 times (x 78B)
Class com.intellij.util.ThrowableConsumer                                             : loaded 2 times (x 67B)
Class com.google.common.base.CharMatcher$JavaDigit                                    : loaded 2 times (x 108B)
Class com.amazon.ion.impl.bin.WriteBuffer                                             : loaded 2 times (x 75B)
Class com.amazon.ion.impl.bin.IonManagedBinaryWriter                                  : loaded 2 times (x 163B)
Class org.jetbrains.plugins.gradle.tooling.serialization.internal.IdeaProjectSerializationService$WriteContext$8: loaded 2 times (x 80B)
Class [Lorg.gradle.api.JavaVersion;                                                   : loaded 2 times (x 66B)
Class kotlin.ranges.IntRange                                                          : loaded 2 times (x 90B)
Class org.gradle.tooling.model.idea.IdeaDependencyScope                               : loaded 2 times (x 67B)
Class org.gradle.internal.time.TimeSource                                             : loaded 2 times (x 67B)
Class org.gradle.tooling.model.kotlin.dsl.KotlinDslScriptsModel                       : loaded 2 times (x 67B)
Class com.google.common.base.Predicates                                               : loaded 2 times (x 68B)
Class org.objectweb.asm.ClassVisitor                                                  : loaded 2 times (x 85B)
Class com.android.builder.model.v2.ide.TestInfo                                       : loaded 2 times (x 67B)
Class com.google.common.base.Equivalence                                              : loaded 2 times (x 79B)
Class [Lorg.objectweb.asm.Symbol;                                                     : loaded 2 times (x 66B)
Class com.android.utils.FileUtils                                                     : loaded 2 times (x 68B)
Class com.amazon.ion.impl.lite.IonBlobLite                                            : loaded 2 times (x 216B)
Class com.amazon.ion.impl.LocalSymbolTable                                            : loaded 2 times (x 118B)
Class org.jetbrains.plugins.gradle.tooling.serialization.SerializationService         : loaded 2 times (x 67B)
Class org.gradle.tooling.internal.gradle.GradleBuildIdentity                          : loaded 2 times (x 67B)
Class kotlin.enums.EnumEntries                                                        : loaded 2 times (x 67B)
Class com.android.builder.model.v2.ide.JavaCompileOptions                             : loaded 2 times (x 67B)
Class com.google.common.cache.CacheBuilder$OneWeigher                                 : loaded 2 times (x 79B)
Class com.android.builder.model.v2.ide.AaptOptions$Namespacing                        : loaded 2 times (x 76B)
Class com.amazon.ion.IonList                                                          : loaded 2 times (x 67B)
Class org.jetbrains.plugins.gradle.tooling.serialization.internal.adapter.Supplier    : loaded 2 times (x 67B)
Class org.gradle.tooling.internal.adapter.ProtocolToModelAdapter$MixInMappingAction   : loaded 2 times (x 77B)
Class org.gradle.internal.exceptions.ResolutionProvider                               : loaded 2 times (x 67B)
Class com.google.common.collect.Maps$EntryFunction                                    : loaded 2 times (x 88B)
Class net.rubygrapefruit.platform.internal.Platform$Unsupported                       : loaded 2 times (x 76B)
Class net.rubygrapefruit.platform.internal.Platform$FreeBSD32Bit                      : loaded 2 times (x 79B)
Class com.google.common.collect.ImmutableBiMapFauxverideShim                          : loaded 2 times (x 117B)
Class com.amazon.ion.IonSystem                                                        : loaded 2 times (x 67B)
Class com.amazon.ion.impl.bin.IonManagedBinaryWriter$ImportedSymbolContext            : loaded 2 times (x 69B)
Class org.gradle.tooling.model.idea.IdeaCompilerOutput                                : loaded 2 times (x 67B)
Class org.gradle.tooling.model.ProjectIdentifier                                      : loaded 2 times (x 67B)
Class org.gradle.internal.classloader.ClasspathUtil                                   : loaded 2 times (x 68B)
Class net.rubygrapefruit.platform.internal.Platform$Unix                              : loaded 2 times (x 79B)
Class com.android.builder.model.v2.ide.ComponentInfo                                  : loaded 2 times (x 67B)
Class org.jetbrains.kotlin.tooling.core.HasExtras                                     : loaded 2 times (x 67B)
Class com.google.common.base.Charsets                                                 : loaded 2 times (x 68B)
Class com.google.common.util.concurrent.Uninterruptibles                              : loaded 2 times (x 68B)
Class com.android.builder.model.v2.ide.ProjectType                                    : loaded 2 times (x 76B)
Class com.intellij.gradle.toolingExtension.impl.model.sourceSetModel.GradleSourceSetSerialisationService: loaded 2 times (x 74B)
Class kotlin.io.FileSystemException                                                   : loaded 2 times (x 79B)
Class com.android.builder.model.v2.dsl.BaseConfig                                     : loaded 2 times (x 67B)
Class com.google.common.collect.Maps                                                  : loaded 2 times (x 68B)
Class com.google.common.base.CharMatcher$JavaUpperCase                                : loaded 2 times (x 108B)
Class com.amazon.ion.impl.lite.IonIntLite                                             : loaded 2 times (x 186B)
Class com.amazon.ion.util._Private_FastAppendable                                     : loaded 2 times (x 67B)
Class [Lcom.amazon.ion.impl.bin.IonRawBinaryWriter$PreallocationMode;                 : loaded 2 times (x 66B)
Class org.gradle.internal.time.TimeSource$1                                           : loaded 2 times (x 74B)
Class kotlin.jvm.internal.DefaultConstructorMarker                                    : loaded 2 times (x 68B)
Class org.gradle.api.specs.Spec                                                       : loaded 2 times (x 67B)
Class org.gradle.tooling.internal.adapter.TargetTypeProvider                          : loaded 2 times (x 67B)
Class com.amazon.ion.impl.lite.IonSexpLite                                            : loaded 2 times (x 487B)
Class com.amazon.ion.impl.lite.IonListLite                                            : loaded 2 times (x 487B)
Class com.amazon.ion.IonFloat                                                         : loaded 2 times (x 67B)
Class com.google.common.collect.Sets$3$1                                              : loaded 2 times (x 79B)
Class com.google.common.cache.LocalCache$LoadingValueReference                        : loaded 2 times (x 93B)
Class com.amazon.ion.impl.LocalSymbolTable$Factory                                    : loaded 2 times (x 74B)
Class com.amazon.ion.impl.bin.IonManagedBinaryWriter$ImportedSymbolResolverMode       : loaded 2 times (x 77B)
Class com.intellij.gradle.toolingExtension.impl.model.buildScriptClasspathModel.GradleBuildScriptClasspathSerializationService: loaded 2 times (x 74B)
Class kotlin.jvm.internal.ArrayIterator                                               : loaded 2 times (x 76B)
Class kotlin.ranges.IntProgression$Companion                                          : loaded 2 times (x 68B)
Class com.google.common.base.Platform                                                 : loaded 2 times (x 68B)
Class org.jetbrains.plugins.gradle.model.FileCollectionDependency                     : loaded 2 times (x 67B)
Class com.amazon.ion.impl.LocalSymbolTableAsStruct                                    : loaded 2 times (x 123B)
Class com.amazon.ion.impl.lite.IonTimestampLite                                       : loaded 2 times (x 189B)
Class org.gradle.internal.impldep.gnu.trove.TObjectHashingStrategy                    : loaded 2 times (x 67B)
Class com.intellij.gradle.toolingExtension.impl.model.utilDummyModel.DummyModel       : loaded 2 times (x 67B)
Class kotlin.collections.EmptyIterator                                                : loaded 2 times (x 86B)
Class kotlin.text.StringsKt__RegexExtensionsKt                                        : loaded 2 times (x 68B)
Class org.gradle.internal.time.Clock                                                  : loaded 2 times (x 67B)
Class com.android.builder.model.v2.dsl.ProductFlavor                                  : loaded 2 times (x 67B)
Class [Lcom.android.builder.model.v2.ide.TestInfo$Execution;                          : loaded 2 times (x 66B)
Class [Lorg.objectweb.asm.AnnotationWriter;                                           : loaded 2 times (x 66B)
Class com.google.common.primitives.Ints$IntConverter                                  : loaded 2 times (x 87B)
Class com.google.common.collect.Maps$8                                                : loaded 2 times (x 79B)
Class com.amazon.ion.IonString                                                        : loaded 2 times (x 67B)
Class org.jetbrains.plugins.gradle.model.jar.JarTaskManifestConfiguration             : loaded 2 times (x 67B)
Class org.jetbrains.plugins.gradle.model.GradleSourceSetDependencyModel               : loaded 2 times (x 67B)
Class kotlin.io.FilePathComponents                                                    : loaded 2 times (x 69B)
Class com.google.common.collect.CompoundOrdering                                      : loaded 2 times (x 112B)
Class kotlin.sequences.SequencesKt__SequencesJVMKt                                    : loaded 2 times (x 68B)
Class kotlin.coroutines.jvm.internal.RestrictedSuspendLambda                          : loaded 2 times (x 88B)
Class org.gradle.tooling.internal.adapter.TypeInspector                               : loaded 2 times (x 70B)
Class org.gradle.tooling.internal.adapter.ProtocolToModelAdapter$NoOpDecoration       : loaded 2 times (x 76B)
Class org.gradle.tooling.model.Element                                                : loaded 2 times (x 67B)
Class kotlin.collections.AbstractList                                                 : loaded 2 times (x 194B)
Class kotlin.collections.AbstractCollection                                           : loaded 2 times (x 114B)
Class com.google.common.base.Predicates$CompositionPredicate                          : loaded 2 times (x 85B)
Class com.google.common.collect.Lists$ReverseList$1                                   : loaded 2 times (x 96B)
Class org.jetbrains.plugins.gradle.model.AnnotationProcessingModel                    : loaded 2 times (x 67B)
Class org.jetbrains.kotlin.tooling.core.Extras                                        : loaded 2 times (x 67B)
Class com.google.common.collect.Sets$SetView                                          : loaded 2 times (x 135B)
Class com.google.common.cache.LocalCache$StrongValueReference                         : loaded 2 times (x 87B)
Class com.google.common.util.concurrent.AbstractFuture$SynchronizedHelper             : loaded 2 times (x 75B)
Class com.google.common.base.CharMatcher$Invisible                                    : loaded 2 times (x 109B)
Class com.amazon.ion.BufferConfiguration                                              : loaded 2 times (x 70B)
Class com.amazon.ion.system.SimpleCatalog                                             : loaded 2 times (x 88B)
Class com.intellij.gradle.toolingExtension.impl.model.taskModel.GradleTaskSerialisationService: loaded 2 times (x 73B)
Class com.android.ide.gradle.model.LegacyV1AgpVersionModel                            : loaded 2 times (x 67B)
Class kotlin.text.StringsKt__StringBuilderJVMKt                                       : loaded 2 times (x 68B)
Class kotlin.text.Regex                                                               : loaded 2 times (x 69B)
Class kotlin.sequences.SequencesKt__SequenceBuilderKt$sequence$$inlined$Sequence$1    : loaded 2 times (x 72B)
Class com.google.common.graph.SuccessorsFunction                                      : loaded 2 times (x 67B)
Class org.objectweb.asm.Type                                                          : loaded 2 times (x 69B)
Class org.jetbrains.plugins.gradle.tooling.util.IntObjectMap$1                        : loaded 2 times (x 74B)
Class org.gradle.internal.impldep.com.google.common.base.Preconditions                : loaded 2 times (x 68B)
Class org.gradle.tooling.model.internal.ImmutableDomainObjectSet                      : loaded 2 times (x 152B)
Class org.gradle.internal.classloader.VisitableURLClassLoader$InstrumentingVisitableURLClassLoader: loaded 2 times (x 120B)
Class com.google.common.io.Files$FileByteSink                                         : loaded 2 times (x 74B)
Class com.android.builder.model.v2.ide.AndroidGradlePluginProjectFlags                : loaded 2 times (x 67B)
Class [Lcom.android.builder.model.v2.ide.AndroidGradlePluginProjectFlags$BooleanFlag; : loaded 2 times (x 66B)
Class com.android.builder.model.v2.ide.BasicVariant                                   : loaded 2 times (x 67B)
Class org.objectweb.asm.ByteVector                                                    : loaded 2 times (x 76B)
Class [Lcom.google.common.cache.CacheBuilder$NullListener;                            : loaded 2 times (x 66B)
Class com.google.common.math.IntMath$1                                                : loaded 2 times (x 68B)
Class [Lcom.amazon.ion.impl.bin.IonRawBinaryWriter$StreamFlushMode;                   : loaded 2 times (x 66B)
Class com.amazon.ion.UnsupportedIonVersionException                                   : loaded 2 times (x 82B)
Class kotlin.comparisons.ComparisonsKt__ComparisonsKt                                 : loaded 2 times (x 68B)
Class kotlin.ranges.RangesKt__RangesKt                                                : loaded 2 times (x 68B)
Class kotlin.collections.SetsKt___SetsKt                                              : loaded 2 times (x 68B)
Class kotlin.sequences.SequencesKt__SequencesKt                                       : loaded 2 times (x 68B)
Class kotlin.coroutines.Continuation                                                  : loaded 2 times (x 67B)
Class org.gradle.internal.classloader.VisitableURLClassLoader$Spec                    : loaded 2 times (x 71B)
Class org.gradle.internal.classpath.DefaultClassPath                                  : loaded 2 times (x 87B)
Class com.android.builder.model.v2.ide.BundleInfo                                     : loaded 2 times (x 67B)
Class com.android.builder.model.v2.ide.SourceProvider                                 : loaded 2 times (x 67B)
Class org.objectweb.asm.Symbol                                                        : loaded 2 times (x 70B)
Class com.google.common.base.AbstractIterator                                         : loaded 2 times (x 77B)
Class com.amazon.ion.impl.bin.IonManagedBinaryWriter$SymbolState                      : loaded 2 times (x 77B)
Class com.amazon.ion.IonStruct                                                        : loaded 2 times (x 67B)
Class org.jetbrains.plugins.gradle.model.GradleBuildScriptClasspathModel              : loaded 2 times (x 67B)
Class kotlin.text.CharsKt__CharJVMKt                                                  : loaded 2 times (x 68B)
Class kotlin.sequences.FilteringSequence                                              : loaded 2 times (x 72B)
Class kotlin.comparisons.ComparisonsKt                                                : loaded 2 times (x 68B)
Class kotlin.comparisons.ComparisonsKt___ComparisonsKt                                : loaded 2 times (x 68B)
Class kotlin.coroutines.jvm.internal.BaseContinuationImpl                             : loaded 2 times (x 84B)
Class kotlin.Result$Companion                                                         : loaded 2 times (x 68B)
Class org.gradle.util.internal.DefaultGradleVersion                                   : loaded 2 times (x 81B)
Class com.google.common.collect.Sets$FilteredSet                                      : loaded 2 times (x 134B)
Class com.google.common.io.Closer                                                     : loaded 2 times (x 75B)
Class org.jetbrains.plugins.gradle.model.GradleExtensions                             : loaded 2 times (x 67B)
Class com.amazon.ion.system.IonBinaryWriterBuilder                                    : loaded 2 times (x 94B)
Class com.amazon.ion.impl.bin.IonManagedBinaryWriter$UserState$4                      : loaded 2 times (x 82B)
Class com.google.common.base.CharMatcher$Ascii                                        : loaded 2 times (x 109B)
Class org.gradle.internal.classloader.ClassLoaderSpec                                 : loaded 2 times (x 68B)
Class net.rubygrapefruit.platform.internal.Platform$MacOs32Bit                        : loaded 2 times (x 79B)
Class net.rubygrapefruit.platform.internal.Platform$Linux64Bit                        : loaded 2 times (x 80B)
Class org.objectweb.asm.AnnotationWriter                                              : loaded 2 times (x 76B)
Class com.google.common.cache.CacheStats                                              : loaded 2 times (x 68B)
Class com.amazon.ion.impl.IonWriterSystemTextMarkup                                   : loaded 2 times (x 189B)
Class com.amazon.ion.impl.bin.BlockAllocator                                          : loaded 2 times (x 77B)
Class kotlin.jvm.internal.FunctionReferenceImpl                                       : loaded 2 times (x 119B)
Class kotlin.collections.CollectionsKt___CollectionsJvmKt                             : loaded 2 times (x 68B)
Class com.google.common.collect.ImmutableMultisetGwtSerializationDependencies         : loaded 2 times (x 122B)
Class com.google.common.io.Closer$Suppressor                                          : loaded 2 times (x 67B)
Class com.google.common.io.LineProcessor                                              : loaded 2 times (x 67B)
Class org.objectweb.asm.RecordComponentWriter                                         : loaded 2 times (x 75B)
Class com.google.common.util.concurrent.AbstractFuture$Listener                       : loaded 2 times (x 69B)
Class [Lcom.android.builder.model.v2.ide.ProjectType;                                 : loaded 2 times (x 66B)
Class org.jetbrains.plugins.gradle.model.UnresolvedExternalDependency                 : loaded 2 times (x 67B)
Class Settings_gradle$1$1                                                             : loaded 2 times (x 71B)
Class com.amazon.ion.system.IonWriterBuilderBase                                      : loaded 2 times (x 80B)
Class kotlin.TuplesKt                                                                 : loaded 2 times (x 68B)
Class kotlin.jvm.internal.markers.KMutableIterable                                    : loaded 2 times (x 67B)
Class kotlin.sequences.SequencesKt___SequencesJvmKt                                   : loaded 2 times (x 68B)
Class kotlin.Unit                                                                     : loaded 2 times (x 68B)
Class org.gradle.tooling.internal.adapter.ProtocolToModelAdapter$DefaultViewBuilder   : loaded 2 times (x 77B)
Class [Lcom.android.builder.model.v2.ide.AaptOptions$Namespacing;                     : loaded 2 times (x 66B)
Class [Lorg.objectweb.asm.Label;                                                      : loaded 2 times (x 66B)
Class com.android.ide.common.gradle.Version$Companion$ParseState                      : loaded 2 times (x 67B)
Class org.objectweb.asm.Attribute                                                     : loaded 2 times (x 74B)
Class com.google.common.base.Supplier                                                 : loaded 2 times (x 67B)
Class kotlin.ranges.RangesKt                                                          : loaded 2 times (x 68B)
Class org.gradle.tooling.internal.adapter.ProtocolToModelAdapter$ViewGraphDetails$1   : loaded 2 times (x 74B)
Class org.gradle.internal.classloader.VisitableURLClassLoader                         : loaded 2 times (x 114B)
Class com.android.builder.model.v2.ide.AndroidArtifact                                : loaded 2 times (x 67B)
Class net.rubygrapefruit.platform.internal.FunctionResult$Failure                     : loaded 2 times (x 76B)
Class net.rubygrapefruit.platform.internal.NativeLibraryLoader                        : loaded 2 times (x 70B)
Class com.google.common.util.concurrent.AbstractFuture$Waiter                         : loaded 2 times (x 69B)
Class Settings_gradle                                                                 : loaded 2 times (x 125B)
Class com.amazon.ion.impl.bin.IonRawBinaryWriter$1                                    : loaded 2 times (x 74B)
Class [Lcom.amazon.ion.SymbolTable;                                                   : loaded 2 times (x 66B)
Class com.amazon.ion.impl.bin.IonBinaryWriterAdapter$Factory                          : loaded 2 times (x 67B)
Class com.amazon.ion.impl.BlockedBuffer$BufferedOutputStream                          : loaded 2 times (x 87B)
Class org.jetbrains.plugins.gradle.tooling.serialization.ExternalTestsSerializationService$ReadContext: loaded 2 times (x 69B)
Class kotlin.collections.ArraysUtilJVM                                                : loaded 2 times (x 68B)
Class kotlin.sequences.FlatteningSequence$iterator$1                                  : loaded 2 times (x 76B)
Class kotlin.jvm.functions.Function0                                                  : loaded 2 times (x 67B)
Class com.google.common.io.ByteArrayDataOutput                                        : loaded 2 times (x 67B)
Class net.rubygrapefruit.platform.NativeException                                     : loaded 2 times (x 79B)
Class org.gradle.tooling.model.idea.IdeaDependency                                    : loaded 2 times (x 67B)
Class com.android.builder.model.v2.ide.AaptOptions                                    : loaded 2 times (x 67B)
Class [Lcom.android.builder.model.v2.ide.BytecodeTransformation;                      : loaded 2 times (x 66B)
Class com.android.ide.common.gradle.Version$Companion                                 : loaded 2 times (x 68B)
Class com.google.common.collect.Sets                                                  : loaded 2 times (x 68B)
Class org.objectweb.asm.Handler                                                       : loaded 2 times (x 69B)
Class com.google.common.base.Ticker                                                   : loaded 2 times (x 69B)
Class com.google.common.base.Strings                                                  : loaded 2 times (x 68B)
Class org.gradle.api.internal.classpath.ManifestUtil                                  : loaded 2 times (x 68B)
Class com.amazon.ion.impl.bin.AbstractIonWriter$WriteValueOptimization                : loaded 2 times (x 76B)
Class kotlin.collections.AbstractMutableList                                          : loaded 2 times (x 203B)
Class kotlin.jvm.functions.Function1                                                  : loaded 2 times (x 67B)
Class org.gradle.internal.agents.InstrumentingClassLoader                             : loaded 2 times (x 67B)
Class com.android.builder.model.v2.models.ndk.NativeModelBuilderParameter             : loaded 2 times (x 67B)
Class [Lcom.google.common.cache.LocalCache$Segment;                                   : loaded 2 times (x 66B)
Class [Lcom.google.common.cache.LocalCache$Strength;                                  : loaded 2 times (x 66B)
Class com.google.common.cache.CacheBuilder$1                                          : loaded 2 times (x 82B)
Class org.gradle.tooling.internal.adapter.ProtocolToModelAdapter$InvocationHandlerImpl: loaded 2 times (x 74B)
Class org.gradle.tooling.model.build.GradleEnvironment                                : loaded 2 times (x 67B)
Class com.amazon.ion.impl.bin.BlockAllocatorProvider                                  : loaded 2 times (x 69B)
Class org.jetbrains.plugins.gradle.tooling.serialization.internal.IdeaProjectSerializationService$WriteContext: loaded 2 times (x 69B)
Class com.intellij.gradle.toolingExtension.impl.model.sourceSetDependencyModel.GradleSourceSetDependencySerialisationService: loaded 2 times (x 74B)
Class org.jetbrains.plugins.gradle.model.GradleSourceSetModel                         : loaded 2 times (x 67B)
Class kotlin.KotlinNothingValueException                                              : loaded 2 times (x 79B)
Class kotlin.jvm.functions.Function2                                                  : loaded 2 times (x 67B)
Class org.gradle.internal.classpath.DefaultClassPath$ImmutableUniqueList$Builder      : loaded 2 times (x 72B)
Class org.jetbrains.plugins.gradle.tooling.util.IntObjectMap$ObjectFactory            : loaded 2 times (x 67B)
Class com.google.common.cache.LocalCache                                              : loaded 2 times (x 184B)
Class com.google.common.cache.CacheBuilder$2                                          : loaded 2 times (x 69B)
Class com.amazon.ion.IonException                                                     : loaded 2 times (x 81B)
Class com.amazon.ion.impl.lite.IonSequenceLite                                        : loaded 2 times (x 429B)
Class com.amazon.ion.impl._Private_Utils$1                                            : loaded 2 times (x 86B)
Class com.amazon.ion.impl.SymbolTableAsStruct                                         : loaded 2 times (x 67B)
Class kotlin.collections.MapsKt___MapsJvmKt                                           : loaded 2 times (x 68B)
Class org.gradle.tooling.internal.adapter.WeakIdentityHashMap$AbsentValueProvider     : loaded 2 times (x 67B)
Class com.amazon.ion.impl.bin.IonManagedBinaryWriter$UserState$3                      : loaded 2 times (x 82B)
Class com.google.common.util.concurrent.ExecutionError                                : loaded 2 times (x 79B)
Class com.google.common.collect.ArrayListMultimap                                     : loaded 2 times (x 169B)
Class com.google.common.base.AbstractIterator$1                                       : loaded 2 times (x 68B)
Class com.google.common.base.CharMatcher$Digit                                        : loaded 2 times (x 109B)
Class com.amazon.ion.impl.bin.AbstractIonWriter                                       : loaded 2 times (x 158B)
Class org.jetbrains.plugins.gradle.tooling.util.ObjectCollector$Processor             : loaded 2 times (x 67B)
Class org.jetbrains.kotlin.idea.gradleTooling.model.samWithReceiver.SamWithReceiverModel: loaded 2 times (x 67B)
Class kotlin.collections.State                                                        : loaded 2 times (x 76B)
Class kotlin.jvm.functions.Function4                                                  : loaded 2 times (x 67B)
Class kotlin.collections.EmptySet                                                     : loaded 2 times (x 119B)
Class kotlin.collections.CollectionsKt___CollectionsKt                                : loaded 2 times (x 68B)
Class kotlin.annotation.Target                                                        : loaded 2 times (x 67B)
Class com.google.common.collect.ImmutableEnumSet                                      : loaded 2 times (x 143B)
Class org.gradle.internal.exceptions.NonGradleCauseExceptionsHolder                   : loaded 2 times (x 67B)
Class org.gradle.tooling.model.idea.IdeaModuleDependency                              : loaded 2 times (x 67B)
Class org.gradle.tooling.internal.adapter.ViewBuilder                                 : loaded 2 times (x 67B)
Class com.google.common.base.Suppliers$MemoizingSupplier                              : loaded 2 times (x 76B)
Class com.android.builder.model.v2.ide.AndroidLibraryData                             : loaded 2 times (x 67B)
Class com.android.builder.model.v2.ide.ApiVersion                                     : loaded 2 times (x 67B)
Class com.android.ide.common.gradle.Version                                           : loaded 2 times (x 72B)
Class com.google.common.collect.CollectPreconditions                                  : loaded 2 times (x 68B)
Class com.google.common.base.CharMatcher$JavaIsoControl                               : loaded 2 times (x 109B)
Class com.amazon.ion.system.IonReaderBuilder                                          : loaded 2 times (x 90B)
Class org.jetbrains.plugins.gradle.model.AnnotationProcessingConfig                   : loaded 2 times (x 67B)
Class com.amazon.ion.IonReader                                                        : loaded 2 times (x 67B)
Class kotlin.text.StringsKt___StringsJvmKt                                            : loaded 2 times (x 68B)
Class kotlin.reflect.KDeclarationContainer                                            : loaded 2 times (x 67B)
Class kotlin.annotation.Retention                                                     : loaded 2 times (x 67B)
Class com.google.common.collect.Maps$AbstractFilteredMap                              : loaded 2 times (x 124B)
Class [Lcom.google.common.io.FileWriteMode;                                           : loaded 2 times (x 66B)
Class com.android.builder.model.v2.models.Versions$Version                            : loaded 2 times (x 67B)
Class com.google.common.collect.SortedMapDifference                                   : loaded 2 times (x 67B)
Class com.google.common.base.CharMatcher$JavaLowerCase                                : loaded 2 times (x 108B)
Class com.amazon.ion.IonClob                                                          : loaded 2 times (x 67B)
Class org.jetbrains.plugins.gradle.tooling.ModelBuilderService$Parameter              : loaded 2 times (x 67B)
Class kotlin.io.FilesKt                                                               : loaded 2 times (x 68B)
Class kotlin.collections.MapsKt___MapsKt                                              : loaded 2 times (x 68B)
Class kotlin.collections.ArraysKt___ArraysKt                                          : loaded 2 times (x 68B)
Class net.rubygrapefruit.platform.internal.NativeLibraryLocator                       : loaded 2 times (x 70B)
Class net.rubygrapefruit.platform.Process                                             : loaded 2 times (x 67B)
Class com.google.common.io.Files                                                      : loaded 2 times (x 68B)
Class com.google.common.cache.LocalCache$EntryFactory                                 : loaded 2 times (x 80B)
Class com.amazon.ion.impl.lite.IonLobLite                                             : loaded 2 times (x 181B)
Class com.amazon.ion.impl.lite.IonTextLite                                            : loaded 2 times (x 178B)
Class com.amazon.ion.IonNumber                                                        : loaded 2 times (x 67B)
Class org.gradle.internal.impldep.gnu.trove.TObjectIntProcedure                       : loaded 2 times (x 67B)
Class kotlin.collections.MapsKt__MapWithDefaultKt                                     : loaded 2 times (x 68B)
Class org.gradle.tooling.internal.adapter.ProtocolToModelAdapter$ReflectionMethodInvoker: loaded 2 times (x 73B)
Class com.google.common.collect.Iterables$5                                           : loaded 2 times (x 78B)
Class [Lcom.android.ide.common.gradle.Separator;                                      : loaded 2 times (x 66B)
Class org.jetbrains.kotlin.tooling.core.HasMutableExtras                              : loaded 2 times (x 67B)
Class com.google.common.cache.LocalCache$AbstractReferenceEntry                       : loaded 2 times (x 104B)
Class com.google.common.base.Splitter$1$1                                             : loaded 2 times (x 83B)
Class com.google.common.base.CharMatcher$Whitespace                                   : loaded 2 times (x 109B)
Class [Lcom.amazon.ion.impl.bin.IonManagedBinaryWriter$UserState;                     : loaded 2 times (x 66B)
Class com.amazon.ion.impl.bin.utf8.Utf8StringEncoder                                  : loaded 2 times (x 77B)
Class com.amazon.ion.IonBool                                                          : loaded 2 times (x 67B)
Class org.jetbrains.kotlin.idea.gradleTooling.model.assignment.AssignmentModel        : loaded 2 times (x 67B)
Class kotlin.text.StringsKt___StringsKt                                               : loaded 2 times (x 68B)
Class com.google.common.collect.NullsLastOrdering                                     : loaded 2 times (x 112B)
Class kotlin.collections.CollectionsKt__MutableCollectionsJVMKt                       : loaded 2 times (x 68B)
Class com.android.builder.model.v2.models.VariantDependenciesAdjacencyList            : loaded 2 times (x 67B)
Class kotlin.enums.EnumEntriesKt                                                      : loaded 2 times (x 68B)
Class com.android.builder.model.v2.models.VariantDependencies                         : loaded 2 times (x 67B)
Class net.rubygrapefruit.platform.internal.Platform$FreeBSD                           : loaded 2 times (x 79B)
Class org.objectweb.asm.SymbolTable                                                   : loaded 2 times (x 69B)
Class com.google.common.cache.CacheLoader$InvalidCacheLoadException                   : loaded 2 times (x 79B)
Class org.gradle.internal.classloader.ClassLoaderHierarchy                            : loaded 2 times (x 67B)
Class com.google.common.base.CharMatcher$SingleWidth                                  : loaded 2 times (x 109B)
Class com.amazon.ion.IonLoader                                                        : loaded 2 times (x 67B)
Class org.jetbrains.plugins.gradle.model.GradleProperty                               : loaded 2 times (x 67B)
Class org.gradle.internal.classloader.SystemClassLoaderSpec                           : loaded 2 times (x 68B)
Class com.google.common.collect.FluentIterable                                        : loaded 2 times (x 78B)
Class com.android.builder.model.v2.ide.TestedTargetVariant                            : loaded 2 times (x 67B)
Class com.google.common.cache.LocalCache$StrongEntry                                  : loaded 2 times (x 105B)
Class com.google.common.util.concurrent.AbstractFuture$TrustedFuture                  : loaded 2 times (x 111B)
Class com.google.common.cache.LoadingCache                                            : loaded 2 times (x 67B)
Class com.amazon.ion.impl._Private_Utils                                              : loaded 2 times (x 68B)
Class kotlin.ranges.IntRange$Companion                                                : loaded 2 times (x 68B)
Class kotlin.text.MatcherMatchResult$groups$1                                         : loaded 2 times (x 148B)
Class kotlin.collections.EmptyMap                                                     : loaded 2 times (x 106B)
Class kotlin.reflect.KAnnotatedElement                                                : loaded 2 times (x 67B)
Class kotlin.jvm.internal.markers.KMutableCollection                                  : loaded 2 times (x 67B)
Class kotlin.coroutines.intrinsics.IntrinsicsKt                                       : loaded 2 times (x 68B)
Class org.gradle.internal.exceptions.MultiCauseException                              : loaded 2 times (x 67B)
Class org.gradle.internal.time.CountdownTimer                                         : loaded 2 times (x 67B)
Class kotlin.jvm.internal.Intrinsics                                                  : loaded 2 times (x 68B)
Class com.google.common.base.Suppliers$NonSerializableMemoizingSupplier               : loaded 2 times (x 76B)
Class net.rubygrapefruit.platform.ProcessLauncher                                     : loaded 2 times (x 67B)
Class com.google.common.io.ByteStreams$LimitedInputStream                             : loaded 2 times (x 89B)
Class org.objectweb.asm.MethodWriter                                                  : loaded 2 times (x 103B)
Class [Lcom.google.common.cache.Weigher;                                              : loaded 2 times (x 66B)
Class kotlin.sequences.SequencesKt__SequenceBuilderKt                                 : loaded 2 times (x 68B)
Class com.intellij.gradle.toolingExtension.impl.model.projectModel.GradleExternalProjectSerializationService$ReadContext: loaded 2 times (x 70B)
Class com.intellij.gradle.toolingExtension.impl.model.dependencyModel.DependencyWriteContext: loaded 2 times (x 69B)
Class org.jetbrains.kotlin.idea.gradleTooling.model.parcelize.ParcelizeGradleModel    : loaded 2 times (x 67B)
Class kotlin.sequences.SequencesKt__SequencesKt$flatten$1                             : loaded 2 times (x 75B)
Class kotlin.collections.MapsKt                                                       : loaded 2 times (x 68B)
Class kotlin.collections.CollectionsKt__IterablesKt                                   : loaded 2 times (x 68B)
Class kotlin.coroutines.intrinsics.CoroutineSingletons                                : loaded 2 times (x 76B)
Class org.gradle.tooling.model.ProjectModel                                           : loaded 2 times (x 67B)
Class com.google.common.collect.ImmutableMultimap$1                                   : loaded 2 times (x 79B)
Class com.android.ide.common.gradle.Version$Companion$ParseState$EMPTY                : loaded 2 times (x 71B)
Class org.jetbrains.plugins.gradle.model.GradleConfiguration                          : loaded 2 times (x 67B)
Class com.amazon.ion.impl.bin.utf8.Utf8StringEncoderPool                              : loaded 2 times (x 71B)
Class com.amazon.ion.impl._Private_IonSystem                                          : loaded 2 times (x 67B)
Class com.amazon.ion.BufferConfiguration$OversizedValueHandler                        : loaded 2 times (x 67B)
Class kotlin.ranges.OpenEndRange                                                      : loaded 2 times (x 67B)
Class kotlin.sequences.SequenceBuilderIterator                                        : loaded 2 times (x 82B)
Class kotlin.KotlinNullPointerException                                               : loaded 2 times (x 80B)
Class com.google.common.collect.AbstractIterator$State                                : loaded 2 times (x 76B)
Class com.google.common.collect.ImmutableMultimap$2                                   : loaded 2 times (x 78B)
Class com.google.common.collect.RegularImmutableBiMap                                 : loaded 2 times (x 145B)
Class com.google.common.cache.LocalCache$ValueReference                               : loaded 2 times (x 67B)
Class kotlin.collections.CollectionsKt__ReversedViewsKt                               : loaded 2 times (x 68B)
Class kotlin.jvm.internal.CollectionToArray                                           : loaded 2 times (x 68B)
Class com.amazon.ion.IonDecimal                                                       : loaded 2 times (x 67B)
Class org.jetbrains.plugins.gradle.model.tests.ExternalTestsModel                     : loaded 2 times (x 67B)
Class kotlin.sequences.SequencesKt__SequencesKt$flatten$3                             : loaded 2 times (x 75B)
Class kotlin.ranges.RangesKt___RangesKt                                               : loaded 2 times (x 68B)
Class org.gradle.tooling.model.idea.IdeaLanguageLevel                                 : loaded 2 times (x 67B)
Class org.gradle.tooling.internal.adapter.ProtocolToModelAdapter$SafeMethodInvoker    : loaded 2 times (x 73B)
Class org.gradle.tooling.internal.adapter.WeakIdentityHashMap$WeakKey                 : loaded 2 times (x 76B)
Class org.gradle.internal.exceptions.DefaultMultiCauseException                       : loaded 2 times (x 92B)
Class com.google.common.hash.PrimitiveSink                                            : loaded 2 times (x 67B)
Class com.android.builder.model.v2.ide.ProjectInfo                                    : loaded 2 times (x 67B)
Class com.google.common.util.concurrent.AbstractFuture$Failure                        : loaded 2 times (x 69B)
Class com.google.common.base.Equivalence$Equals                                       : loaded 2 times (x 79B)
Class com.google.common.collect.Hashing                                               : loaded 2 times (x 68B)
Class com.google.common.base.PatternCompiler                                          : loaded 2 times (x 67B)
Class kotlin.io.FilesKt__FileTreeWalkKt                                               : loaded 2 times (x 68B)
Class com.amazon.ion.impl.bin.IonRawBinaryWriter$StreamCloseMode                      : loaded 2 times (x 76B)
Class com.amazon.ion.impl._Private_IonBinaryWriterBuilder$Mutable                     : loaded 2 times (x 106B)
Class com.intellij.gradle.toolingExtension.impl.model.projectModel.GradleExternalProjectSerializationService: loaded 2 times (x 74B)
Class kotlin.text.CharsKt__CharKt                                                     : loaded 2 times (x 68B)
Class kotlin.collections.ArraysKt                                                     : loaded 2 times (x 68B)
Class kotlin.collections.ArrayDeque$Companion                                         : loaded 2 times (x 68B)
Class org.gradle.tooling.model.HierarchicalElement                                    : loaded 2 times (x 67B)
Class com.google.common.io.CharSink                                                   : loaded 2 times (x 76B)
Class com.android.builder.model.v2.dsl.DependenciesInfo                               : loaded 2 times (x 67B)
Class kotlin.sequences.FilteringSequence$iterator$1                                   : loaded 2 times (x 76B)
Class org.objectweb.asm.Label                                                         : loaded 2 times (x 70B)
Class org.objectweb.asm.CurrentFrame                                                  : loaded 2 times (x 70B)
Class org.objectweb.asm.ClassTooLargeException                                        : loaded 2 times (x 80B)
Class com.intellij.gradle.toolingExtension.impl.model.sourceSetModel.GradleSourceSetSerialisationService$Companion: loaded 2 times (x 68B)
Class com.amazon.ion.impl._Private_IonValue                                           : loaded 2 times (x 67B)
Class com.amazon.ion.impl.bin.IonRawBinaryWriter$PatchPoint                           : loaded 2 times (x 68B)
Class com.amazon.ion.IonBlob                                                          : loaded 2 times (x 67B)
Class com.amazon.ion.IonLob                                                           : loaded 2 times (x 67B)
Class com.amazon.ion.IonSequence                                                      : loaded 2 times (x 67B)
Class org.jetbrains.plugins.gradle.tooling.serialization.ExternalTestsSerializationService: loaded 2 times (x 74B)
Class com.google.common.collect.ImmutableSetMultimap                                  : loaded 2 times (x 177B)
Class com.google.common.collect.ByFunctionOrdering                                    : loaded 2 times (x 112B)
Class kotlin.collections.SetsKt__SetsKt                                               : loaded 2 times (x 68B)
Class kotlin.coroutines.EmptyCoroutineContext                                         : loaded 2 times (x 74B)
Class org.gradle.internal.time.Time                                                   : loaded 2 times (x 68B)
Class com.google.common.collect.Maps$IteratorBasedAbstractMap                         : loaded 2 times (x 122B)
Class com.android.builder.model.v2.models.ProjectGraph                                : loaded 2 times (x 67B)
Class com.android.ide.common.gradle.Version$Companion$ParseState$NUMERIC              : loaded 2 times (x 71B)
Class com.amazon.ion.impl.bin.IonManagedBinaryWriter$UserState$2                      : loaded 2 times (x 82B)
Class [Lcom.google.common.base.AbstractIterator$State;                                : loaded 2 times (x 66B)
Class org.objectweb.asm.Frame                                                         : loaded 2 times (x 70B)
Class org.objectweb.asm.MethodVisitor                                                 : loaded 2 times (x 102B)
Class com.google.common.cache.LocalCache$EntryFactory$1                               : loaded 2 times (x 80B)
Class [Lcom.google.common.cache.RemovalListener;                                      : loaded 2 times (x 66B)
Class com.google.common.io.FileWriteMode                                              : loaded 2 times (x 76B)
Class net.rubygrapefruit.platform.internal.Platform$FreeBSD64Bit                      : loaded 2 times (x 79B)
Class com.amazon.ion.system.IonTextWriterBuilder                                      : loaded 2 times (x 94B)
Class com.amazon.ion.impl.bin.IonManagedBinaryWriter$ImportedSymbolResolverMode$1$1$1 : loaded 2 times (x 73B)
Class com.amazon.ion.impl._Private_LocalSymbolTableFactory                            : loaded 2 times (x 67B)
Class org.jetbrains.plugins.gradle.tooling.serialization.AnnotationProcessingModelSerializationService: loaded 2 times (x 74B)
Class kotlin.collections.ArraysKt__ArraysJVMKt                                        : loaded 2 times (x 68B)
Class org.gradle.internal.classloader.FilteringClassLoader                            : loaded 2 times (x 102B)
Class com.google.common.cache.LocalCache$EntryFactory$2                               : loaded 2 times (x 80B)
Class com.amazon.ion.impl.lite.IonNullLite                                            : loaded 2 times (x 172B)
Class [Lcom.intellij.openapi.externalSystem.model.project.dependencies.ResolutionState;: loaded 2 times (x 66B)
Class org.gradle.internal.impldep.gnu.trove.TObjectHash                               : loaded 2 times (x 91B)
Class org.jetbrains.plugins.gradle.model.DependencyAccessorsModel                     : loaded 2 times (x 67B)
Class kotlin.text.StringsKt__StringBuilderKt                                          : loaded 2 times (x 68B)
Class kotlin.jvm.internal.CallableReference$NoReceiver                                : loaded 2 times (x 68B)
Class com.google.common.collect.CollectCollectors                                     : loaded 2 times (x 68B)
Class org.objectweb.asm.ModuleWriter                                                  : loaded 2 times (x 79B)
Class com.google.common.cache.LocalCache$EntryFactory$3                               : loaded 2 times (x 80B)
Class com.google.common.base.Ticker$1                                                 : loaded 2 times (x 69B)
Class kotlin.NotImplementedError                                                      : loaded 2 times (x 79B)
Class com.google.common.collect.Maps$BiMapConverter                                   : loaded 2 times (x 87B)
Class com.amazon.ion.impl.lite.IonClobLite                                            : loaded 2 times (x 217B)
Class com.amazon.ion.impl._Private_ValueFactory                                       : loaded 2 times (x 67B)
Class com.amazon.ion.impl.bin.IonRawBinaryWriter$PreallocationMode$1                  : loaded 2 times (x 79B)
Class [Lcom.amazon.ion.impl.bin._Private_IonManagedBinaryWriterBuilder$AllocatorMode; : loaded 2 times (x 66B)
Class org.jetbrains.kotlin.idea.gradleTooling.KotlinMPPGradleModel                    : loaded 2 times (x 67B)
Class com.intellij.gradle.toolingExtension.impl.model.dependencyDownloadPolicyModel.GradleDependencyDownloadPolicy: loaded 2 times (x 67B)
Class kotlin.NoWhenBranchMatchedException                                             : loaded 2 times (x 79B)
Class org.gradle.tooling.model.BuildIdentifier                                        : loaded 2 times (x 67B)
Class net.rubygrapefruit.platform.internal.Platform$MacOs                             : loaded 2 times (x 79B)
Class net.rubygrapefruit.platform.internal.Platform$Window64Bit                       : loaded 2 times (x 76B)
Class com.android.builder.model.v2.ide.VectorDrawablesOptions                         : loaded 2 times (x 67B)
Class com.google.common.cache.LocalCache$EntryFactory$4                               : loaded 2 times (x 80B)
Class kotlin.sequences.FlatteningSequence                                             : loaded 2 times (x 72B)
Class kotlin.text.MatcherMatchResult                                                  : loaded 2 times (x 77B)
Class com.amazon.ion.IonInt                                                           : loaded 2 times (x 67B)
Class com.amazon.ion.impl.bin.IonRawBinaryWriter$PreallocationMode$2                  : loaded 2 times (x 79B)
Class org.jetbrains.kotlin.idea.gradleTooling.PrepareKotlinIdeImportTaskModel         : loaded 2 times (x 67B)
Class com.google.common.collect.SetMultimap                                           : loaded 2 times (x 67B)
Class com.android.builder.model.v2.ide.Edge                                           : loaded 2 times (x 67B)
Class com.google.common.io.ByteStreams$1                                              : loaded 2 times (x 82B)
Class com.android.builder.model.v2.models.VariantDependenciesFlatList                 : loaded 2 times (x 67B)
Class com.google.common.cache.LocalCache$EntryFactory$5                               : loaded 2 times (x 80B)
Class com.amazon.ion.impl.bin.IonRawBinaryWriter$PreallocationMode$3                  : loaded 2 times (x 79B)
Class com.android.ide.gradle.model.GradlePluginModel                                  : loaded 2 times (x 67B)
Class com.google.common.collect.ReverseOrdering                                       : loaded 2 times (x 112B)
Class org.gradle.tooling.model.build.JavaEnvironment                                  : loaded 2 times (x 67B)
Class kotlin.text.MatchGroupCollection                                                : loaded 2 times (x 67B)
Class com.android.builder.model.v2.ide.SourceSetContainer                             : loaded 2 times (x 67B)
Class com.google.common.cache.LocalCache$EntryFactory$6                               : loaded 2 times (x 80B)
Class org.jetbrains.plugins.gradle.model.GradleExtension                              : loaded 2 times (x 67B)
Class com.amazon.ion.impl.lite.IonDecimalLite                                         : loaded 2 times (x 185B)
Class com.amazon.ion.IonBufferConfiguration$Builder                                   : loaded 2 times (x 75B)
Class org.gradle.internal.time.Timer                                                  : loaded 2 times (x 67B)
Class kotlin.jvm.internal.markers.KMappedMarker                                       : loaded 2 times (x 67B)
Class org.gradle.internal.installation.CurrentGradleInstallationLocator               : loaded 2 times (x 68B)
Class com.google.common.collect.Maps$KeySet                                           : loaded 2 times (x 134B)
Class com.google.common.collect.ImmutableMultimap$Builder                             : loaded 2 times (x 80B)
Class com.android.builder.model.v2.ide.LintOptions                                    : loaded 2 times (x 67B)
Class org.objectweb.asm.ClassReader                                                   : loaded 2 times (x 90B)
Class com.google.common.cache.LocalCache$EntryFactory$7                               : loaded 2 times (x 80B)
Class com.google.common.collect.ImmutableSet$EmptySetBuilderImpl                      : loaded 2 times (x 73B)
Class kotlin.text.StringsKt__StringsKt                                                : loaded 2 times (x 68B)
Class com.amazon.ion.impl.bin.IonRawBinaryWriter$PatchList$1                          : loaded 2 times (x 80B)
Class [Lcom.amazon.ion.impl.bin.IonRawBinaryWriter$ContainerType;                     : loaded 2 times (x 66B)
Class org.gradle.tooling.internal.adapter.ProtocolToModelAdapter$ViewGraphDetails     : loaded 2 times (x 69B)
Class org.gradle.tooling.model.idea.IdeaProject                                       : loaded 2 times (x 67B)
Class org.gradle.tooling.model.DomainObjectSet                                        : loaded 2 times (x 67B)
Class org.gradle.internal.service.DefaultServiceLocator                               : loaded 2 times (x 80B)
Class com.google.common.collect.Maps$EntrySet                                         : loaded 2 times (x 133B)
Class com.google.common.collect.ImmutableMultimap$EntryCollection                     : loaded 2 times (x 124B)
Class com.android.builder.model.v2.ide.BasicArtifact                                  : loaded 2 times (x 67B)
Class com.google.common.cache.LocalCache$EntryFactory$8                               : loaded 2 times (x 80B)
Class org.jetbrains.plugins.gradle.tooling.serialization.internal.IdeaProjectSerializationService$ReadContext: loaded 2 times (x 69B)
Class com.amazon.ion.impl.bin.utf8.Utf8StringEncoder$Result                           : loaded 2 times (x 71B)
Class com.amazon.ion.impl.bin.utf8.Pool$Allocator                                     : loaded 2 times (x 67B)
Class com.amazon.ion.IonText                                                          : loaded 2 times (x 67B)
Class com.amazon.ion.impl.SymbolTokenImpl                                             : loaded 2 times (x 78B)
Class com.amazon.ion.SubstituteSymbolTableException                                   : loaded 2 times (x 81B)
Class kotlin.coroutines.jvm.internal.SuspendFunction                                  : loaded 2 times (x 67B)
Class org.gradle.util.GradleVersion                                                   : loaded 2 times (x 80B)
Class org.gradle.internal.installation.CurrentGradleInstallation                      : loaded 2 times (x 70B)
Class com.google.common.cache.CacheLoader$1                                           : loaded 2 times (x 72B)
Class com.amazon.ion.impl.bin.IonManagedBinaryWriter$UserState$1                      : loaded 2 times (x 82B)
Class com.google.common.base.Equivalence$Identity                                     : loaded 2 times (x 79B)
Class com.amazon.ion.impl.bin.IonManagedBinaryWriter$ImportDescriptor                 : loaded 2 times (x 73B)
Class com.amazon.ion.SymbolTable                                                      : loaded 2 times (x 67B)
Class org.jetbrains.plugins.gradle.tooling.serialization.GradleExtensionsSerializationService$WriteContext: loaded 2 times (x 69B)
Class com.intellij.gradle.toolingExtension.impl.model.taskModel.GradleTaskSerialisationService$Companion: loaded 2 times (x 68B)
Class [Lkotlin.collections.State;                                                     : loaded 2 times (x 66B)
Class kotlin.jvm.internal.Ref$BooleanRef                                              : loaded 2 times (x 68B)
Class kotlin.jvm.internal.StringCompanionObject                                       : loaded 2 times (x 68B)
Class kotlin.coroutines.intrinsics.IntrinsicsKt__IntrinsicsJvmKt                      : loaded 2 times (x 68B)
Class kotlin.coroutines.jvm.internal.CoroutineStackFrame                              : loaded 2 times (x 67B)
Class org.gradle.tooling.internal.adapter.ProtocolToModelAdapter$MethodInvocationCache$MethodInvocationKey: loaded 2 times (x 70B)
Class org.gradle.util.internal.GUtil                                                  : loaded 2 times (x 68B)
Class com.google.common.io.ByteSource                                                 : loaded 2 times (x 81B)
Class com.google.common.util.concurrent.AbstractFuture$SetFuture                      : loaded 2 times (x 72B)
Class com.android.utils.StringHelper                                                  : loaded 2 times (x 68B)
Class com.google.common.cache.AbstractCache$StatsCounter                              : loaded 2 times (x 67B)
Class [Lcom.amazon.ion.impl.bin.IonManagedBinaryWriter$SymbolState;                   : loaded 2 times (x 66B)
Class com.amazon.ion.impl._Private_IonWriterBase                                      : loaded 2 times (x 159B)
Class com.amazon.ion.system.IonSystemBuilder                                          : loaded 2 times (x 72B)
Class com.amazon.ion.IonCatalog                                                       : loaded 2 times (x 67B)
Class com.intellij.gradle.toolingExtension.impl.model.sourceSetModel.GradleSourceSetSerialisationService$SourceSetModelReadContext: loaded 2 times (x 69B)
Class com.intellij.gradle.toolingExtension.impl.model.utilTurnOffDefaultTasksModel.TurnOffDefaultTasks: loaded 2 times (x 67B)
Class kotlin.io.NoSuchFileException                                                   : loaded 2 times (x 79B)
Class kotlin.collections.CollectionsKt                                                : loaded 2 times (x 68B)
Class com.android.builder.model.v2.dsl.BuildType                                      : loaded 2 times (x 67B)
Class org.objectweb.asm.Context                                                       : loaded 2 times (x 69B)
Class com.google.common.base.PairwiseEquivalence                                      : loaded 2 times (x 80B)
Class org.gradle.internal.impldep.gnu.trove.TObjectIntHashMap                         : loaded 2 times (x 106B)
Class com.intellij.gradle.toolingExtension.impl.model.sourceSetModel.GradleSourceSetSerialisationService$SourceSetModelWriteContext: loaded 2 times (x 69B)
Class kotlin.collections.AbstractIterator$WhenMappings                                : loaded 2 times (x 68B)
Class kotlin.ranges.IntProgressionIterator                                            : loaded 2 times (x 79B)
Class kotlin.coroutines.CoroutineContext                                              : loaded 2 times (x 67B)
Class kotlin.coroutines.jvm.internal.DebugProbesKt                                    : loaded 2 times (x 68B)
Class org.gradle.tooling.internal.adapter.WeakIdentityHashMap                         : loaded 2 times (x 73B)
Class org.gradle.tooling.GradleConnectionException                                    : loaded 2 times (x 79B)
Class org.gradle.tooling.internal.adapter.ProtocolToModelAdapter$1                    : loaded 2 times (x 72B)
Class org.gradle.tooling.internal.adapter.ProtocolToModelAdapter$ViewDecoration       : loaded 2 times (x 67B)
Class org.gradle.internal.installation.GradleInstallation                             : loaded 2 times (x 72B)
Class com.android.builder.model.v2.ide.ViewBindingOptions                             : loaded 2 times (x 67B)
Class com.google.common.base.Splitter$Strategy                                        : loaded 2 times (x 67B)
Class com.amazon.ion.impl.lite.ContainerlessContext                                   : loaded 2 times (x 77B)
Class org.jetbrains.plugins.gradle.tooling.serialization.GradleExtensionsSerializationService$ReadContext: loaded 2 times (x 69B)
Class com.google.common.collect.ForwardingCollection                                  : loaded 2 times (x 127B)
Class com.google.common.collect.LexicographicalOrdering                               : loaded 2 times (x 112B)
Class org.gradle.tooling.internal.adapter.MethodInvoker                               : loaded 2 times (x 67B)
Class com.android.ide.common.gradle.Part                                              : loaded 2 times (x 74B)
Class com.google.common.collect.Lists$RandomAccessReverseList                         : loaded 2 times (x 197B)
Class com.amazon.ion.UnexpectedEofException                                           : loaded 2 times (x 81B)
Class com.amazon.ion.IonSexp                                                          : loaded 2 times (x 67B)
Class com.amazon.ion.impl._Private_LocalSymbolTable                                   : loaded 2 times (x 67B)
Class com.amazon.ion.BufferConfiguration$DataHandler                                  : loaded 2 times (x 67B)
Class com.amazon.ion.ReadOnlyValueException                                           : loaded 2 times (x 81B)
Class com.amazon.ion.impl._Private_IonBinaryWriterBuilder                             : loaded 2 times (x 106B)
Class org.jetbrains.plugins.gradle.tooling.serialization.RepositoriesModelSerializationService$WriteContext: loaded 2 times (x 69B)
Class com.android.ide.gradle.model.LegacyAndroidGradlePluginProperties                : loaded 2 times (x 67B)
Class kotlin.ranges.IntProgression                                                    : loaded 2 times (x 78B)
Class kotlin.jvm.KotlinReflectionNotSupportedError                                    : loaded 2 times (x 79B)
Class org.gradle.tooling.model.gradle.GradleScript                                    : loaded 2 times (x 67B)

---------------  S Y S T E M  ---------------

OS:
 Windows 11 , 64 bit Build 26100 (10.0.26100.7705)
OS uptime: 3 days 5:23 hours

CPU: total 8 (initial active 8) (4 cores per cpu, 2 threads per core) family 6 model 142 stepping 12 microcode 0xfc, cx8, cmov, fxsr, ht, mmx, 3dnowpref, sse, sse2, sse3, ssse3, sse4.1, sse4.2, popcnt, lzcnt, tsc, tscinvbit, avx, avx2, aes, erms, clmul, bmi1, bmi2, adx, fma, vzeroupper, clflush, clflushopt, rdtscp, f16c
Processor Information for all 8 processors :
  Max Mhz: 2112, Current Mhz: 1609, Mhz Limit: 1605

Memory: 4k page, system-wide physical 7952M (264M free)
TotalPageFile size 23940M (AvailPageFile size 149M)
current process WorkingSet (physical memory assigned to process): 509M, peak: 643M
current process commit charge ("private bytes"): 1033M, peak: 1385M

vm_info: OpenJDK 64-Bit Server VM (21.0.3+-12282718-b509.11) for windows-amd64 JRE (21.0.3+-12282718-b509.11), built on 2024-08-27T17:34:15Z by "builder" with MS VC++ 16.10 / 16.11 (VS2019)

END.
