#
# There is insufficient memory for the Java Runtime Environment to continue.
# Native memory allocation (mmap) failed to map 392167424 bytes. Error detail: G1 virtual space
# Possible reasons:
#   The system is out of physical RAM or swap space
#   This process is running with CompressedOops enabled, and the Java Heap may be blocking the growth of the native heap
# Possible solutions:
#   Reduce memory load on the system
#   Increase physical memory or swap space
#   Check if swap backing store is full
#   Decrease Java heap size (-Xmx/-Xms)
#   Decrease number of Java threads
#   Decrease Java thread stack sizes (-Xss)
#   Set larger code cache with -XX:ReservedCodeCacheSize=
#   JVM is running with Unscaled Compressed Oops mode in which the Java heap is
#     placed in the first 4GB address space. The Java Heap base address is the
#     maximum limit for the native heap growth. Please use -XX:HeapBaseMinAddress
#     to set the Java Heap base and to place the Java Heap above 4GB virtual address.
# This output file may be truncated or incomplete.
#
#  Out of Memory Error (os_windows.cpp:3815), pid=7116, tid=14584
#
# JRE version: OpenJDK Runtime Environment (21.0.3) (build 21.0.3+-12282718-b509.11)
# Java VM: OpenJDK 64-Bit Server VM (21.0.3+-12282718-b509.11, mixed mode, tiered, compressed oops, compressed class ptrs, g1 gc, windows-amd64)
# No core dump will be written. Minidumps are not enabled by default on client versions of Windows
#

---------------  S U M M A R Y ------------

Command Line: --add-opens=java.base/java.util=ALL-UNNAMED --add-opens=java.base/java.lang=ALL-UNNAMED --add-opens=java.base/java.lang.invoke=ALL-UNNAMED --add-opens=java.prefs/java.util.prefs=ALL-UNNAMED --add-exports=jdk.compiler/com.sun.tools.javac.api=ALL-UNNAMED --add-exports=jdk.compiler/com.sun.tools.javac.util=ALL-UNNAMED --add-opens=java.base/java.nio.charset=ALL-UNNAMED --add-opens=java.base/java.net=ALL-UNNAMED --add-opens=java.base/java.util.concurrent.atomic=ALL-UNNAMED -Xmx2048m -Dfile.encoding=UTF-8 -Duser.country=US -Duser.language=en -Duser.variant -javaagent:C:\Users\MCC2104001_003\.gradle\wrapper\dists\gradle-8.9-bin\90cnw93cvbtalezasaz0blq0a\gradle-8.9\lib\agents\gradle-instrumentation-agent-8.9.jar org.gradle.launcher.daemon.bootstrap.GradleDaemon 8.9

Host: Intel(R) Core(TM) i5-10210U CPU @ 1.60GHz, 8 cores, 7G,  Windows 11 , 64 bit Build 26100 (10.0.26100.6725)
Time: Mon Nov 10 16:08:59 2025 SE Asia Standard Time elapsed time: 53.282194 seconds (0d 0h 0m 53s)

---------------  T H R E A D  ---------------

Current thread (0x0000019f524c1950):  VMThread "VM Thread"          [id=14584, stack(0x0000005814200000,0x0000005814300000) (1024K)]

Stack: [0x0000005814200000,0x0000005814300000]
Native frames: (J=compiled Java code, j=interpreted, Vv=VM code, C=native code)
V  [jvm.dll+0x6cafb9]
V  [jvm.dll+0x858523]
V  [jvm.dll+0x85aa7e]
V  [jvm.dll+0x85b163]
V  [jvm.dll+0x27d356]
V  [jvm.dll+0x6c7865]
V  [jvm.dll+0x6bbd3a]
V  [jvm.dll+0x35199b]
V  [jvm.dll+0x3595d6]
V  [jvm.dll+0x3aa826]
V  [jvm.dll+0x3aaaf8]
V  [jvm.dll+0x3240bc]
V  [jvm.dll+0x326ac6]
V  [jvm.dll+0x33092e]
V  [jvm.dll+0x3680c5]
V  [jvm.dll+0x860ac8]
V  [jvm.dll+0x861bc4]
V  [jvm.dll+0x862100]
V  [jvm.dll+0x862393]
V  [jvm.dll+0x800d78]
V  [jvm.dll+0x6c98cd]
C  [ucrtbase.dll+0x37b0]
C  [KERNEL32.DLL+0x2e8d7]
C  [ntdll.dll+0x8c53c]

VM_Operation (0x0000005813dff300): G1PauseRemark, mode: safepoint, requested by thread 0x0000019f3a65d990


---------------  P R O C E S S  ---------------

Threads class SMR info:
_java_thread_list=0x0000019f5b25e7d0, length=142, elements={
0x0000019f38b2c780, 0x0000019f526b5820, 0x0000019f526b6750, 0x0000019f526a2a70,
0x0000019f526b7bd0, 0x0000019f52699260, 0x0000019f526c6420, 0x0000019f526bbe30,
0x0000019f5269e180, 0x0000019f526fb9f0, 0x0000019f529fddd0, 0x0000019f58854de0,
0x0000019f5897c300, 0x0000019f5897c990, 0x0000019f5897b5e0, 0x0000019f588fd2a0,
0x0000019f588fd930, 0x0000019f588fc580, 0x0000019f588fdfc0, 0x0000019f588fe650,
0x0000019f588fcc10, 0x0000019f588ff370, 0x0000019f588fbef0, 0x0000019f589027f0,
0x0000019f58902160, 0x0000019f58902e80, 0x0000019f58900720, 0x0000019f58903510,
0x0000019f58900090, 0x0000019f58900db0, 0x0000019f58901440, 0x0000019f5922d460,
0x0000019f59232320, 0x0000019f5922eea0, 0x0000019f592329b0, 0x0000019f59233040,
0x0000019f5922fbc0, 0x0000019f592336d0, 0x0000019f59233d60, 0x0000019f592343f0,
0x0000019f59234a80, 0x0000019f5cfe51a0, 0x0000019f5cfe3760, 0x0000019f5cfe2a40,
0x0000019f5cfe4b10, 0x0000019f5cfe1d20, 0x0000019f5cfe3df0, 0x0000019f5cfe4480,
0x0000019f5cfe5830, 0x0000019f5cfe23b0, 0x0000019f5cfe6550, 0x0000019f5cfe30d0,
0x0000019f5cfe9340, 0x0000019f5c9a6720, 0x0000019f5c9a7ad0, 0x0000019f5c9a8e80,
0x0000019f5d6b7f50, 0x0000019f5d6b78c0, 0x0000019f5d6b5160, 0x0000019f5d6b6ba0,
0x0000019f5d6b5e80, 0x0000019f5d6b85e0, 0x0000019f5d6b57f0, 0x0000019f5d6b8c70,
0x0000019f5d6ba020, 0x0000019f5d6b9300, 0x0000019f5d6bc0f0, 0x0000019f5d6b9990,
0x0000019f5d6bad40, 0x0000019f5d6bb3d0, 0x0000019f5d6bba60, 0x0000019f5f803540,
0x0000019f5c2913f0, 0x0000019f5c291a80, 0x0000019f5c28f9b0, 0x0000019f5c2906d0,
0x0000019f5c292110, 0x0000019f5c2927a0, 0x0000019f5c290d60, 0x0000019f5f801470,
0x0000019f5f801b00, 0x0000019f5f802190, 0x0000019f5f802820, 0x0000019f5f802eb0,
0x0000019f58901ad0, 0x0000019f5d7c1d20, 0x0000019f5d7c0970, 0x0000019f5d7bef30,
0x0000019f5d7c1000, 0x0000019f5d7be8a0, 0x0000019f5d7bfc50, 0x0000019f5d7bf5c0,
0x0000019f5d7c1690, 0x0000019f5d7c23b0, 0x0000019f5d7c3760, 0x0000019f5d7c02e0,
0x0000019f5d7c4480, 0x0000019f5d7c4b10, 0x0000019f5d7c3df0, 0x0000019f5d7c51a0,
0x0000019f5d7c5830, 0x0000019f5d7c30d0, 0x0000019f5d7c2a40, 0x0000019f5d7c5ec0,
0x0000019f5dd0dd00, 0x0000019f5dd11180, 0x0000019f5dd10af0, 0x0000019f5dd0f740,
0x0000019f5dd11810, 0x0000019f5dd0e390, 0x0000019f5dd0fdd0, 0x0000019f5dd11ea0,
0x0000019f5dd0f0b0, 0x0000019f5dd0ea20, 0x0000019f5dd138e0, 0x0000019f5dd12530,
0x0000019f5dd12bc0, 0x0000019f5dd10460, 0x0000019f5dd13250, 0x0000019f5dd13f70,
0x0000019f5dd15320, 0x0000019f5dd14600, 0x0000019f5dd14c90, 0x0000019f5e7c60e0,
0x0000019f5ed4a920, 0x0000019f5ee74af0, 0x0000019f5ee75180, 0x0000019f5b91b080,
0x0000019f5ed49c00, 0x0000019f5ed4a290, 0x0000019f5b918350, 0x0000019f59f4a780,
0x0000019f59f4ae10, 0x0000019f59f49a60, 0x0000019f5f33c4e0, 0x0000019f5f3396f0,
0x0000019f5b43eac0, 0x0000019f58f5af30, 0x0000019f5e4ab4d0, 0x0000019f5b43e430,
0x0000019f58f58140, 0x0000019f5b9189e0
}

Java Threads: ( => current thread )
  0x0000019f38b2c780 JavaThread "main"                              [_thread_blocked, id=6220, stack(0x0000005813b00000,0x0000005813c00000) (1024K)]
  0x0000019f526b5820 JavaThread "Reference Handler"          daemon [_thread_blocked, id=22268, stack(0x0000005814300000,0x0000005814400000) (1024K)]
  0x0000019f526b6750 JavaThread "Finalizer"                  daemon [_thread_blocked, id=20496, stack(0x0000005814400000,0x0000005814500000) (1024K)]
  0x0000019f526a2a70 JavaThread "Signal Dispatcher"          daemon [_thread_blocked, id=10672, stack(0x0000005814500000,0x0000005814600000) (1024K)]
  0x0000019f526b7bd0 JavaThread "Attach Listener"            daemon [_thread_blocked, id=17332, stack(0x0000005814600000,0x0000005814700000) (1024K)]
  0x0000019f52699260 JavaThread "Service Thread"             daemon [_thread_blocked, id=1648, stack(0x0000005814700000,0x0000005814800000) (1024K)]
  0x0000019f526c6420 JavaThread "Monitor Deflation Thread"   daemon [_thread_blocked, id=7308, stack(0x0000005814800000,0x0000005814900000) (1024K)]
  0x0000019f526bbe30 JavaThread "C2 CompilerThread0"         daemon [_thread_blocked, id=13556, stack(0x0000005814900000,0x0000005814a00000) (1024K)]
  0x0000019f5269e180 JavaThread "C1 CompilerThread0"         daemon [_thread_blocked, id=18676, stack(0x0000005814a00000,0x0000005814b00000) (1024K)]
  0x0000019f526fb9f0 JavaThread "Common-Cleaner"             daemon [_thread_blocked, id=19176, stack(0x0000005814b00000,0x0000005814c00000) (1024K)]
  0x0000019f529fddd0 JavaThread "Notification Thread"        daemon [_thread_blocked, id=3336, stack(0x0000005814c00000,0x0000005814d00000) (1024K)]
  0x0000019f58854de0 JavaThread "Daemon health stats"               [_thread_blocked, id=17828, stack(0x0000005815200000,0x0000005815300000) (1024K)]
  0x0000019f5897c300 JavaThread "Incoming local TCP Connector on port 61672"        [_thread_in_native, id=18996, stack(0x0000005814d00000,0x0000005814e00000) (1024K)]
  0x0000019f5897c990 JavaThread "Daemon periodic checks"            [_thread_blocked, id=19040, stack(0x0000005815400000,0x0000005815500000) (1024K)]
  0x0000019f5897b5e0 JavaThread "Daemon"                            [_thread_blocked, id=21896, stack(0x0000005815500000,0x0000005815600000) (1024K)]
  0x0000019f588fd2a0 JavaThread "Handler for socket connection from /127.0.0.1:61672 to /127.0.0.1:61673"        [_thread_in_native, id=8824, stack(0x0000005815600000,0x0000005815700000) (1024K)]
  0x0000019f588fd930 JavaThread "Cancel handler"                    [_thread_blocked, id=7360, stack(0x0000005815700000,0x0000005815800000) (1024K)]
  0x0000019f588fc580 JavaThread "Daemon worker"                     [_thread_blocked, id=19660, stack(0x0000005815800000,0x0000005815900000) (1024K)]
  0x0000019f588fdfc0 JavaThread "Asynchronous log dispatcher for DefaultDaemonConnection: socket connection from /127.0.0.1:61672 to /127.0.0.1:61673"        [_thread_blocked, id=8648, stack(0x0000005815900000,0x0000005815a00000) (1024K)]
  0x0000019f588fe650 JavaThread "Stdin handler"                     [_thread_blocked, id=14220, stack(0x0000005815a00000,0x0000005815b00000) (1024K)]
  0x0000019f588fcc10 JavaThread "Daemon client event forwarder"        [_thread_blocked, id=17812, stack(0x0000005815b00000,0x0000005815c00000) (1024K)]
  0x0000019f588ff370 JavaThread "Cache worker for journal cache (C:\Users\MCC2104001_003\.gradle\caches\journal-1)"        [_thread_blocked, id=12476, stack(0x0000005816000000,0x0000005816100000) (1024K)]
  0x0000019f588fbef0 JavaThread "File lock request listener"        [_thread_in_native, id=14344, stack(0x0000005816100000,0x0000005816200000) (1024K)]
  0x0000019f589027f0 JavaThread "Cache worker for file hash cache (C:\Users\MCC2104001_003\.gradle\caches\8.9\fileHashes)"        [_thread_blocked, id=1028, stack(0x0000005816200000,0x0000005816300000) (1024K)]
  0x0000019f58902160 JavaThread "Cache worker for file hash cache (C:\Users\MCC2104001_003\AndroidStudioProjects\IsekiParcom\.gradle\8.9\fileHashes)"        [_thread_blocked, id=17572, stack(0x0000005816300000,0x0000005816400000) (1024K)]
  0x0000019f58902e80 JavaThread "Cache worker for Build Output Cleanup Cache (C:\Users\MCC2104001_003\AndroidStudioProjects\IsekiParcom\.gradle\buildOutputCleanup)"        [_thread_blocked, id=9780, stack(0x0000005816400000,0x0000005816500000) (1024K)]
  0x0000019f58900720 JavaThread "File watcher server"        daemon [_thread_blocked, id=6544, stack(0x0000005816500000,0x0000005816600000) (1024K)]
  0x0000019f58903510 JavaThread "File watcher consumer"      daemon [_thread_blocked, id=15252, stack(0x0000005816600000,0x0000005816700000) (1024K)]
  0x0000019f58900090 JavaThread "Cache worker for checksums cache (C:\Users\MCC2104001_003\AndroidStudioProjects\IsekiParcom\.gradle\8.9\checksums)"        [_thread_blocked, id=17684, stack(0x0000005816700000,0x0000005816800000) (1024K)]
  0x0000019f58900db0 JavaThread "Cache worker for file content cache (C:\Users\MCC2104001_003\.gradle\caches\8.9\fileContent)"        [_thread_blocked, id=17660, stack(0x0000005816800000,0x0000005816900000) (1024K)]
  0x0000019f58901440 JavaThread "Cache worker for cache directory md-rule (C:\Users\MCC2104001_003\.gradle\caches\8.9\md-rule)"        [_thread_blocked, id=17732, stack(0x0000005816900000,0x0000005816a00000) (1024K)]
  0x0000019f5922d460 JavaThread "Cache worker for cache directory md-supplier (C:\Users\MCC2104001_003\.gradle\caches\8.9\md-supplier)"        [_thread_blocked, id=4920, stack(0x0000005816a00000,0x0000005816b00000) (1024K)]
  0x0000019f59232320 JavaThread "Unconstrained build operations"        [_thread_blocked, id=524, stack(0x0000005816c00000,0x0000005816d00000) (1024K)]
  0x0000019f5922eea0 JavaThread "Unconstrained build operations Thread 2"        [_thread_blocked, id=21108, stack(0x0000005816d00000,0x0000005816e00000) (1024K)]
  0x0000019f592329b0 JavaThread "Unconstrained build operations Thread 3"        [_thread_blocked, id=10180, stack(0x0000005816e00000,0x0000005816f00000) (1024K)]
  0x0000019f59233040 JavaThread "Unconstrained build operations Thread 4"        [_thread_blocked, id=2472, stack(0x0000005816f00000,0x0000005817000000) (1024K)]
  0x0000019f5922fbc0 JavaThread "Unconstrained build operations Thread 5"        [_thread_blocked, id=9408, stack(0x0000005817000000,0x0000005817100000) (1024K)]
  0x0000019f592336d0 JavaThread "Unconstrained build operations Thread 6"        [_thread_blocked, id=2016, stack(0x0000005817100000,0x0000005817200000) (1024K)]
  0x0000019f59233d60 JavaThread "Unconstrained build operations Thread 7"        [_thread_blocked, id=11228, stack(0x0000005817200000,0x0000005817300000) (1024K)]
  0x0000019f592343f0 JavaThread "Unconstrained build operations Thread 8"        [_thread_blocked, id=7404, stack(0x0000005817300000,0x0000005817400000) (1024K)]
  0x0000019f59234a80 JavaThread "Unconstrained build operations Thread 9"        [_thread_blocked, id=3920, stack(0x0000005817400000,0x0000005817500000) (1024K)]
  0x0000019f5cfe51a0 JavaThread "Unconstrained build operations Thread 10"        [_thread_blocked, id=19792, stack(0x0000005817500000,0x0000005817600000) (1024K)]
  0x0000019f5cfe3760 JavaThread "Unconstrained build operations Thread 11"        [_thread_blocked, id=14916, stack(0x0000005817600000,0x0000005817700000) (1024K)]
  0x0000019f5cfe2a40 JavaThread "Unconstrained build operations Thread 12"        [_thread_blocked, id=960, stack(0x0000005817700000,0x0000005817800000) (1024K)]
  0x0000019f5cfe4b10 JavaThread "Unconstrained build operations Thread 13"        [_thread_blocked, id=13160, stack(0x0000005817800000,0x0000005817900000) (1024K)]
  0x0000019f5cfe1d20 JavaThread "Unconstrained build operations Thread 14"        [_thread_blocked, id=10508, stack(0x0000005817900000,0x0000005817a00000) (1024K)]
  0x0000019f5cfe3df0 JavaThread "Unconstrained build operations Thread 15"        [_thread_blocked, id=15296, stack(0x0000005817a00000,0x0000005817b00000) (1024K)]
  0x0000019f5cfe4480 JavaThread "Unconstrained build operations Thread 16"        [_thread_blocked, id=15516, stack(0x0000005817b00000,0x0000005817c00000) (1024K)]
  0x0000019f5cfe5830 JavaThread "Unconstrained build operations Thread 17"        [_thread_blocked, id=21216, stack(0x0000005817c00000,0x0000005817d00000) (1024K)]
  0x0000019f5cfe23b0 JavaThread "Unconstrained build operations Thread 18"        [_thread_blocked, id=22000, stack(0x0000005817d00000,0x0000005817e00000) (1024K)]
  0x0000019f5cfe6550 JavaThread "Unconstrained build operations Thread 19"        [_thread_blocked, id=20768, stack(0x0000005817e00000,0x0000005817f00000) (1024K)]
  0x0000019f5cfe30d0 JavaThread "Unconstrained build operations Thread 20"        [_thread_blocked, id=21092, stack(0x0000005817f00000,0x0000005818000000) (1024K)]
  0x0000019f5cfe9340 JavaThread "Unconstrained build operations Thread 21"        [_thread_blocked, id=8600, stack(0x0000005818000000,0x0000005818100000) (1024K)]
  0x0000019f5c9a6720 JavaThread "build event listener"              [_thread_blocked, id=15936, stack(0x0000005815300000,0x0000005815400000) (1024K)]
  0x0000019f5c9a7ad0 JavaThread "Memory manager"                    [_thread_blocked, id=21304, stack(0x0000005818100000,0x0000005818200000) (1024K)]
  0x0000019f5c9a8e80 JavaThread "build event listener"              [_thread_blocked, id=21712, stack(0x0000005818300000,0x0000005818400000) (1024K)]
  0x0000019f5d6b7f50 JavaThread "included builds"                   [_thread_blocked, id=2904, stack(0x0000005818400000,0x0000005818500000) (1024K)]
  0x0000019f5d6b78c0 JavaThread "Execution worker"                  [_thread_blocked, id=20836, stack(0x0000005818500000,0x0000005818600000) (1024K)]
  0x0000019f5d6b5160 JavaThread "Execution worker Thread 2"         [_thread_blocked, id=18460, stack(0x0000005818600000,0x0000005818700000) (1024K)]
  0x0000019f5d6b6ba0 JavaThread "Execution worker Thread 3"         [_thread_blocked, id=19204, stack(0x0000005818700000,0x0000005818800000) (1024K)]
  0x0000019f5d6b5e80 JavaThread "Execution worker Thread 4"         [_thread_blocked, id=17980, stack(0x0000005818800000,0x0000005818900000) (1024K)]
  0x0000019f5d6b85e0 JavaThread "Execution worker Thread 5"         [_thread_blocked, id=4128, stack(0x0000005818900000,0x0000005818a00000) (1024K)]
  0x0000019f5d6b57f0 JavaThread "Execution worker Thread 6"         [_thread_blocked, id=16468, stack(0x0000005818a00000,0x0000005818b00000) (1024K)]
  0x0000019f5d6b8c70 JavaThread "Execution worker Thread 7"         [_thread_blocked, id=22260, stack(0x0000005818b00000,0x0000005818c00000) (1024K)]
  0x0000019f5d6ba020 JavaThread "Cache worker for execution history cache (C:\Users\MCC2104001_003\AndroidStudioProjects\IsekiParcom\.gradle\8.9\executionHistory)"        [_thread_blocked, id=21068, stack(0x0000005818c00000,0x0000005818d00000) (1024K)]
  0x0000019f5d6b9300 JavaThread "Unconstrained build operations Thread 22"        [_thread_blocked, id=1328, stack(0x0000005818d00000,0x0000005818e00000) (1024K)]
  0x0000019f5d6bc0f0 JavaThread "Unconstrained build operations Thread 23"        [_thread_blocked, id=10416, stack(0x0000005818e00000,0x0000005818f00000) (1024K)]
  0x0000019f5d6b9990 JavaThread "Unconstrained build operations Thread 24"        [_thread_blocked, id=1232, stack(0x0000005818f00000,0x0000005819000000) (1024K)]
  0x0000019f5d6bad40 JavaThread "Unconstrained build operations Thread 25"        [_thread_blocked, id=9888, stack(0x0000005819000000,0x0000005819100000) (1024K)]
  0x0000019f5d6bb3d0 JavaThread "Unconstrained build operations Thread 26"        [_thread_blocked, id=1412, stack(0x0000005819100000,0x0000005819200000) (1024K)]
  0x0000019f5d6bba60 JavaThread "Unconstrained build operations Thread 27"        [_thread_blocked, id=9872, stack(0x0000005819200000,0x0000005819300000) (1024K)]
  0x0000019f5f803540 JavaThread "Unconstrained build operations Thread 28"        [_thread_blocked, id=17224, stack(0x0000005819300000,0x0000005819400000) (1024K)]
  0x0000019f5c2913f0 JavaThread "Unconstrained build operations Thread 29"        [_thread_blocked, id=10540, stack(0x0000005819400000,0x0000005819500000) (1024K)]
  0x0000019f5c291a80 JavaThread "Unconstrained build operations Thread 30"        [_thread_blocked, id=20100, stack(0x0000005819500000,0x0000005819600000) (1024K)]
  0x0000019f5c28f9b0 JavaThread "Unconstrained build operations Thread 31"        [_thread_blocked, id=20568, stack(0x0000005819600000,0x0000005819700000) (1024K)]
  0x0000019f5c2906d0 JavaThread "Unconstrained build operations Thread 32"        [_thread_blocked, id=12228, stack(0x0000005819700000,0x0000005819800000) (1024K)]
  0x0000019f5c292110 JavaThread "Unconstrained build operations Thread 33"        [_thread_blocked, id=13704, stack(0x0000005819800000,0x0000005819900000) (1024K)]
  0x0000019f5c2927a0 JavaThread "Unconstrained build operations Thread 34"        [_thread_blocked, id=17592, stack(0x0000005819900000,0x0000005819a00000) (1024K)]
  0x0000019f5c290d60 JavaThread "Unconstrained build operations Thread 35"        [_thread_blocked, id=11096, stack(0x0000005819a00000,0x0000005819b00000) (1024K)]
  0x0000019f5f801470 JavaThread "Unconstrained build operations Thread 36"        [_thread_blocked, id=22360, stack(0x0000005819b00000,0x0000005819c00000) (1024K)]
  0x0000019f5f801b00 JavaThread "Unconstrained build operations Thread 37"        [_thread_blocked, id=19800, stack(0x0000005819c00000,0x0000005819d00000) (1024K)]
  0x0000019f5f802190 JavaThread "Unconstrained build operations Thread 38"        [_thread_blocked, id=10320, stack(0x0000005819d00000,0x0000005819e00000) (1024K)]
  0x0000019f5f802820 JavaThread "Unconstrained build operations Thread 39"        [_thread_blocked, id=20884, stack(0x0000005819e00000,0x0000005819f00000) (1024K)]
  0x0000019f5f802eb0 JavaThread "Unconstrained build operations Thread 40"        [_thread_blocked, id=21104, stack(0x0000005819f00000,0x000000581a000000) (1024K)]
  0x0000019f58901ad0 JavaThread "Unconstrained build operations Thread 41"        [_thread_blocked, id=9404, stack(0x000000581a000000,0x000000581a100000) (1024K)]
  0x0000019f5d7c1d20 JavaThread "Unconstrained build operations Thread 42"        [_thread_blocked, id=11084, stack(0x000000581a100000,0x000000581a200000) (1024K)]
  0x0000019f5d7c0970 JavaThread "Unconstrained build operations Thread 43"        [_thread_blocked, id=11952, stack(0x000000581a200000,0x000000581a300000) (1024K)]
  0x0000019f5d7bef30 JavaThread "Unconstrained build operations Thread 44"        [_thread_blocked, id=13040, stack(0x000000581a300000,0x000000581a400000) (1024K)]
  0x0000019f5d7c1000 JavaThread "Unconstrained build operations Thread 45"        [_thread_blocked, id=16988, stack(0x000000581a400000,0x000000581a500000) (1024K)]
  0x0000019f5d7be8a0 JavaThread "Unconstrained build operations Thread 46"        [_thread_blocked, id=15272, stack(0x000000581a500000,0x000000581a600000) (1024K)]
  0x0000019f5d7bfc50 JavaThread "Unconstrained build operations Thread 47"        [_thread_blocked, id=20788, stack(0x000000581a600000,0x000000581a700000) (1024K)]
  0x0000019f5d7bf5c0 JavaThread "Unconstrained build operations Thread 48"        [_thread_blocked, id=16556, stack(0x000000581a700000,0x000000581a800000) (1024K)]
  0x0000019f5d7c1690 JavaThread "Unconstrained build operations Thread 49"        [_thread_blocked, id=20956, stack(0x000000581a800000,0x000000581a900000) (1024K)]
  0x0000019f5d7c23b0 JavaThread "Unconstrained build operations Thread 50"        [_thread_blocked, id=18240, stack(0x000000581a900000,0x000000581aa00000) (1024K)]
  0x0000019f5d7c3760 JavaThread "Unconstrained build operations Thread 51"        [_thread_blocked, id=19060, stack(0x000000581aa00000,0x000000581ab00000) (1024K)]
  0x0000019f5d7c02e0 JavaThread "Unconstrained build operations Thread 52"        [_thread_blocked, id=13848, stack(0x000000581ab00000,0x000000581ac00000) (1024K)]
  0x0000019f5d7c4480 JavaThread "Unconstrained build operations Thread 53"        [_thread_blocked, id=21808, stack(0x000000581ac00000,0x000000581ad00000) (1024K)]
  0x0000019f5d7c4b10 JavaThread "Unconstrained build operations Thread 54"        [_thread_blocked, id=18048, stack(0x000000581ad00000,0x000000581ae00000) (1024K)]
  0x0000019f5d7c3df0 JavaThread "Unconstrained build operations Thread 55"        [_thread_blocked, id=19052, stack(0x000000581ae00000,0x000000581af00000) (1024K)]
  0x0000019f5d7c51a0 JavaThread "Unconstrained build operations Thread 56"        [_thread_blocked, id=21632, stack(0x000000581af00000,0x000000581b000000) (1024K)]
  0x0000019f5d7c5830 JavaThread "Unconstrained build operations Thread 57"        [_thread_blocked, id=13148, stack(0x000000581b000000,0x000000581b100000) (1024K)]
  0x0000019f5d7c30d0 JavaThread "Unconstrained build operations Thread 58"        [_thread_blocked, id=13212, stack(0x000000581b100000,0x000000581b200000) (1024K)]
  0x0000019f5d7c2a40 JavaThread "Unconstrained build operations Thread 59"        [_thread_blocked, id=16928, stack(0x000000581b200000,0x000000581b300000) (1024K)]
  0x0000019f5d7c5ec0 JavaThread "Unconstrained build operations Thread 60"        [_thread_blocked, id=9508, stack(0x000000581b300000,0x000000581b400000) (1024K)]
  0x0000019f5dd0dd00 JavaThread "Unconstrained build operations Thread 61"        [_thread_blocked, id=2380, stack(0x000000581b400000,0x000000581b500000) (1024K)]
  0x0000019f5dd11180 JavaThread "Unconstrained build operations Thread 62"        [_thread_blocked, id=19484, stack(0x000000581b500000,0x000000581b600000) (1024K)]
  0x0000019f5dd10af0 JavaThread "Unconstrained build operations Thread 63"        [_thread_blocked, id=10668, stack(0x000000581b600000,0x000000581b700000) (1024K)]
  0x0000019f5dd0f740 JavaThread "Unconstrained build operations Thread 64"        [_thread_blocked, id=13836, stack(0x000000581b700000,0x000000581b800000) (1024K)]
  0x0000019f5dd11810 JavaThread "Unconstrained build operations Thread 65"        [_thread_blocked, id=14244, stack(0x000000581b800000,0x000000581b900000) (1024K)]
  0x0000019f5dd0e390 JavaThread "Unconstrained build operations Thread 66"        [_thread_blocked, id=8212, stack(0x000000581b900000,0x000000581ba00000) (1024K)]
  0x0000019f5dd0fdd0 JavaThread "Unconstrained build operations Thread 67"        [_thread_blocked, id=10692, stack(0x000000581ba00000,0x000000581bb00000) (1024K)]
  0x0000019f5dd11ea0 JavaThread "Unconstrained build operations Thread 68"        [_thread_blocked, id=1156, stack(0x000000581bb00000,0x000000581bc00000) (1024K)]
  0x0000019f5dd0f0b0 JavaThread "Unconstrained build operations Thread 69"        [_thread_blocked, id=13388, stack(0x000000581bc00000,0x000000581bd00000) (1024K)]
  0x0000019f5dd0ea20 JavaThread "Unconstrained build operations Thread 70"        [_thread_blocked, id=13828, stack(0x000000581bd00000,0x000000581be00000) (1024K)]
  0x0000019f5dd138e0 JavaThread "Unconstrained build operations Thread 71"        [_thread_blocked, id=20668, stack(0x000000581be00000,0x000000581bf00000) (1024K)]
  0x0000019f5dd12530 JavaThread "Unconstrained build operations Thread 72"        [_thread_blocked, id=6308, stack(0x000000581bf00000,0x000000581c000000) (1024K)]
  0x0000019f5dd12bc0 JavaThread "Unconstrained build operations Thread 73"        [_thread_blocked, id=21904, stack(0x000000581c000000,0x000000581c100000) (1024K)]
  0x0000019f5dd10460 JavaThread "Unconstrained build operations Thread 74"        [_thread_blocked, id=10880, stack(0x000000581c100000,0x000000581c200000) (1024K)]
  0x0000019f5dd13250 JavaThread "Unconstrained build operations Thread 75"        [_thread_blocked, id=18984, stack(0x000000581c200000,0x000000581c300000) (1024K)]
  0x0000019f5dd13f70 JavaThread "Unconstrained build operations Thread 76"        [_thread_blocked, id=9328, stack(0x000000581c300000,0x000000581c400000) (1024K)]
  0x0000019f5dd15320 JavaThread "Unconstrained build operations Thread 77"        [_thread_blocked, id=22316, stack(0x000000581c400000,0x000000581c500000) (1024K)]
  0x0000019f5dd14600 JavaThread "Unconstrained build operations Thread 78"        [_thread_blocked, id=15120, stack(0x000000581c500000,0x000000581c600000) (1024K)]
  0x0000019f5dd14c90 JavaThread "Unconstrained build operations Thread 79"        [_thread_blocked, id=21364, stack(0x000000581c600000,0x000000581c700000) (1024K)]
  0x0000019f5e7c60e0 JavaThread "Unconstrained build operations Thread 80"        [_thread_blocked, id=17720, stack(0x000000581c700000,0x000000581c800000) (1024K)]
  0x0000019f5ed4a920 JavaThread "WorkerExecutor Queue"              [_thread_in_native, id=1396, stack(0x000000581c800000,0x000000581c900000) (1024K)]
  0x0000019f5ee74af0 JavaThread "RMI Scheduler(0)"           daemon [_thread_blocked, id=5284, stack(0x000000581c900000,0x000000581ca00000) (1024K)]
  0x0000019f5ee75180 JavaThread "RMI RenewClean-[127.0.0.1:17225,org.jetbrains.kotlin.daemon.common.LoopbackNetworkInterface$ClientLoopbackSocketFactory@29572482]" daemon [_thread_blocked, id=9852, stack(0x000000581ca00000,0x000000581cb00000) (1024K)]
  0x0000019f5b91b080 JavaThread "RMI GC Daemon"              daemon [_thread_blocked, id=10592, stack(0x000000581cb00000,0x000000581cc00000) (1024K)]
  0x0000019f5ed49c00 JavaThread "RMI TCP Accept-0"           daemon [_thread_in_native, id=1224, stack(0x000000581cc00000,0x000000581cd00000) (1024K)]
  0x0000019f5ed4a290 JavaThread "RMI Reaper"                        [_thread_blocked, id=3564, stack(0x000000581cd00000,0x000000581ce00000) (1024K)]
  0x0000019f5b918350 JavaThread "RMI TCP Connection(idle)"   daemon [_thread_blocked, id=17144, stack(0x000000581ce00000,0x000000581cf00000) (1024K)]
  0x0000019f59f4a780 JavaThread "WorkerExecutor Queue Thread 2"        [_thread_blocked, id=2396, stack(0x0000005818200000,0x0000005818300000) (1024K)]
  0x0000019f59f4ae10 JavaThread "WorkerExecutor Queue Thread 3"        [_thread_blocked, id=10524, stack(0x000000581cf00000,0x000000581d000000) (1024K)]
  0x0000019f59f49a60 JavaThread "WorkerExecutor Queue Thread 4"        [_thread_blocked, id=5156, stack(0x000000581d000000,0x000000581d100000) (1024K)]
  0x0000019f5f33c4e0 JavaThread "ForkJoinPool-1-worker-1"    daemon [_thread_blocked, id=3544, stack(0x000000581d100000,0x000000581d200000) (1024K)]
  0x0000019f5f3396f0 JavaThread "ForkJoinPool-1-worker-2"    daemon [_thread_blocked, id=11080, stack(0x000000581d200000,0x000000581d300000) (1024K)]
  0x0000019f5b43eac0 JavaThread "ForkJoinPool-1-worker-3"    daemon [_thread_blocked, id=20632, stack(0x000000581d300000,0x000000581d400000) (1024K)]
  0x0000019f58f5af30 JavaThread "ForkJoinPool-1-worker-4"    daemon [_thread_blocked, id=17472, stack(0x000000581d400000,0x000000581d500000) (1024K)]
  0x0000019f5e4ab4d0 JavaThread "ForkJoinPool-1-worker-5"    daemon [_thread_blocked, id=15280, stack(0x000000581d500000,0x000000581d600000) (1024K)]
  0x0000019f5b43e430 JavaThread "ForkJoinPool-1-worker-6"    daemon [_thread_blocked, id=4768, stack(0x000000581d600000,0x000000581d700000) (1024K)]
  0x0000019f58f58140 JavaThread "ForkJoinPool-1-worker-7"    daemon [_thread_blocked, id=20992, stack(0x000000581d700000,0x000000581d800000) (1024K)]
  0x0000019f5b9189e0 JavaThread "ForkJoinPool-1-worker-8"    daemon [_thread_blocked, id=18636, stack(0x000000581d800000,0x000000581d900000) (1024K)]
Total: 142

Other Threads:
=>0x0000019f524c1950 VMThread "VM Thread"                           [id=14584, stack(0x0000005814200000,0x0000005814300000) (1024K)]
  0x0000019f52477c50 WatcherThread "VM Periodic Task Thread"        [id=10768, stack(0x0000005814100000,0x0000005814200000) (1024K)]
  0x0000019f3a64b450 WorkerThread "GC Thread#0"                     [id=9160, stack(0x0000005813c00000,0x0000005813d00000) (1024K)]
  0x0000019f572174e0 WorkerThread "GC Thread#1"                     [id=2376, stack(0x0000005814e00000,0x0000005814f00000) (1024K)]
  0x0000019f579311e0 WorkerThread "GC Thread#2"                     [id=13528, stack(0x0000005814f00000,0x0000005815000000) (1024K)]
  0x0000019f57bd1200 WorkerThread "GC Thread#3"                     [id=15924, stack(0x0000005815000000,0x0000005815100000) (1024K)]
  0x0000019f57bd15a0 WorkerThread "GC Thread#4"                     [id=17200, stack(0x0000005815100000,0x0000005815200000) (1024K)]
  0x0000019f58a01250 WorkerThread "GC Thread#5"                     [id=3492, stack(0x0000005815c00000,0x0000005815d00000) (1024K)]
  0x0000019f58a01a00 WorkerThread "GC Thread#6"                     [id=3516, stack(0x0000005815d00000,0x0000005815e00000) (1024K)]
  0x0000019f58bc8370 WorkerThread "GC Thread#7"                     [id=20084, stack(0x0000005815e00000,0x0000005815f00000) (1024K)]
  0x0000019f3a65d990 ConcurrentGCThread "G1 Main Marker"            [id=9828, stack(0x0000005813d00000,0x0000005813e00000) (1024K)]
  0x0000019f3a65ef10 WorkerThread "G1 Conc#0"                       [id=9464, stack(0x0000005813e00000,0x0000005813f00000) (1024K)]
  0x0000019f58ac12c0 WorkerThread "G1 Conc#1"                       [id=5364, stack(0x0000005815f00000,0x0000005816000000) (1024K)]
  0x0000019f52347910 ConcurrentGCThread "G1 Refine#0"               [id=18792, stack(0x0000005813f00000,0x0000005814000000) (1024K)]
  0x0000019f52349140 ConcurrentGCThread "G1 Service"                [id=11208, stack(0x0000005814000000,0x0000005814100000) (1024K)]
Total: 15

Threads with active compile tasks:
C2 CompilerThread0    53379 18458 %     4       com.android.tools.r8.dex.L::a @ 1404 (3518 bytes)
Total: 1

VM state: at safepoint (normal execution)

VM Mutex/Monitor currently owned by a thread:  ([mutex/lock_event])
[0x00007ffd344b20c8] Threads_lock - owner thread: 0x0000019f524c1950
[0x00007ffd344b21c8] Heap_lock - owner thread: 0x0000019f3a65d990

Heap address: 0x0000000080000000, size: 2048 MB, Compressed Oops mode: 32-bit

CDS archive(s) not mapped
Compressed class space mapped at: 0x0000000100000000-0x0000000140000000, reserved size: 1073741824
Narrow klass base: 0x0000000000000000, Narrow klass shift: 3, Narrow klass range: 0x140000000

GC Precious Log:
 CardTable entry size: 512
 Card Set container configuration: InlinePtr #cards 5 size 8 Array Of Cards #cards 12 size 40 Howl #buckets 4 coarsen threshold 1843 Howl Bitmap #cards 512 size 80 coarsen threshold 460 Card regions per heap region 1 cards per card region 2048
 CPUs: 8 total, 8 available
 Memory: 7952M
 Large Page Support: Disabled
 NUMA Support: Disabled
 Compressed Oops: Enabled (32-bit)
 Heap Region Size: 1M
 Heap Min Capacity: 8M
 Heap Initial Capacity: 126M
 Heap Max Capacity: 2G
 Pre-touch: Disabled
 Parallel Workers: 8
 Concurrent Workers: 2
 Concurrent Refinement Workers: 8
 Periodic GC: Disabled

Heap:
 garbage-first heap   total 1155072K, used 920897K [0x0000000080000000, 0x0000000100000000)
  region size 1024K, 82 young (83968K), 4 survivors (4096K)
 Metaspace       used 129505K, committed 131840K, reserved 1179648K
  class space    used 17976K, committed 19136K, reserved 1048576K

Heap Regions: E=young(eden), S=young(survivor), O=old, HS=humongous(starts), HC=humongous(continues), CS=collection set, F=free, TAMS=top-at-mark-start, PB=parsable bottom
|   0|0x0000000080000000, 0x0000000080100000, 0x0000000080100000|100%|HS|  |TAMS 0x0000000080100000| PB 0x0000000080000000| Complete 
|   1|0x0000000080100000, 0x0000000080200000, 0x0000000080200000|100%|HC|  |TAMS 0x0000000080200000| PB 0x0000000080100000| Complete 
|   2|0x0000000080200000, 0x0000000080300000, 0x0000000080300000|100%|HC|  |TAMS 0x0000000080300000| PB 0x0000000080200000| Complete 
|   3|0x0000000080300000, 0x0000000080400000, 0x0000000080400000|100%|HC|  |TAMS 0x0000000080400000| PB 0x0000000080300000| Complete 
|   4|0x0000000080400000, 0x0000000080500000, 0x0000000080500000|100%| O|  |TAMS 0x0000000080500000| PB 0x0000000080500000| Untracked 
|   5|0x0000000080500000, 0x0000000080600000, 0x0000000080600000|100%| O|  |TAMS 0x0000000080600000| PB 0x0000000080600000| Untracked 
|   6|0x0000000080600000, 0x0000000080700000, 0x0000000080700000|100%| O|  |TAMS 0x0000000080700000| PB 0x0000000080700000| Untracked 
|   7|0x0000000080700000, 0x0000000080800000, 0x0000000080800000|100%| O|  |TAMS 0x0000000080800000| PB 0x0000000080800000| Untracked 
|   8|0x0000000080800000, 0x0000000080900000, 0x0000000080900000|100%| O|  |TAMS 0x0000000080900000| PB 0x0000000080900000| Updating 
|   9|0x0000000080900000, 0x0000000080a00000, 0x0000000080a00000|100%| O|  |TAMS 0x0000000080a00000| PB 0x0000000080a00000| Untracked 
|  10|0x0000000080a00000, 0x0000000080ac06c8, 0x0000000080b00000| 75%| O|  |TAMS 0x0000000080ac06c8| PB 0x0000000080ac06c8| Updating 
|  11|0x0000000080b00000, 0x0000000080c00000, 0x0000000080c00000|100%|HS|  |TAMS 0x0000000080c00000| PB 0x0000000080b00000| Complete 
|  12|0x0000000080c00000, 0x0000000080d00000, 0x0000000080d00000|100%| O|  |TAMS 0x0000000080d00000| PB 0x0000000080d00000| Untracked 
|  13|0x0000000080d00000, 0x0000000080e00000, 0x0000000080e00000|100%| O|  |TAMS 0x0000000080e00000| PB 0x0000000080e00000| Untracked 
|  14|0x0000000080e00000, 0x0000000080f00000, 0x0000000080f00000|100%| O|  |TAMS 0x0000000080f00000| PB 0x0000000080f00000| Untracked 
|  15|0x0000000080f00000, 0x0000000081000000, 0x0000000081000000|100%| O|  |TAMS 0x0000000081000000| PB 0x0000000081000000| Updating 
|  16|0x0000000081000000, 0x0000000081100000, 0x0000000081100000|100%| O|  |TAMS 0x0000000081100000| PB 0x0000000081100000| Untracked 
|  17|0x0000000081100000, 0x0000000081200000, 0x0000000081200000|100%| O|  |TAMS 0x0000000081200000| PB 0x0000000081200000| Untracked 
|  18|0x0000000081200000, 0x0000000081300000, 0x0000000081300000|100%| O|  |TAMS 0x0000000081300000| PB 0x0000000081300000| Untracked 
|  19|0x0000000081300000, 0x0000000081400000, 0x0000000081400000|100%| O|  |TAMS 0x0000000081400000| PB 0x0000000081400000| Untracked 
|  20|0x0000000081400000, 0x0000000081500000, 0x0000000081500000|100%| O|  |TAMS 0x0000000081500000| PB 0x0000000081500000| Untracked 
|  21|0x0000000081500000, 0x0000000081600000, 0x0000000081600000|100%| O|  |TAMS 0x0000000081600000| PB 0x0000000081600000| Untracked 
|  22|0x0000000081600000, 0x0000000081700000, 0x0000000081700000|100%| O|  |TAMS 0x0000000081700000| PB 0x0000000081700000| Untracked 
|  23|0x0000000081700000, 0x0000000081800000, 0x0000000081800000|100%| O|  |TAMS 0x0000000081800000| PB 0x0000000081800000| Untracked 
|  24|0x0000000081800000, 0x0000000081900000, 0x0000000081900000|100%| O|  |TAMS 0x0000000081900000| PB 0x0000000081900000| Untracked 
|  25|0x0000000081900000, 0x0000000081a00000, 0x0000000081a00000|100%| O|  |TAMS 0x0000000081a00000| PB 0x0000000081a00000| Untracked 
|  26|0x0000000081a00000, 0x0000000081b00000, 0x0000000081b00000|100%| O|  |TAMS 0x0000000081b00000| PB 0x0000000081b00000| Untracked 
|  27|0x0000000081b00000, 0x0000000081c00000, 0x0000000081c00000|100%| O|  |TAMS 0x0000000081c00000| PB 0x0000000081c00000| Updating 
|  28|0x0000000081c00000, 0x0000000081d00000, 0x0000000081d00000|100%| O|  |TAMS 0x0000000081d00000| PB 0x0000000081d00000| Untracked 
|  29|0x0000000081d00000, 0x0000000081e00000, 0x0000000081e00000|100%| O|  |TAMS 0x0000000081e00000| PB 0x0000000081e00000| Updating 
|  30|0x0000000081e00000, 0x0000000081f00000, 0x0000000081f00000|100%| O|  |TAMS 0x0000000081f00000| PB 0x0000000081f00000| Untracked 
|  31|0x0000000081f00000, 0x0000000082000000, 0x0000000082000000|100%| O|  |TAMS 0x0000000082000000| PB 0x0000000082000000| Untracked 
|  32|0x0000000082000000, 0x0000000082100000, 0x0000000082100000|100%| O|  |TAMS 0x0000000082100000| PB 0x0000000082100000| Updating 
|  33|0x0000000082100000, 0x0000000082200000, 0x0000000082200000|100%| O|  |TAMS 0x0000000082200000| PB 0x0000000082200000| Untracked 
|  34|0x0000000082200000, 0x0000000082300000, 0x0000000082300000|100%|HS|  |TAMS 0x0000000082300000| PB 0x0000000082200000| Complete 
|  35|0x0000000082300000, 0x0000000082400000, 0x0000000082400000|100%| O|  |TAMS 0x0000000082400000| PB 0x0000000082400000| Updating 
|  36|0x0000000082400000, 0x0000000082500000, 0x0000000082500000|100%|HS|  |TAMS 0x0000000082500000| PB 0x0000000082400000| Complete 
|  37|0x0000000082500000, 0x0000000082600000, 0x0000000082600000|100%| O|  |TAMS 0x0000000082600000| PB 0x0000000082600000| Untracked 
|  38|0x0000000082600000, 0x0000000082700000, 0x0000000082700000|100%|HS|  |TAMS 0x0000000082700000| PB 0x0000000082600000| Complete 
|  39|0x0000000082700000, 0x0000000082800000, 0x0000000082800000|100%|HS|  |TAMS 0x0000000082800000| PB 0x0000000082700000| Complete 
|  40|0x0000000082800000, 0x0000000082900000, 0x0000000082900000|100%|HC|  |TAMS 0x0000000082900000| PB 0x0000000082800000| Complete 
|  41|0x0000000082900000, 0x0000000082a00000, 0x0000000082a00000|100%|HS|  |TAMS 0x0000000082a00000| PB 0x0000000082900000| Complete 
|  42|0x0000000082a00000, 0x0000000082b00000, 0x0000000082b00000|100%|HC|  |TAMS 0x0000000082b00000| PB 0x0000000082a00000| Complete 
|  43|0x0000000082b00000, 0x0000000082c00000, 0x0000000082c00000|100%|HS|  |TAMS 0x0000000082c00000| PB 0x0000000082b00000| Complete 
|  44|0x0000000082c00000, 0x0000000082d00000, 0x0000000082d00000|100%| O|  |TAMS 0x0000000082d00000| PB 0x0000000082d00000| Untracked 
|  45|0x0000000082d00000, 0x0000000082e00000, 0x0000000082e00000|100%| O|  |TAMS 0x0000000082e00000| PB 0x0000000082e00000| Updating 
|  46|0x0000000082e00000, 0x0000000082f00000, 0x0000000082f00000|100%| O|  |TAMS 0x0000000082f00000| PB 0x0000000082f00000| Updating 
|  47|0x0000000082f00000, 0x0000000083000000, 0x0000000083000000|100%| O|  |TAMS 0x0000000083000000| PB 0x0000000083000000| Untracked 
|  48|0x0000000083000000, 0x0000000083100000, 0x0000000083100000|100%| O|  |TAMS 0x0000000083100000| PB 0x0000000083100000| Untracked 
|  49|0x0000000083100000, 0x0000000083200000, 0x0000000083200000|100%|HS|  |TAMS 0x0000000083200000| PB 0x0000000083100000| Complete 
|  50|0x0000000083200000, 0x0000000083300000, 0x0000000083300000|100%|HC|  |TAMS 0x0000000083300000| PB 0x0000000083200000| Complete 
|  51|0x0000000083300000, 0x0000000083400000, 0x0000000083400000|100%|HC|  |TAMS 0x0000000083400000| PB 0x0000000083300000| Complete 
|  52|0x0000000083400000, 0x0000000083500000, 0x0000000083500000|100%|HS|  |TAMS 0x0000000083500000| PB 0x0000000083400000| Complete 
|  53|0x0000000083500000, 0x0000000083600000, 0x0000000083600000|100%| O|  |TAMS 0x0000000083600000| PB 0x0000000083600000| Untracked 
|  54|0x0000000083600000, 0x0000000083700000, 0x0000000083700000|100%| O|  |TAMS 0x0000000083700000| PB 0x0000000083700000| Untracked 
|  55|0x0000000083700000, 0x0000000083800000, 0x0000000083800000|100%|HS|  |TAMS 0x0000000083800000| PB 0x0000000083700000| Complete 
|  56|0x0000000083800000, 0x0000000083900000, 0x0000000083900000|100%|HS|  |TAMS 0x0000000083900000| PB 0x0000000083800000| Complete 
|  57|0x0000000083900000, 0x0000000083a00000, 0x0000000083a00000|100%| O|  |TAMS 0x0000000083a00000| PB 0x0000000083a00000| Untracked 
|  58|0x0000000083a00000, 0x0000000083b00000, 0x0000000083b00000|100%| O|  |TAMS 0x0000000083b00000| PB 0x0000000083b00000| Updating 
|  59|0x0000000083b00000, 0x0000000083c00000, 0x0000000083c00000|100%| O|  |TAMS 0x0000000083c00000| PB 0x0000000083c00000| Updating 
|  60|0x0000000083c00000, 0x0000000083d00000, 0x0000000083d00000|100%| O|  |TAMS 0x0000000083d00000| PB 0x0000000083d00000| Updating 
|  61|0x0000000083d00000, 0x0000000083e00000, 0x0000000083e00000|100%| O|  |TAMS 0x0000000083e00000| PB 0x0000000083e00000| Untracked 
|  62|0x0000000083e00000, 0x0000000083f00000, 0x0000000083f00000|100%| O|  |TAMS 0x0000000083f00000| PB 0x0000000083f00000| Untracked 
|  63|0x0000000083f00000, 0x0000000084000000, 0x0000000084000000|100%| O|  |TAMS 0x0000000084000000| PB 0x0000000084000000| Untracked 
|  64|0x0000000084000000, 0x0000000084100000, 0x0000000084100000|100%| O|  |TAMS 0x0000000084100000| PB 0x0000000084100000| Untracked 
|  65|0x0000000084100000, 0x0000000084200000, 0x0000000084200000|100%| O|  |TAMS 0x0000000084200000| PB 0x0000000084200000| Untracked 
|  66|0x0000000084200000, 0x0000000084300000, 0x0000000084300000|100%| O|  |TAMS 0x0000000084300000| PB 0x0000000084300000| Untracked 
|  67|0x0000000084300000, 0x0000000084400000, 0x0000000084400000|100%| O|  |TAMS 0x0000000084400000| PB 0x0000000084400000| Updating 
|  68|0x0000000084400000, 0x0000000084500000, 0x0000000084500000|100%|HS|  |TAMS 0x0000000084500000| PB 0x0000000084400000| Complete 
|  69|0x0000000084500000, 0x0000000084600000, 0x0000000084600000|100%|HC|  |TAMS 0x0000000084600000| PB 0x0000000084500000| Complete 
|  70|0x0000000084600000, 0x0000000084700000, 0x0000000084700000|100%|HC|  |TAMS 0x0000000084700000| PB 0x0000000084600000| Complete 
|  71|0x0000000084700000, 0x0000000084800000, 0x0000000084800000|100%| O|  |TAMS 0x0000000084800000| PB 0x0000000084800000| Untracked 
|  72|0x0000000084800000, 0x0000000084900000, 0x0000000084900000|100%|HS|  |TAMS 0x0000000084900000| PB 0x0000000084800000| Complete 
|  73|0x0000000084900000, 0x0000000084a00000, 0x0000000084a00000|100%| O|  |TAMS 0x0000000084a00000| PB 0x0000000084a00000| Updating 
|  74|0x0000000084a00000, 0x0000000084b00000, 0x0000000084b00000|100%| O|  |TAMS 0x0000000084b00000| PB 0x0000000084b00000| Untracked 
|  75|0x0000000084b00000, 0x0000000084c00000, 0x0000000084c00000|100%| O|  |TAMS 0x0000000084c00000| PB 0x0000000084c00000| Untracked 
|  76|0x0000000084c00000, 0x0000000084d00000, 0x0000000084d00000|100%| O|  |TAMS 0x0000000084d00000| PB 0x0000000084d00000| Untracked 
|  77|0x0000000084d00000, 0x0000000084e00000, 0x0000000084e00000|100%| O|  |TAMS 0x0000000084e00000| PB 0x0000000084e00000| Updating 
|  78|0x0000000084e00000, 0x0000000084f00000, 0x0000000084f00000|100%| O|  |TAMS 0x0000000084f00000| PB 0x0000000084f00000| Updating 
|  79|0x0000000084f00000, 0x0000000085000000, 0x0000000085000000|100%| O|  |TAMS 0x0000000085000000| PB 0x0000000085000000| Untracked 
|  80|0x0000000085000000, 0x0000000085100000, 0x0000000085100000|100%| O|  |TAMS 0x0000000085100000| PB 0x0000000085100000| Untracked 
|  81|0x0000000085100000, 0x0000000085200000, 0x0000000085200000|100%| O|  |TAMS 0x0000000085200000| PB 0x0000000085200000| Untracked 
|  82|0x0000000085200000, 0x0000000085300000, 0x0000000085300000|100%| O|  |TAMS 0x0000000085300000| PB 0x0000000085300000| Untracked 
|  83|0x0000000085300000, 0x0000000085400000, 0x0000000085400000|100%| O|  |TAMS 0x0000000085400000| PB 0x0000000085400000| Untracked 
|  84|0x0000000085400000, 0x0000000085500000, 0x0000000085500000|100%| O|  |TAMS 0x0000000085500000| PB 0x0000000085500000| Untracked 
|  85|0x0000000085500000, 0x0000000085600000, 0x0000000085600000|100%|HS|  |TAMS 0x0000000085600000| PB 0x0000000085500000| Complete 
|  86|0x0000000085600000, 0x0000000085700000, 0x0000000085700000|100%| O|  |TAMS 0x0000000085700000| PB 0x0000000085700000| Updating 
|  87|0x0000000085700000, 0x0000000085800000, 0x0000000085800000|100%| O|  |TAMS 0x0000000085800000| PB 0x0000000085800000| Updating 
|  88|0x0000000085800000, 0x0000000085900000, 0x0000000085900000|100%| O|  |TAMS 0x0000000085900000| PB 0x0000000085900000| Untracked 
|  89|0x0000000085900000, 0x0000000085a00000, 0x0000000085a00000|100%| O|  |TAMS 0x0000000085a00000| PB 0x0000000085a00000| Untracked 
|  90|0x0000000085a00000, 0x0000000085b00000, 0x0000000085b00000|100%| O|  |TAMS 0x0000000085b00000| PB 0x0000000085b00000| Untracked 
|  91|0x0000000085b00000, 0x0000000085c00000, 0x0000000085c00000|100%| O|  |TAMS 0x0000000085c00000| PB 0x0000000085c00000| Untracked 
|  92|0x0000000085c00000, 0x0000000085d00000, 0x0000000085d00000|100%| O|  |TAMS 0x0000000085d00000| PB 0x0000000085d00000| Untracked 
|  93|0x0000000085d00000, 0x0000000085e00000, 0x0000000085e00000|100%| O|  |TAMS 0x0000000085e00000| PB 0x0000000085e00000| Untracked 
|  94|0x0000000085e00000, 0x0000000085f00000, 0x0000000085f00000|100%| O|  |TAMS 0x0000000085f00000| PB 0x0000000085f00000| Untracked 
|  95|0x0000000085f00000, 0x0000000086000000, 0x0000000086000000|100%| O|  |TAMS 0x0000000086000000| PB 0x0000000086000000| Untracked 
|  96|0x0000000086000000, 0x0000000086100000, 0x0000000086100000|100%| O|  |TAMS 0x0000000086100000| PB 0x0000000086100000| Untracked 
|  97|0x0000000086100000, 0x0000000086200000, 0x0000000086200000|100%| O|  |TAMS 0x0000000086200000| PB 0x0000000086200000| Updating 
|  98|0x0000000086200000, 0x0000000086300000, 0x0000000086300000|100%| O|  |TAMS 0x0000000086300000| PB 0x0000000086300000| Updating 
|  99|0x0000000086300000, 0x0000000086400000, 0x0000000086400000|100%| O|  |TAMS 0x0000000086400000| PB 0x0000000086400000| Untracked 
| 100|0x0000000086400000, 0x0000000086500000, 0x0000000086500000|100%| O|  |TAMS 0x0000000086500000| PB 0x0000000086500000| Updating 
| 101|0x0000000086500000, 0x0000000086600000, 0x0000000086600000|100%| O|  |TAMS 0x0000000086600000| PB 0x0000000086600000| Untracked 
| 102|0x0000000086600000, 0x0000000086700000, 0x0000000086700000|100%| O|  |TAMS 0x0000000086700000| PB 0x0000000086700000| Untracked 
| 103|0x0000000086700000, 0x0000000086800000, 0x0000000086800000|100%| O|  |TAMS 0x0000000086800000| PB 0x0000000086800000| Updating 
| 104|0x0000000086800000, 0x0000000086900000, 0x0000000086900000|100%| O|  |TAMS 0x0000000086900000| PB 0x0000000086900000| Untracked 
| 105|0x0000000086900000, 0x0000000086a00000, 0x0000000086a00000|100%| O|  |TAMS 0x0000000086a00000| PB 0x0000000086a00000| Untracked 
| 106|0x0000000086a00000, 0x0000000086b00000, 0x0000000086b00000|100%| O|  |TAMS 0x0000000086b00000| PB 0x0000000086b00000| Untracked 
| 107|0x0000000086b00000, 0x0000000086c00000, 0x0000000086c00000|100%| O|  |TAMS 0x0000000086c00000| PB 0x0000000086c00000| Untracked 
| 108|0x0000000086c00000, 0x0000000086d00000, 0x0000000086d00000|100%| O|  |TAMS 0x0000000086d00000| PB 0x0000000086d00000| Updating 
| 109|0x0000000086d00000, 0x0000000086e00000, 0x0000000086e00000|100%| O|  |TAMS 0x0000000086e00000| PB 0x0000000086e00000| Updating 
| 110|0x0000000086e00000, 0x0000000086f00000, 0x0000000086f00000|100%| O|  |TAMS 0x0000000086f00000| PB 0x0000000086f00000| Untracked 
| 111|0x0000000086f00000, 0x0000000087000000, 0x0000000087000000|100%| O|  |TAMS 0x0000000087000000| PB 0x0000000087000000| Updating 
| 112|0x0000000087000000, 0x0000000087100000, 0x0000000087100000|100%|HS|  |TAMS 0x0000000087100000| PB 0x0000000087000000| Complete 
| 113|0x0000000087100000, 0x0000000087200000, 0x0000000087200000|100%|HS|  |TAMS 0x0000000087200000| PB 0x0000000087100000| Complete 
| 114|0x0000000087200000, 0x0000000087300000, 0x0000000087300000|100%|HS|  |TAMS 0x0000000087300000| PB 0x0000000087200000| Complete 
| 115|0x0000000087300000, 0x0000000087400000, 0x0000000087400000|100%|HS|  |TAMS 0x0000000087400000| PB 0x0000000087300000| Complete 
| 116|0x0000000087400000, 0x0000000087500000, 0x0000000087500000|100%|HC|  |TAMS 0x0000000087500000| PB 0x0000000087400000| Complete 
| 117|0x0000000087500000, 0x0000000087600000, 0x0000000087600000|100%|HC|  |TAMS 0x0000000087600000| PB 0x0000000087500000| Complete 
| 118|0x0000000087600000, 0x0000000087700000, 0x0000000087700000|100%|HC|  |TAMS 0x0000000087700000| PB 0x0000000087600000| Complete 
| 119|0x0000000087700000, 0x0000000087800000, 0x0000000087800000|100%|HS|  |TAMS 0x0000000087800000| PB 0x0000000087700000| Complete 
| 120|0x0000000087800000, 0x0000000087900000, 0x0000000087900000|100%|HC|  |TAMS 0x0000000087900000| PB 0x0000000087800000| Complete 
| 121|0x0000000087900000, 0x0000000087a00000, 0x0000000087a00000|100%|HC|  |TAMS 0x0000000087a00000| PB 0x0000000087900000| Complete 
| 122|0x0000000087a00000, 0x0000000087b00000, 0x0000000087b00000|100%|HC|  |TAMS 0x0000000087b00000| PB 0x0000000087a00000| Complete 
| 123|0x0000000087b00000, 0x0000000087c00000, 0x0000000087c00000|100%|HC|  |TAMS 0x0000000087c00000| PB 0x0000000087b00000| Complete 
| 124|0x0000000087c00000, 0x0000000087d00000, 0x0000000087d00000|100%|HC|  |TAMS 0x0000000087d00000| PB 0x0000000087c00000| Complete 
| 125|0x0000000087d00000, 0x0000000087e00000, 0x0000000087e00000|100%|HC|  |TAMS 0x0000000087e00000| PB 0x0000000087d00000| Complete 
| 126|0x0000000087e00000, 0x0000000087f00000, 0x0000000087f00000|100%|HC|  |TAMS 0x0000000087f00000| PB 0x0000000087e00000| Complete 
| 127|0x0000000087f00000, 0x0000000088000000, 0x0000000088000000|100%|HC|  |TAMS 0x0000000088000000| PB 0x0000000087f00000| Complete 
| 128|0x0000000088000000, 0x0000000088100000, 0x0000000088100000|100%|HC|  |TAMS 0x0000000088100000| PB 0x0000000088000000| Complete 
| 129|0x0000000088100000, 0x0000000088200000, 0x0000000088200000|100%|HC|  |TAMS 0x0000000088200000| PB 0x0000000088100000| Complete 
| 130|0x0000000088200000, 0x0000000088300000, 0x0000000088300000|100%|HC|  |TAMS 0x0000000088300000| PB 0x0000000088200000| Complete 
| 131|0x0000000088300000, 0x0000000088400000, 0x0000000088400000|100%|HC|  |TAMS 0x0000000088400000| PB 0x0000000088300000| Complete 
| 132|0x0000000088400000, 0x0000000088500000, 0x0000000088500000|100%|HC|  |TAMS 0x0000000088500000| PB 0x0000000088400000| Complete 
| 133|0x0000000088500000, 0x0000000088600000, 0x0000000088600000|100%|HC|  |TAMS 0x0000000088600000| PB 0x0000000088500000| Complete 
| 134|0x0000000088600000, 0x0000000088700000, 0x0000000088700000|100%|HC|  |TAMS 0x0000000088700000| PB 0x0000000088600000| Complete 
| 135|0x0000000088700000, 0x0000000088800000, 0x0000000088800000|100%|HC|  |TAMS 0x0000000088800000| PB 0x0000000088700000| Complete 
| 136|0x0000000088800000, 0x0000000088900000, 0x0000000088900000|100%|HC|  |TAMS 0x0000000088900000| PB 0x0000000088800000| Complete 
| 137|0x0000000088900000, 0x0000000088a00000, 0x0000000088a00000|100%|HC|  |TAMS 0x0000000088a00000| PB 0x0000000088900000| Complete 
| 138|0x0000000088a00000, 0x0000000088b00000, 0x0000000088b00000|100%|HC|  |TAMS 0x0000000088b00000| PB 0x0000000088a00000| Complete 
| 139|0x0000000088b00000, 0x0000000088c00000, 0x0000000088c00000|100%|HC|  |TAMS 0x0000000088c00000| PB 0x0000000088b00000| Complete 
| 140|0x0000000088c00000, 0x0000000088d00000, 0x0000000088d00000|100%|HC|  |TAMS 0x0000000088d00000| PB 0x0000000088c00000| Complete 
| 141|0x0000000088d00000, 0x0000000088e00000, 0x0000000088e00000|100%|HC|  |TAMS 0x0000000088e00000| PB 0x0000000088d00000| Complete 
| 142|0x0000000088e00000, 0x0000000088f00000, 0x0000000088f00000|100%|HC|  |TAMS 0x0000000088f00000| PB 0x0000000088e00000| Complete 
| 143|0x0000000088f00000, 0x0000000089000000, 0x0000000089000000|100%|HC|  |TAMS 0x0000000089000000| PB 0x0000000088f00000| Complete 
| 144|0x0000000089000000, 0x0000000089100000, 0x0000000089100000|100%|HC|  |TAMS 0x0000000089100000| PB 0x0000000089000000| Complete 
| 145|0x0000000089100000, 0x0000000089200000, 0x0000000089200000|100%|HC|  |TAMS 0x0000000089200000| PB 0x0000000089100000| Complete 
| 146|0x0000000089200000, 0x0000000089300000, 0x0000000089300000|100%|HC|  |TAMS 0x0000000089300000| PB 0x0000000089200000| Complete 
| 147|0x0000000089300000, 0x0000000089400000, 0x0000000089400000|100%|HC|  |TAMS 0x0000000089400000| PB 0x0000000089300000| Complete 
| 148|0x0000000089400000, 0x0000000089500000, 0x0000000089500000|100%|HC|  |TAMS 0x0000000089500000| PB 0x0000000089400000| Complete 
| 149|0x0000000089500000, 0x0000000089600000, 0x0000000089600000|100%|HS|  |TAMS 0x0000000089600000| PB 0x0000000089500000| Complete 
| 150|0x0000000089600000, 0x0000000089700000, 0x0000000089700000|100%|HS|  |TAMS 0x0000000089700000| PB 0x0000000089600000| Complete 
| 151|0x0000000089700000, 0x0000000089800000, 0x0000000089800000|100%|HC|  |TAMS 0x0000000089800000| PB 0x0000000089700000| Complete 
| 152|0x0000000089800000, 0x0000000089900000, 0x0000000089900000|100%|HS|  |TAMS 0x0000000089900000| PB 0x0000000089800000| Complete 
| 153|0x0000000089900000, 0x0000000089a00000, 0x0000000089a00000|100%|HS|  |TAMS 0x0000000089a00000| PB 0x0000000089900000| Complete 
| 154|0x0000000089a00000, 0x0000000089b00000, 0x0000000089b00000|100%|HC|  |TAMS 0x0000000089b00000| PB 0x0000000089a00000| Complete 
| 155|0x0000000089b00000, 0x0000000089c00000, 0x0000000089c00000|100%|HC|  |TAMS 0x0000000089c00000| PB 0x0000000089b00000| Complete 
| 156|0x0000000089c00000, 0x0000000089d00000, 0x0000000089d00000|100%|HC|  |TAMS 0x0000000089d00000| PB 0x0000000089c00000| Complete 
| 157|0x0000000089d00000, 0x0000000089e00000, 0x0000000089e00000|100%|HS|  |TAMS 0x0000000089e00000| PB 0x0000000089d00000| Complete 
| 158|0x0000000089e00000, 0x0000000089f00000, 0x0000000089f00000|100%|HS|  |TAMS 0x0000000089f00000| PB 0x0000000089e00000| Complete 
| 159|0x0000000089f00000, 0x000000008a000000, 0x000000008a000000|100%|HS|  |TAMS 0x000000008a000000| PB 0x0000000089f00000| Complete 
| 160|0x000000008a000000, 0x000000008a100000, 0x000000008a100000|100%|HC|  |TAMS 0x000000008a100000| PB 0x000000008a000000| Complete 
| 161|0x000000008a100000, 0x000000008a200000, 0x000000008a200000|100%|HS|  |TAMS 0x000000008a200000| PB 0x000000008a100000| Complete 
| 162|0x000000008a200000, 0x000000008a300000, 0x000000008a300000|100%|HC|  |TAMS 0x000000008a300000| PB 0x000000008a200000| Complete 
| 163|0x000000008a300000, 0x000000008a400000, 0x000000008a400000|100%|HC|  |TAMS 0x000000008a400000| PB 0x000000008a300000| Complete 
| 164|0x000000008a400000, 0x000000008a500000, 0x000000008a500000|100%| O|  |TAMS 0x000000008a500000| PB 0x000000008a500000| Updating 
| 165|0x000000008a500000, 0x000000008a600000, 0x000000008a600000|100%| O|  |TAMS 0x000000008a600000| PB 0x000000008a600000| Untracked 
| 166|0x000000008a600000, 0x000000008a700000, 0x000000008a700000|100%| O|  |TAMS 0x000000008a700000| PB 0x000000008a700000| Untracked 
| 167|0x000000008a700000, 0x000000008a800000, 0x000000008a800000|100%| O|  |TAMS 0x000000008a800000| PB 0x000000008a800000| Untracked 
| 168|0x000000008a800000, 0x000000008a900000, 0x000000008a900000|100%| O|  |TAMS 0x000000008a900000| PB 0x000000008a900000| Untracked 
| 169|0x000000008a900000, 0x000000008aa00000, 0x000000008aa00000|100%| O|  |TAMS 0x000000008aa00000| PB 0x000000008aa00000| Untracked 
| 170|0x000000008aa00000, 0x000000008ab00000, 0x000000008ab00000|100%| O|  |TAMS 0x000000008ab00000| PB 0x000000008ab00000| Untracked 
| 171|0x000000008ab00000, 0x000000008ac00000, 0x000000008ac00000|100%| O|  |TAMS 0x000000008ac00000| PB 0x000000008ac00000| Untracked 
| 172|0x000000008ac00000, 0x000000008ad00000, 0x000000008ad00000|100%| O|  |TAMS 0x000000008ac00000| PB 0x000000008ac00000| Untracked 
| 173|0x000000008ad00000, 0x000000008ae00000, 0x000000008ae00000|100%| O|  |TAMS 0x000000008ad00000| PB 0x000000008ad00000| Untracked 
| 174|0x000000008ae00000, 0x000000008af00000, 0x000000008af00000|100%|HS|  |TAMS 0x000000008af00000| PB 0x000000008ae00000| Complete 
| 175|0x000000008af00000, 0x000000008b000000, 0x000000008b000000|100%|HS|  |TAMS 0x000000008b000000| PB 0x000000008af00000| Complete 
| 176|0x000000008b000000, 0x000000008b100000, 0x000000008b100000|100%| O|  |TAMS 0x000000008b100000| PB 0x000000008b100000| Untracked 
| 177|0x000000008b100000, 0x000000008b200000, 0x000000008b200000|100%|HS|  |TAMS 0x000000008b200000| PB 0x000000008b100000| Complete 
| 178|0x000000008b200000, 0x000000008b300000, 0x000000008b300000|100%|HC|  |TAMS 0x000000008b300000| PB 0x000000008b200000| Complete 
| 179|0x000000008b300000, 0x000000008b400000, 0x000000008b400000|100%| O|  |TAMS 0x000000008b400000| PB 0x000000008b400000| Updating 
| 180|0x000000008b400000, 0x000000008b500000, 0x000000008b500000|100%| O|  |TAMS 0x000000008b500000| PB 0x000000008b500000| Updating 
| 181|0x000000008b500000, 0x000000008b600000, 0x000000008b600000|100%|HS|  |TAMS 0x000000008b600000| PB 0x000000008b500000| Complete 
| 182|0x000000008b600000, 0x000000008b700000, 0x000000008b700000|100%|HS|  |TAMS 0x000000008b700000| PB 0x000000008b600000| Complete 
| 183|0x000000008b700000, 0x000000008b800000, 0x000000008b800000|100%|HC|  |TAMS 0x000000008b800000| PB 0x000000008b700000| Complete 
| 184|0x000000008b800000, 0x000000008b900000, 0x000000008b900000|100%|HC|  |TAMS 0x000000008b900000| PB 0x000000008b800000| Complete 
| 185|0x000000008b900000, 0x000000008ba00000, 0x000000008ba00000|100%|HS|  |TAMS 0x000000008ba00000| PB 0x000000008b900000| Complete 
| 186|0x000000008ba00000, 0x000000008bb00000, 0x000000008bb00000|100%|HS|  |TAMS 0x000000008bb00000| PB 0x000000008ba00000| Complete 
| 187|0x000000008bb00000, 0x000000008bc00000, 0x000000008bc00000|100%|HS|  |TAMS 0x000000008bc00000| PB 0x000000008bb00000| Complete 
| 188|0x000000008bc00000, 0x000000008bd00000, 0x000000008bd00000|100%| O|  |TAMS 0x000000008bd00000| PB 0x000000008bd00000| Updating 
| 189|0x000000008bd00000, 0x000000008be00000, 0x000000008be00000|100%| O|  |TAMS 0x000000008be00000| PB 0x000000008be00000| Updating 
| 190|0x000000008be00000, 0x000000008bf00000, 0x000000008bf00000|100%|HS|  |TAMS 0x000000008bf00000| PB 0x000000008be00000| Complete 
| 191|0x000000008bf00000, 0x000000008c000000, 0x000000008c000000|100%|HC|  |TAMS 0x000000008c000000| PB 0x000000008bf00000| Complete 
| 192|0x000000008c000000, 0x000000008c100000, 0x000000008c100000|100%|HS|  |TAMS 0x000000008c100000| PB 0x000000008c000000| Complete 
| 193|0x000000008c100000, 0x000000008c200000, 0x000000008c200000|100%|HC|  |TAMS 0x000000008c200000| PB 0x000000008c100000| Complete 
| 194|0x000000008c200000, 0x000000008c300000, 0x000000008c300000|100%|HS|  |TAMS 0x000000008c300000| PB 0x000000008c200000| Complete 
| 195|0x000000008c300000, 0x000000008c400000, 0x000000008c400000|100%| O|  |TAMS 0x000000008c400000| PB 0x000000008c400000| Untracked 
| 196|0x000000008c400000, 0x000000008c500000, 0x000000008c500000|100%|HS|  |TAMS 0x000000008c500000| PB 0x000000008c400000| Complete 
| 197|0x000000008c500000, 0x000000008c600000, 0x000000008c600000|100%|HC|  |TAMS 0x000000008c600000| PB 0x000000008c500000| Complete 
| 198|0x000000008c600000, 0x000000008c700000, 0x000000008c700000|100%|HC|  |TAMS 0x000000008c700000| PB 0x000000008c600000| Complete 
| 199|0x000000008c700000, 0x000000008c800000, 0x000000008c800000|100%| O|  |TAMS 0x000000008c700000| PB 0x000000008c700000| Untracked 
| 200|0x000000008c800000, 0x000000008c900000, 0x000000008c900000|100%|HS|  |TAMS 0x000000008c900000| PB 0x000000008c800000| Complete 
| 201|0x000000008c900000, 0x000000008ca00000, 0x000000008ca00000|100%| O|  |TAMS 0x000000008ca00000| PB 0x000000008ca00000| Updating 
| 202|0x000000008ca00000, 0x000000008cb00000, 0x000000008cb00000|100%| O|  |TAMS 0x000000008cb00000| PB 0x000000008cb00000| Updating 
| 203|0x000000008cb00000, 0x000000008cc00000, 0x000000008cc00000|100%| O|  |TAMS 0x000000008cc00000| PB 0x000000008cc00000| Updating 
| 204|0x000000008cc00000, 0x000000008cd00000, 0x000000008cd00000|100%| O|  |TAMS 0x000000008cd00000| PB 0x000000008cd00000| Updating 
| 205|0x000000008cd00000, 0x000000008ce00000, 0x000000008ce00000|100%| O|  |TAMS 0x000000008ce00000| PB 0x000000008ce00000| Untracked 
| 206|0x000000008ce00000, 0x000000008cf00000, 0x000000008cf00000|100%|HS|  |TAMS 0x000000008cf00000| PB 0x000000008ce00000| Complete 
| 207|0x000000008cf00000, 0x000000008d000000, 0x000000008d000000|100%|HC|  |TAMS 0x000000008d000000| PB 0x000000008cf00000| Complete 
| 208|0x000000008d000000, 0x000000008d100000, 0x000000008d100000|100%|HS|  |TAMS 0x000000008d100000| PB 0x000000008d000000| Complete 
| 209|0x000000008d100000, 0x000000008d200000, 0x000000008d200000|100%|HC|  |TAMS 0x000000008d200000| PB 0x000000008d100000| Complete 
| 210|0x000000008d200000, 0x000000008d300000, 0x000000008d300000|100%|HS|  |TAMS 0x000000008d300000| PB 0x000000008d200000| Complete 
| 211|0x000000008d300000, 0x000000008d400000, 0x000000008d400000|100%|HC|  |TAMS 0x000000008d400000| PB 0x000000008d300000| Complete 
| 212|0x000000008d400000, 0x000000008d500000, 0x000000008d500000|100%|HS|  |TAMS 0x000000008d500000| PB 0x000000008d400000| Complete 
| 213|0x000000008d500000, 0x000000008d600000, 0x000000008d600000|100%|HS|  |TAMS 0x000000008d600000| PB 0x000000008d500000| Complete 
| 214|0x000000008d600000, 0x000000008d700000, 0x000000008d700000|100%|HC|  |TAMS 0x000000008d700000| PB 0x000000008d600000| Complete 
| 215|0x000000008d700000, 0x000000008d800000, 0x000000008d800000|100%|HC|  |TAMS 0x000000008d800000| PB 0x000000008d700000| Complete 
| 216|0x000000008d800000, 0x000000008d900000, 0x000000008d900000|100%| O|  |TAMS 0x000000008d900000| PB 0x000000008d900000| Updating 
| 217|0x000000008d900000, 0x000000008da00000, 0x000000008da00000|100%| O|  |TAMS 0x000000008da00000| PB 0x000000008da00000| Updating 
| 218|0x000000008da00000, 0x000000008db00000, 0x000000008db00000|100%| O|  |TAMS 0x000000008db00000| PB 0x000000008db00000| Untracked 
| 219|0x000000008db00000, 0x000000008dc00000, 0x000000008dc00000|100%|HS|  |TAMS 0x000000008dc00000| PB 0x000000008db00000| Complete 
| 220|0x000000008dc00000, 0x000000008dd00000, 0x000000008dd00000|100%|HC|  |TAMS 0x000000008dd00000| PB 0x000000008dc00000| Complete 
| 221|0x000000008dd00000, 0x000000008de00000, 0x000000008de00000|100%| O|  |TAMS 0x000000008de00000| PB 0x000000008de00000| Untracked 
| 222|0x000000008de00000, 0x000000008df00000, 0x000000008df00000|100%| O|  |TAMS 0x000000008df00000| PB 0x000000008df00000| Updating 
| 223|0x000000008df00000, 0x000000008e000000, 0x000000008e000000|100%| O|  |TAMS 0x000000008e000000| PB 0x000000008e000000| Updating 
| 224|0x000000008e000000, 0x000000008e100000, 0x000000008e100000|100%|HS|  |TAMS 0x000000008e100000| PB 0x000000008e000000| Complete 
| 225|0x000000008e100000, 0x000000008e200000, 0x000000008e200000|100%|HC|  |TAMS 0x000000008e200000| PB 0x000000008e100000| Complete 
| 226|0x000000008e200000, 0x000000008e300000, 0x000000008e300000|100%| O|  |TAMS 0x000000008e300000| PB 0x000000008e300000| Untracked 
| 227|0x000000008e300000, 0x000000008e400000, 0x000000008e400000|100%| O|  |TAMS 0x000000008e400000| PB 0x000000008e400000| Updating 
| 228|0x000000008e400000, 0x000000008e500000, 0x000000008e500000|100%| O|  |TAMS 0x000000008e500000| PB 0x000000008e500000| Untracked 
| 229|0x000000008e500000, 0x000000008e600000, 0x000000008e600000|100%| O|  |TAMS 0x000000008e600000| PB 0x000000008e600000| Untracked 
| 230|0x000000008e600000, 0x000000008e700000, 0x000000008e700000|100%| O|  |TAMS 0x000000008e700000| PB 0x000000008e700000| Untracked 
| 231|0x000000008e700000, 0x000000008e800000, 0x000000008e800000|100%| O|  |TAMS 0x000000008e800000| PB 0x000000008e800000| Untracked 
| 232|0x000000008e800000, 0x000000008e900000, 0x000000008e900000|100%| O|  |TAMS 0x000000008e900000| PB 0x000000008e900000| Untracked 
| 233|0x000000008e900000, 0x000000008ea00000, 0x000000008ea00000|100%| O|  |TAMS 0x000000008ea00000| PB 0x000000008ea00000| Untracked 
| 234|0x000000008ea00000, 0x000000008eb00000, 0x000000008eb00000|100%| O|  |TAMS 0x000000008eb00000| PB 0x000000008eb00000| Updating 
| 235|0x000000008eb00000, 0x000000008ec00000, 0x000000008ec00000|100%| O|  |TAMS 0x000000008ec00000| PB 0x000000008ec00000| Updating 
| 236|0x000000008ec00000, 0x000000008ed00000, 0x000000008ed00000|100%| O|  |TAMS 0x000000008ed00000| PB 0x000000008ed00000| Updating 
| 237|0x000000008ed00000, 0x000000008ee00000, 0x000000008ee00000|100%|HS|  |TAMS 0x000000008ee00000| PB 0x000000008ed00000| Complete 
| 238|0x000000008ee00000, 0x000000008ef00000, 0x000000008ef00000|100%|HC|  |TAMS 0x000000008ef00000| PB 0x000000008ee00000| Complete 
| 239|0x000000008ef00000, 0x000000008f000000, 0x000000008f000000|100%| O|  |TAMS 0x000000008f000000| PB 0x000000008f000000| Updating 
| 240|0x000000008f000000, 0x000000008f100000, 0x000000008f100000|100%|HS|  |TAMS 0x000000008f100000| PB 0x000000008f000000| Complete 
| 241|0x000000008f100000, 0x000000008f200000, 0x000000008f200000|100%| O|  |TAMS 0x000000008f200000| PB 0x000000008f200000| Updating 
| 242|0x000000008f200000, 0x000000008f300000, 0x000000008f300000|100%| O|  |TAMS 0x000000008f300000| PB 0x000000008f300000| Updating 
| 243|0x000000008f300000, 0x000000008f400000, 0x000000008f400000|100%| O|  |TAMS 0x000000008f400000| PB 0x000000008f400000| Updating 
| 244|0x000000008f400000, 0x000000008f500000, 0x000000008f500000|100%|HS|  |TAMS 0x000000008f500000| PB 0x000000008f400000| Complete 
| 245|0x000000008f500000, 0x000000008f600000, 0x000000008f600000|100%|HS|  |TAMS 0x000000008f600000| PB 0x000000008f500000| Complete 
| 246|0x000000008f600000, 0x000000008f700000, 0x000000008f700000|100%|HS|  |TAMS 0x000000008f700000| PB 0x000000008f600000| Complete 
| 247|0x000000008f700000, 0x000000008f800000, 0x000000008f800000|100%|HS|  |TAMS 0x000000008f800000| PB 0x000000008f700000| Complete 
| 248|0x000000008f800000, 0x000000008f900000, 0x000000008f900000|100%|HC|  |TAMS 0x000000008f900000| PB 0x000000008f800000| Complete 
| 249|0x000000008f900000, 0x000000008fa00000, 0x000000008fa00000|100%|HS|  |TAMS 0x000000008fa00000| PB 0x000000008f900000| Complete 
| 250|0x000000008fa00000, 0x000000008fb00000, 0x000000008fb00000|100%|HC|  |TAMS 0x000000008fb00000| PB 0x000000008fa00000| Complete 
| 251|0x000000008fb00000, 0x000000008fc00000, 0x000000008fc00000|100%|HS|  |TAMS 0x000000008fc00000| PB 0x000000008fb00000| Complete 
| 252|0x000000008fc00000, 0x000000008fd00000, 0x000000008fd00000|100%|HC|  |TAMS 0x000000008fd00000| PB 0x000000008fc00000| Complete 
| 253|0x000000008fd00000, 0x000000008fe00000, 0x000000008fe00000|100%|HS|  |TAMS 0x000000008fe00000| PB 0x000000008fd00000| Complete 
| 254|0x000000008fe00000, 0x000000008ff00000, 0x000000008ff00000|100%|HC|  |TAMS 0x000000008ff00000| PB 0x000000008fe00000| Complete 
| 255|0x000000008ff00000, 0x0000000090000000, 0x0000000090000000|100%|HS|  |TAMS 0x0000000090000000| PB 0x000000008ff00000| Complete 
| 256|0x0000000090000000, 0x0000000090100000, 0x0000000090100000|100%|HC|  |TAMS 0x0000000090100000| PB 0x0000000090000000| Complete 
| 257|0x0000000090100000, 0x0000000090200000, 0x0000000090200000|100%|HS|  |TAMS 0x0000000090200000| PB 0x0000000090100000| Complete 
| 258|0x0000000090200000, 0x0000000090300000, 0x0000000090300000|100%|HC|  |TAMS 0x0000000090300000| PB 0x0000000090200000| Complete 
| 259|0x0000000090300000, 0x0000000090400000, 0x0000000090400000|100%|HC|  |TAMS 0x0000000090400000| PB 0x0000000090300000| Complete 
| 260|0x0000000090400000, 0x0000000090500000, 0x0000000090500000|100%|HS|  |TAMS 0x0000000090500000| PB 0x0000000090400000| Complete 
| 261|0x0000000090500000, 0x0000000090600000, 0x0000000090600000|100%|HC|  |TAMS 0x0000000090600000| PB 0x0000000090500000| Complete 
| 262|0x0000000090600000, 0x0000000090700000, 0x0000000090700000|100%|HC|  |TAMS 0x0000000090700000| PB 0x0000000090600000| Complete 
| 263|0x0000000090700000, 0x0000000090800000, 0x0000000090800000|100%| O|  |TAMS 0x0000000090800000| PB 0x0000000090800000| Updating 
| 264|0x0000000090800000, 0x0000000090900000, 0x0000000090900000|100%| O|  |TAMS 0x0000000090900000| PB 0x0000000090900000| Updating 
| 265|0x0000000090900000, 0x0000000090a00000, 0x0000000090a00000|100%| O|  |TAMS 0x0000000090a00000| PB 0x0000000090a00000| Untracked 
| 266|0x0000000090a00000, 0x0000000090b00000, 0x0000000090b00000|100%| O|  |TAMS 0x0000000090b00000| PB 0x0000000090b00000| Updating 
| 267|0x0000000090b00000, 0x0000000090c00000, 0x0000000090c00000|100%| O|  |TAMS 0x0000000090c00000| PB 0x0000000090c00000| Updating 
| 268|0x0000000090c00000, 0x0000000090d00000, 0x0000000090d00000|100%| O|  |TAMS 0x0000000090d00000| PB 0x0000000090d00000| Untracked 
| 269|0x0000000090d00000, 0x0000000090e00000, 0x0000000090e00000|100%| O|  |TAMS 0x0000000090e00000| PB 0x0000000090e00000| Untracked 
| 270|0x0000000090e00000, 0x0000000090f00000, 0x0000000090f00000|100%| O|  |TAMS 0x0000000090f00000| PB 0x0000000090f00000| Untracked 
| 271|0x0000000090f00000, 0x0000000091000000, 0x0000000091000000|100%| O|  |TAMS 0x0000000091000000| PB 0x0000000091000000| Untracked 
| 272|0x0000000091000000, 0x0000000091100000, 0x0000000091100000|100%| O|  |TAMS 0x0000000091100000| PB 0x0000000091100000| Updating 
| 273|0x0000000091100000, 0x0000000091200000, 0x0000000091200000|100%| O|  |TAMS 0x0000000091200000| PB 0x0000000091200000| Untracked 
| 274|0x0000000091200000, 0x0000000091300000, 0x0000000091300000|100%| O|  |TAMS 0x0000000091300000| PB 0x0000000091300000| Untracked 
| 275|0x0000000091300000, 0x0000000091400000, 0x0000000091400000|100%| O|  |TAMS 0x0000000091400000| PB 0x0000000091400000| Untracked 
| 276|0x0000000091400000, 0x0000000091500000, 0x0000000091500000|100%|HS|  |TAMS 0x0000000091500000| PB 0x0000000091400000| Complete 
| 277|0x0000000091500000, 0x0000000091600000, 0x0000000091600000|100%| O|  |TAMS 0x0000000091600000| PB 0x0000000091600000| Untracked 
| 278|0x0000000091600000, 0x0000000091700000, 0x0000000091700000|100%| O|  |TAMS 0x0000000091700000| PB 0x0000000091700000| Untracked 
| 279|0x0000000091700000, 0x0000000091800000, 0x0000000091800000|100%| O|  |TAMS 0x0000000091800000| PB 0x0000000091800000| Untracked 
| 280|0x0000000091800000, 0x0000000091900000, 0x0000000091900000|100%| O|  |TAMS 0x0000000091900000| PB 0x0000000091900000| Untracked 
| 281|0x0000000091900000, 0x0000000091a00000, 0x0000000091a00000|100%| O|  |TAMS 0x0000000091a00000| PB 0x0000000091a00000| Untracked 
| 282|0x0000000091a00000, 0x0000000091b00000, 0x0000000091b00000|100%| O|  |TAMS 0x0000000091b00000| PB 0x0000000091b00000| Untracked 
| 283|0x0000000091b00000, 0x0000000091c00000, 0x0000000091c00000|100%| O|  |TAMS 0x0000000091c00000| PB 0x0000000091c00000| Updating 
| 284|0x0000000091c00000, 0x0000000091d00000, 0x0000000091d00000|100%| O|  |TAMS 0x0000000091d00000| PB 0x0000000091d00000| Untracked 
| 285|0x0000000091d00000, 0x0000000091e00000, 0x0000000091e00000|100%| O|  |TAMS 0x0000000091e00000| PB 0x0000000091e00000| Untracked 
| 286|0x0000000091e00000, 0x0000000091f00000, 0x0000000091f00000|100%| O|  |TAMS 0x0000000091f00000| PB 0x0000000091f00000| Updating 
| 287|0x0000000091f00000, 0x0000000092000000, 0x0000000092000000|100%| O|  |TAMS 0x0000000092000000| PB 0x0000000092000000| Untracked 
| 288|0x0000000092000000, 0x0000000092100000, 0x0000000092100000|100%|HS|  |TAMS 0x0000000092100000| PB 0x0000000092000000| Complete 
| 289|0x0000000092100000, 0x0000000092200000, 0x0000000092200000|100%| O|  |TAMS 0x0000000092200000| PB 0x0000000092200000| Updating 
| 290|0x0000000092200000, 0x0000000092300000, 0x0000000092300000|100%| O|  |TAMS 0x0000000092200000| PB 0x0000000092200000| Untracked 
| 291|0x0000000092300000, 0x0000000092400000, 0x0000000092400000|100%|HS|  |TAMS 0x0000000092400000| PB 0x0000000092300000| Complete 
| 292|0x0000000092400000, 0x0000000092500000, 0x0000000092500000|100%| O|  |TAMS 0x0000000092500000| PB 0x0000000092500000| Updating 
| 293|0x0000000092500000, 0x0000000092600000, 0x0000000092600000|100%| O|  |TAMS 0x0000000092600000| PB 0x0000000092600000| Updating 
| 294|0x0000000092600000, 0x0000000092700000, 0x0000000092700000|100%| O|  |TAMS 0x0000000092700000| PB 0x0000000092700000| Updating 
| 295|0x0000000092700000, 0x0000000092800000, 0x0000000092800000|100%|HS|  |TAMS 0x0000000092800000| PB 0x0000000092700000| Complete 
| 296|0x0000000092800000, 0x0000000092900000, 0x0000000092900000|100%|HS|  |TAMS 0x0000000092900000| PB 0x0000000092800000| Complete 
| 297|0x0000000092900000, 0x0000000092a00000, 0x0000000092a00000|100%|HS|  |TAMS 0x0000000092a00000| PB 0x0000000092900000| Complete 
| 298|0x0000000092a00000, 0x0000000092b00000, 0x0000000092b00000|100%|HC|  |TAMS 0x0000000092b00000| PB 0x0000000092a00000| Complete 
| 299|0x0000000092b00000, 0x0000000092c00000, 0x0000000092c00000|100%|HS|  |TAMS 0x0000000092c00000| PB 0x0000000092b00000| Complete 
| 300|0x0000000092c00000, 0x0000000092d00000, 0x0000000092d00000|100%|HC|  |TAMS 0x0000000092d00000| PB 0x0000000092c00000| Complete 
| 301|0x0000000092d00000, 0x0000000092e00000, 0x0000000092e00000|100%|HC|  |TAMS 0x0000000092e00000| PB 0x0000000092d00000| Complete 
| 302|0x0000000092e00000, 0x0000000092f00000, 0x0000000092f00000|100%| O|  |TAMS 0x0000000092f00000| PB 0x0000000092f00000| Untracked 
| 303|0x0000000092f00000, 0x0000000093000000, 0x0000000093000000|100%| O|  |TAMS 0x0000000093000000| PB 0x0000000093000000| Untracked 
| 304|0x0000000093000000, 0x0000000093100000, 0x0000000093100000|100%| O|  |TAMS 0x0000000093100000| PB 0x0000000093100000| Untracked 
| 305|0x0000000093100000, 0x0000000093200000, 0x0000000093200000|100%| O|  |TAMS 0x0000000093200000| PB 0x0000000093200000| Untracked 
| 306|0x0000000093200000, 0x0000000093300000, 0x0000000093300000|100%| O|  |TAMS 0x0000000093300000| PB 0x0000000093300000| Untracked 
| 307|0x0000000093300000, 0x0000000093400000, 0x0000000093400000|100%| O|  |TAMS 0x0000000093400000| PB 0x0000000093400000| Untracked 
| 308|0x0000000093400000, 0x0000000093500000, 0x0000000093500000|100%| O|  |TAMS 0x0000000093500000| PB 0x0000000093500000| Untracked 
| 309|0x0000000093500000, 0x0000000093600000, 0x0000000093600000|100%| O|  |TAMS 0x0000000093600000| PB 0x0000000093600000| Untracked 
| 310|0x0000000093600000, 0x0000000093700000, 0x0000000093700000|100%| O|  |TAMS 0x0000000093700000| PB 0x0000000093700000| Untracked 
| 311|0x0000000093700000, 0x0000000093800000, 0x0000000093800000|100%| O|  |TAMS 0x0000000093800000| PB 0x0000000093800000| Updating 
| 312|0x0000000093800000, 0x0000000093900000, 0x0000000093900000|100%| O|  |TAMS 0x0000000093900000| PB 0x0000000093900000| Untracked 
| 313|0x0000000093900000, 0x0000000093a00000, 0x0000000093a00000|100%| O|  |TAMS 0x0000000093a00000| PB 0x0000000093a00000| Updating 
| 314|0x0000000093a00000, 0x0000000093b00000, 0x0000000093b00000|100%| O|  |TAMS 0x0000000093b00000| PB 0x0000000093b00000| Untracked 
| 315|0x0000000093b00000, 0x0000000093c00000, 0x0000000093c00000|100%| O|  |TAMS 0x0000000093c00000| PB 0x0000000093c00000| Updating 
| 316|0x0000000093c00000, 0x0000000093d00000, 0x0000000093d00000|100%| O|  |TAMS 0x0000000093d00000| PB 0x0000000093d00000| Updating 
| 317|0x0000000093d00000, 0x0000000093e00000, 0x0000000093e00000|100%| O|  |TAMS 0x0000000093e00000| PB 0x0000000093e00000| Untracked 
| 318|0x0000000093e00000, 0x0000000093f00000, 0x0000000093f00000|100%| O|  |TAMS 0x0000000093f00000| PB 0x0000000093f00000| Updating 
| 319|0x0000000093f00000, 0x0000000094000000, 0x0000000094000000|100%| O|  |TAMS 0x0000000094000000| PB 0x0000000094000000| Updating 
| 320|0x0000000094000000, 0x0000000094100000, 0x0000000094100000|100%|HS|  |TAMS 0x0000000094100000| PB 0x0000000094000000| Complete 
| 321|0x0000000094100000, 0x0000000094200000, 0x0000000094200000|100%|HC|  |TAMS 0x0000000094200000| PB 0x0000000094100000| Complete 
| 322|0x0000000094200000, 0x0000000094300000, 0x0000000094300000|100%| O|  |TAMS 0x0000000094300000| PB 0x0000000094300000| Updating 
| 323|0x0000000094300000, 0x0000000094400000, 0x0000000094400000|100%| O|  |TAMS 0x0000000094400000| PB 0x0000000094400000| Untracked 
| 324|0x0000000094400000, 0x0000000094500000, 0x0000000094500000|100%| O|  |TAMS 0x0000000094500000| PB 0x0000000094500000| Untracked 
| 325|0x0000000094500000, 0x0000000094600000, 0x0000000094600000|100%| O|  |TAMS 0x0000000094600000| PB 0x0000000094600000| Untracked 
| 326|0x0000000094600000, 0x0000000094700000, 0x0000000094700000|100%| O|  |TAMS 0x0000000094700000| PB 0x0000000094700000| Untracked 
| 327|0x0000000094700000, 0x0000000094800000, 0x0000000094800000|100%| O|  |TAMS 0x0000000094800000| PB 0x0000000094800000| Updating 
| 328|0x0000000094800000, 0x0000000094900000, 0x0000000094900000|100%| O|  |TAMS 0x0000000094900000| PB 0x0000000094900000| Updating 
| 329|0x0000000094900000, 0x0000000094a00000, 0x0000000094a00000|100%| O|  |TAMS 0x0000000094a00000| PB 0x0000000094a00000| Updating 
| 330|0x0000000094a00000, 0x0000000094b00000, 0x0000000094b00000|100%| O|  |TAMS 0x0000000094b00000| PB 0x0000000094b00000| Untracked 
| 331|0x0000000094b00000, 0x0000000094c00000, 0x0000000094c00000|100%| O|  |TAMS 0x0000000094c00000| PB 0x0000000094c00000| Untracked 
| 332|0x0000000094c00000, 0x0000000094d00000, 0x0000000094d00000|100%| O|  |TAMS 0x0000000094d00000| PB 0x0000000094d00000| Untracked 
| 333|0x0000000094d00000, 0x0000000094e00000, 0x0000000094e00000|100%| O|  |TAMS 0x0000000094e00000| PB 0x0000000094e00000| Updating 
| 334|0x0000000094e00000, 0x0000000094f00000, 0x0000000094f00000|100%| O|  |TAMS 0x0000000094f00000| PB 0x0000000094f00000| Updating 
| 335|0x0000000094f00000, 0x0000000095000000, 0x0000000095000000|100%| O|  |TAMS 0x0000000095000000| PB 0x0000000095000000| Untracked 
| 336|0x0000000095000000, 0x0000000095100000, 0x0000000095100000|100%| O|  |TAMS 0x0000000095100000| PB 0x0000000095100000| Updating 
| 337|0x0000000095100000, 0x0000000095200000, 0x0000000095200000|100%| O|  |TAMS 0x0000000095200000| PB 0x0000000095200000| Updating 
| 338|0x0000000095200000, 0x0000000095300000, 0x0000000095300000|100%| O|  |TAMS 0x0000000095300000| PB 0x0000000095300000| Updating 
| 339|0x0000000095300000, 0x0000000095400000, 0x0000000095400000|100%| O|  |TAMS 0x0000000095400000| PB 0x0000000095400000| Updating 
| 340|0x0000000095400000, 0x0000000095500000, 0x0000000095500000|100%| O|  |TAMS 0x0000000095500000| PB 0x0000000095500000| Updating 
| 341|0x0000000095500000, 0x0000000095600000, 0x0000000095600000|100%| O|  |TAMS 0x0000000095600000| PB 0x0000000095600000| Updating 
| 342|0x0000000095600000, 0x0000000095700000, 0x0000000095700000|100%| O|  |TAMS 0x0000000095700000| PB 0x0000000095700000| Updating 
| 343|0x0000000095700000, 0x0000000095800000, 0x0000000095800000|100%| O|  |TAMS 0x0000000095800000| PB 0x0000000095800000| Updating 
| 344|0x0000000095800000, 0x0000000095900000, 0x0000000095900000|100%| O|  |TAMS 0x0000000095900000| PB 0x0000000095900000| Updating 
| 345|0x0000000095900000, 0x0000000095a00000, 0x0000000095a00000|100%| O|  |TAMS 0x0000000095a00000| PB 0x0000000095a00000| Updating 
| 346|0x0000000095a00000, 0x0000000095b00000, 0x0000000095b00000|100%| O|  |TAMS 0x0000000095b00000| PB 0x0000000095b00000| Updating 
| 347|0x0000000095b00000, 0x0000000095c00000, 0x0000000095c00000|100%| O|  |TAMS 0x0000000095c00000| PB 0x0000000095c00000| Updating 
| 348|0x0000000095c00000, 0x0000000095d00000, 0x0000000095d00000|100%| O|  |TAMS 0x0000000095d00000| PB 0x0000000095d00000| Updating 
| 349|0x0000000095d00000, 0x0000000095e00000, 0x0000000095e00000|100%| O|  |TAMS 0x0000000095e00000| PB 0x0000000095e00000| Updating 
| 350|0x0000000095e00000, 0x0000000095f00000, 0x0000000095f00000|100%| O|  |TAMS 0x0000000095f00000| PB 0x0000000095f00000| Updating 
| 351|0x0000000095f00000, 0x0000000096000000, 0x0000000096000000|100%| O|  |TAMS 0x0000000096000000| PB 0x0000000096000000| Updating 
| 352|0x0000000096000000, 0x0000000096100000, 0x0000000096100000|100%| O|  |TAMS 0x0000000096100000| PB 0x0000000096100000| Updating 
| 353|0x0000000096100000, 0x0000000096200000, 0x0000000096200000|100%| O|  |TAMS 0x0000000096200000| PB 0x0000000096200000| Updating 
| 354|0x0000000096200000, 0x0000000096300000, 0x0000000096300000|100%| O|  |TAMS 0x0000000096300000| PB 0x0000000096300000| Updating 
| 355|0x0000000096300000, 0x0000000096400000, 0x0000000096400000|100%| O|  |TAMS 0x0000000096400000| PB 0x0000000096400000| Updating 
| 356|0x0000000096400000, 0x0000000096500000, 0x0000000096500000|100%| O|  |TAMS 0x0000000096500000| PB 0x0000000096500000| Updating 
| 357|0x0000000096500000, 0x0000000096600000, 0x0000000096600000|100%| O|  |TAMS 0x0000000096600000| PB 0x0000000096600000| Updating 
| 358|0x0000000096600000, 0x0000000096700000, 0x0000000096700000|100%| O|  |TAMS 0x0000000096700000| PB 0x0000000096700000| Untracked 
| 359|0x0000000096700000, 0x0000000096800000, 0x0000000096800000|100%| O|  |TAMS 0x0000000096800000| PB 0x0000000096800000| Untracked 
| 360|0x0000000096800000, 0x0000000096900000, 0x0000000096900000|100%| O|  |TAMS 0x0000000096900000| PB 0x0000000096900000| Untracked 
| 361|0x0000000096900000, 0x0000000096a00000, 0x0000000096a00000|100%| O|  |TAMS 0x0000000096a00000| PB 0x0000000096a00000| Updating 
| 362|0x0000000096a00000, 0x0000000096b00000, 0x0000000096b00000|100%| O|  |TAMS 0x0000000096b00000| PB 0x0000000096b00000| Updating 
| 363|0x0000000096b00000, 0x0000000096c00000, 0x0000000096c00000|100%| O|  |TAMS 0x0000000096c00000| PB 0x0000000096c00000| Updating 
| 364|0x0000000096c00000, 0x0000000096d00000, 0x0000000096d00000|100%| O|  |TAMS 0x0000000096d00000| PB 0x0000000096d00000| Updating 
| 365|0x0000000096d00000, 0x0000000096e00000, 0x0000000096e00000|100%| O|  |TAMS 0x0000000096e00000| PB 0x0000000096e00000| Untracked 
| 366|0x0000000096e00000, 0x0000000096f00000, 0x0000000096f00000|100%| O|  |TAMS 0x0000000096f00000| PB 0x0000000096f00000| Untracked 
| 367|0x0000000096f00000, 0x0000000097000000, 0x0000000097000000|100%| O|  |TAMS 0x0000000097000000| PB 0x0000000097000000| Untracked 
| 368|0x0000000097000000, 0x0000000097100000, 0x0000000097100000|100%| O|  |TAMS 0x0000000097000000| PB 0x0000000097000000| Untracked 
| 369|0x0000000097100000, 0x0000000097200000, 0x0000000097200000|100%|HS|  |TAMS 0x0000000097200000| PB 0x0000000097100000| Complete 
| 370|0x0000000097200000, 0x0000000097300000, 0x0000000097300000|100%|HC|  |TAMS 0x0000000097300000| PB 0x0000000097200000| Complete 
| 371|0x0000000097300000, 0x0000000097400000, 0x0000000097400000|100%| O|  |TAMS 0x0000000097300000| PB 0x0000000097300000| Untracked 
| 372|0x0000000097400000, 0x0000000097500000, 0x0000000097500000|100%| O|  |TAMS 0x0000000097500000| PB 0x0000000097500000| Updating 
| 373|0x0000000097500000, 0x0000000097600000, 0x0000000097600000|100%| O|  |TAMS 0x0000000097600000| PB 0x0000000097600000| Updating 
| 374|0x0000000097600000, 0x0000000097700000, 0x0000000097700000|100%| O|  |TAMS 0x0000000097700000| PB 0x0000000097700000| Updating 
| 375|0x0000000097700000, 0x0000000097800000, 0x0000000097800000|100%| O|  |TAMS 0x0000000097800000| PB 0x0000000097800000| Updating 
| 376|0x0000000097800000, 0x0000000097900000, 0x0000000097900000|100%| O|  |TAMS 0x0000000097900000| PB 0x0000000097900000| Untracked 
| 377|0x0000000097900000, 0x0000000097a00000, 0x0000000097a00000|100%| O|  |TAMS 0x0000000097a00000| PB 0x0000000097a00000| Updating 
| 378|0x0000000097a00000, 0x0000000097b00000, 0x0000000097b00000|100%| O|  |TAMS 0x0000000097b00000| PB 0x0000000097b00000| Updating 
| 379|0x0000000097b00000, 0x0000000097c00000, 0x0000000097c00000|100%| O|  |TAMS 0x0000000097c00000| PB 0x0000000097c00000| Updating 
| 380|0x0000000097c00000, 0x0000000097d00000, 0x0000000097d00000|100%| O|  |TAMS 0x0000000097d00000| PB 0x0000000097d00000| Updating 
| 381|0x0000000097d00000, 0x0000000097e00000, 0x0000000097e00000|100%| O|  |TAMS 0x0000000097e00000| PB 0x0000000097e00000| Updating 
| 382|0x0000000097e00000, 0x0000000097f00000, 0x0000000097f00000|100%| O|  |TAMS 0x0000000097f00000| PB 0x0000000097f00000| Updating 
| 383|0x0000000097f00000, 0x0000000098000000, 0x0000000098000000|100%| O|  |TAMS 0x0000000098000000| PB 0x0000000098000000| Updating 
| 384|0x0000000098000000, 0x0000000098100000, 0x0000000098100000|100%| O|  |TAMS 0x0000000098100000| PB 0x0000000098100000| Updating 
| 385|0x0000000098100000, 0x0000000098200000, 0x0000000098200000|100%| O|  |TAMS 0x0000000098200000| PB 0x0000000098200000| Updating 
| 386|0x0000000098200000, 0x0000000098300000, 0x0000000098300000|100%| O|  |TAMS 0x0000000098300000| PB 0x0000000098300000| Updating 
| 387|0x0000000098300000, 0x0000000098400000, 0x0000000098400000|100%| O|  |TAMS 0x0000000098400000| PB 0x0000000098400000| Updating 
| 388|0x0000000098400000, 0x0000000098500000, 0x0000000098500000|100%| O|  |TAMS 0x0000000098500000| PB 0x0000000098500000| Untracked 
| 389|0x0000000098500000, 0x0000000098600000, 0x0000000098600000|100%| O|  |TAMS 0x0000000098600000| PB 0x0000000098600000| Updating 
| 390|0x0000000098600000, 0x0000000098700000, 0x0000000098700000|100%| O|  |TAMS 0x0000000098700000| PB 0x0000000098700000| Updating 
| 391|0x0000000098700000, 0x0000000098800000, 0x0000000098800000|100%| O|  |TAMS 0x0000000098800000| PB 0x0000000098800000| Untracked 
| 392|0x0000000098800000, 0x0000000098900000, 0x0000000098900000|100%| O|  |TAMS 0x0000000098900000| PB 0x0000000098900000| Updating 
| 393|0x0000000098900000, 0x0000000098a00000, 0x0000000098a00000|100%| O|  |TAMS 0x0000000098a00000| PB 0x0000000098a00000| Updating 
| 394|0x0000000098a00000, 0x0000000098b00000, 0x0000000098b00000|100%| O|  |TAMS 0x0000000098b00000| PB 0x0000000098b00000| Updating 
| 395|0x0000000098b00000, 0x0000000098c00000, 0x0000000098c00000|100%| O|  |TAMS 0x0000000098c00000| PB 0x0000000098c00000| Untracked 
| 396|0x0000000098c00000, 0x0000000098d00000, 0x0000000098d00000|100%| O|  |TAMS 0x0000000098d00000| PB 0x0000000098d00000| Updating 
| 397|0x0000000098d00000, 0x0000000098e00000, 0x0000000098e00000|100%| O|  |TAMS 0x0000000098e00000| PB 0x0000000098e00000| Updating 
| 398|0x0000000098e00000, 0x0000000098f00000, 0x0000000098f00000|100%| O|  |TAMS 0x0000000098f00000| PB 0x0000000098f00000| Updating 
| 399|0x0000000098f00000, 0x0000000099000000, 0x0000000099000000|100%| O|  |TAMS 0x0000000099000000| PB 0x0000000099000000| Updating 
| 400|0x0000000099000000, 0x0000000099100000, 0x0000000099100000|100%| O|  |TAMS 0x0000000099100000| PB 0x0000000099100000| Updating 
| 401|0x0000000099100000, 0x0000000099200000, 0x0000000099200000|100%| O|  |TAMS 0x0000000099200000| PB 0x0000000099200000| Updating 
| 402|0x0000000099200000, 0x0000000099300000, 0x0000000099300000|100%| O|  |TAMS 0x0000000099300000| PB 0x0000000099300000| Updating 
| 403|0x0000000099300000, 0x0000000099400000, 0x0000000099400000|100%| O|  |TAMS 0x0000000099400000| PB 0x0000000099400000| Updating 
| 404|0x0000000099400000, 0x0000000099500000, 0x0000000099500000|100%| O|  |TAMS 0x0000000099500000| PB 0x0000000099500000| Updating 
| 405|0x0000000099500000, 0x0000000099600000, 0x0000000099600000|100%| O|  |TAMS 0x0000000099600000| PB 0x0000000099600000| Updating 
| 406|0x0000000099600000, 0x0000000099700000, 0x0000000099700000|100%| O|  |TAMS 0x0000000099700000| PB 0x0000000099700000| Updating 
| 407|0x0000000099700000, 0x0000000099800000, 0x0000000099800000|100%| O|  |TAMS 0x0000000099800000| PB 0x0000000099800000| Updating 
| 408|0x0000000099800000, 0x0000000099900000, 0x0000000099900000|100%| O|  |TAMS 0x0000000099900000| PB 0x0000000099900000| Updating 
| 409|0x0000000099900000, 0x0000000099a00000, 0x0000000099a00000|100%| O|  |TAMS 0x0000000099a00000| PB 0x0000000099a00000| Updating 
| 410|0x0000000099a00000, 0x0000000099b00000, 0x0000000099b00000|100%| O|  |TAMS 0x0000000099b00000| PB 0x0000000099b00000| Updating 
| 411|0x0000000099b00000, 0x0000000099c00000, 0x0000000099c00000|100%| O|  |TAMS 0x0000000099c00000| PB 0x0000000099c00000| Updating 
| 412|0x0000000099c00000, 0x0000000099d00000, 0x0000000099d00000|100%| O|  |TAMS 0x0000000099d00000| PB 0x0000000099d00000| Updating 
| 413|0x0000000099d00000, 0x0000000099e00000, 0x0000000099e00000|100%| O|  |TAMS 0x0000000099e00000| PB 0x0000000099e00000| Updating 
| 414|0x0000000099e00000, 0x0000000099f00000, 0x0000000099f00000|100%| O|  |TAMS 0x0000000099f00000| PB 0x0000000099f00000| Updating 
| 415|0x0000000099f00000, 0x000000009a000000, 0x000000009a000000|100%| O|  |TAMS 0x0000000099f00000| PB 0x0000000099f00000| Untracked 
| 416|0x000000009a000000, 0x000000009a100000, 0x000000009a100000|100%| O|  |TAMS 0x000000009a100000| PB 0x000000009a100000| Updating 
| 417|0x000000009a100000, 0x000000009a200000, 0x000000009a200000|100%| O|  |TAMS 0x000000009a200000| PB 0x000000009a200000| Updating 
| 418|0x000000009a200000, 0x000000009a300000, 0x000000009a300000|100%| O|  |TAMS 0x000000009a300000| PB 0x000000009a300000| Updating 
| 419|0x000000009a300000, 0x000000009a400000, 0x000000009a400000|100%| O|  |TAMS 0x000000009a400000| PB 0x000000009a400000| Updating 
| 420|0x000000009a400000, 0x000000009a500000, 0x000000009a500000|100%| O|  |TAMS 0x000000009a500000| PB 0x000000009a500000| Updating 
| 421|0x000000009a500000, 0x000000009a600000, 0x000000009a600000|100%| O|  |TAMS 0x000000009a600000| PB 0x000000009a600000| Updating 
| 422|0x000000009a600000, 0x000000009a700000, 0x000000009a700000|100%| O|  |TAMS 0x000000009a700000| PB 0x000000009a700000| Updating 
| 423|0x000000009a700000, 0x000000009a800000, 0x000000009a800000|100%| O|  |TAMS 0x000000009a800000| PB 0x000000009a800000| Updating 
| 424|0x000000009a800000, 0x000000009a900000, 0x000000009a900000|100%| O|  |TAMS 0x000000009a900000| PB 0x000000009a900000| Updating 
| 425|0x000000009a900000, 0x000000009aa00000, 0x000000009aa00000|100%| O|  |TAMS 0x000000009aa00000| PB 0x000000009aa00000| Updating 
| 426|0x000000009aa00000, 0x000000009ab00000, 0x000000009ab00000|100%| O|  |TAMS 0x000000009ab00000| PB 0x000000009ab00000| Updating 
| 427|0x000000009ab00000, 0x000000009ac00000, 0x000000009ac00000|100%| O|  |TAMS 0x000000009ac00000| PB 0x000000009ac00000| Untracked 
| 428|0x000000009ac00000, 0x000000009ad00000, 0x000000009ad00000|100%| O|  |TAMS 0x000000009ad00000| PB 0x000000009ad00000| Updating 
| 429|0x000000009ad00000, 0x000000009ae00000, 0x000000009ae00000|100%| O|  |TAMS 0x000000009ae00000| PB 0x000000009ae00000| Untracked 
| 430|0x000000009ae00000, 0x000000009af00000, 0x000000009af00000|100%| O|  |TAMS 0x000000009af00000| PB 0x000000009af00000| Untracked 
| 431|0x000000009af00000, 0x000000009b000000, 0x000000009b000000|100%| O|  |TAMS 0x000000009b000000| PB 0x000000009b000000| Untracked 
| 432|0x000000009b000000, 0x000000009b100000, 0x000000009b100000|100%| O|  |TAMS 0x000000009b100000| PB 0x000000009b100000| Updating 
| 433|0x000000009b100000, 0x000000009b200000, 0x000000009b200000|100%| O|  |TAMS 0x000000009b200000| PB 0x000000009b200000| Untracked 
| 434|0x000000009b200000, 0x000000009b300000, 0x000000009b300000|100%| O|  |TAMS 0x000000009b300000| PB 0x000000009b300000| Updating 
| 435|0x000000009b300000, 0x000000009b400000, 0x000000009b400000|100%| O|  |TAMS 0x000000009b400000| PB 0x000000009b400000| Untracked 
| 436|0x000000009b400000, 0x000000009b500000, 0x000000009b500000|100%| O|  |TAMS 0x000000009b500000| PB 0x000000009b500000| Untracked 
| 437|0x000000009b500000, 0x000000009b600000, 0x000000009b600000|100%| O|  |TAMS 0x000000009b600000| PB 0x000000009b600000| Updating 
| 438|0x000000009b600000, 0x000000009b700000, 0x000000009b700000|100%| O|  |TAMS 0x000000009b700000| PB 0x000000009b700000| Untracked 
| 439|0x000000009b700000, 0x000000009b800000, 0x000000009b800000|100%| O|  |TAMS 0x000000009b800000| PB 0x000000009b800000| Updating 
| 440|0x000000009b800000, 0x000000009b900000, 0x000000009b900000|100%| O|  |TAMS 0x000000009b900000| PB 0x000000009b900000| Updating 
| 441|0x000000009b900000, 0x000000009ba00000, 0x000000009ba00000|100%| O|  |TAMS 0x000000009ba00000| PB 0x000000009ba00000| Updating 
| 442|0x000000009ba00000, 0x000000009bb00000, 0x000000009bb00000|100%| O|  |TAMS 0x000000009bb00000| PB 0x000000009bb00000| Updating 
| 443|0x000000009bb00000, 0x000000009bc00000, 0x000000009bc00000|100%| O|  |TAMS 0x000000009bc00000| PB 0x000000009bc00000| Updating 
| 444|0x000000009bc00000, 0x000000009bd00000, 0x000000009bd00000|100%| O|  |TAMS 0x000000009bd00000| PB 0x000000009bd00000| Updating 
| 445|0x000000009bd00000, 0x000000009be00000, 0x000000009be00000|100%| O|  |TAMS 0x000000009be00000| PB 0x000000009be00000| Updating 
| 446|0x000000009be00000, 0x000000009bf00000, 0x000000009bf00000|100%| O|  |TAMS 0x000000009bf00000| PB 0x000000009bf00000| Updating 
| 447|0x000000009bf00000, 0x000000009c000000, 0x000000009c000000|100%| O|  |TAMS 0x000000009c000000| PB 0x000000009c000000| Updating 
| 448|0x000000009c000000, 0x000000009c100000, 0x000000009c100000|100%| O|  |TAMS 0x000000009c100000| PB 0x000000009c100000| Updating 
| 449|0x000000009c100000, 0x000000009c200000, 0x000000009c200000|100%| O|  |TAMS 0x000000009c200000| PB 0x000000009c200000| Updating 
| 450|0x000000009c200000, 0x000000009c300000, 0x000000009c300000|100%| O|  |TAMS 0x000000009c300000| PB 0x000000009c300000| Updating 
| 451|0x000000009c300000, 0x000000009c400000, 0x000000009c400000|100%| O|  |TAMS 0x000000009c400000| PB 0x000000009c400000| Updating 
| 452|0x000000009c400000, 0x000000009c500000, 0x000000009c500000|100%| O|  |TAMS 0x000000009c500000| PB 0x000000009c500000| Updating 
| 453|0x000000009c500000, 0x000000009c600000, 0x000000009c600000|100%| O|  |TAMS 0x000000009c600000| PB 0x000000009c600000| Updating 
| 454|0x000000009c600000, 0x000000009c700000, 0x000000009c700000|100%| O|  |TAMS 0x000000009c700000| PB 0x000000009c700000| Updating 
| 455|0x000000009c700000, 0x000000009c800000, 0x000000009c800000|100%| O|  |TAMS 0x000000009c800000| PB 0x000000009c800000| Updating 
| 456|0x000000009c800000, 0x000000009c900000, 0x000000009c900000|100%| O|  |TAMS 0x000000009c900000| PB 0x000000009c900000| Updating 
| 457|0x000000009c900000, 0x000000009ca00000, 0x000000009ca00000|100%| O|  |TAMS 0x000000009ca00000| PB 0x000000009ca00000| Updating 
| 458|0x000000009ca00000, 0x000000009cb00000, 0x000000009cb00000|100%| O|  |TAMS 0x000000009cb00000| PB 0x000000009cb00000| Updating 
| 459|0x000000009cb00000, 0x000000009cc00000, 0x000000009cc00000|100%| O|  |TAMS 0x000000009cc00000| PB 0x000000009cc00000| Updating 
| 460|0x000000009cc00000, 0x000000009cd00000, 0x000000009cd00000|100%| O|  |TAMS 0x000000009cd00000| PB 0x000000009cd00000| Updating 
| 461|0x000000009cd00000, 0x000000009ce00000, 0x000000009ce00000|100%| O|  |TAMS 0x000000009ce00000| PB 0x000000009ce00000| Updating 
| 462|0x000000009ce00000, 0x000000009cf00000, 0x000000009cf00000|100%| O|  |TAMS 0x000000009cf00000| PB 0x000000009cf00000| Updating 
| 463|0x000000009cf00000, 0x000000009d000000, 0x000000009d000000|100%| O|  |TAMS 0x000000009d000000| PB 0x000000009d000000| Updating 
| 464|0x000000009d000000, 0x000000009d100000, 0x000000009d100000|100%| O|  |TAMS 0x000000009d100000| PB 0x000000009d100000| Updating 
| 465|0x000000009d100000, 0x000000009d200000, 0x000000009d200000|100%| O|  |TAMS 0x000000009d200000| PB 0x000000009d200000| Updating 
| 466|0x000000009d200000, 0x000000009d300000, 0x000000009d300000|100%| O|  |TAMS 0x000000009d300000| PB 0x000000009d300000| Updating 
| 467|0x000000009d300000, 0x000000009d400000, 0x000000009d400000|100%| O|  |TAMS 0x000000009d400000| PB 0x000000009d400000| Updating 
| 468|0x000000009d400000, 0x000000009d500000, 0x000000009d500000|100%| O|  |TAMS 0x000000009d500000| PB 0x000000009d500000| Updating 
| 469|0x000000009d500000, 0x000000009d600000, 0x000000009d600000|100%|HS|  |TAMS 0x000000009d600000| PB 0x000000009d500000| Complete 
| 470|0x000000009d600000, 0x000000009d700000, 0x000000009d700000|100%|HS|  |TAMS 0x000000009d700000| PB 0x000000009d600000| Complete 
| 471|0x000000009d700000, 0x000000009d800000, 0x000000009d800000|100%| O|  |TAMS 0x000000009d800000| PB 0x000000009d800000| Untracked 
| 472|0x000000009d800000, 0x000000009d900000, 0x000000009d900000|100%| O|  |TAMS 0x000000009d900000| PB 0x000000009d900000| Untracked 
| 473|0x000000009d900000, 0x000000009da00000, 0x000000009da00000|100%| O|  |TAMS 0x000000009da00000| PB 0x000000009da00000| Untracked 
| 474|0x000000009da00000, 0x000000009da00000, 0x000000009db00000|  0%| F|  |TAMS 0x000000009da00000| PB 0x000000009da00000| Untracked 
| 475|0x000000009db00000, 0x000000009dc00000, 0x000000009dc00000|100%| O|  |TAMS 0x000000009dc00000| PB 0x000000009dc00000| Untracked 
| 476|0x000000009dc00000, 0x000000009dd00000, 0x000000009dd00000|100%| O|  |TAMS 0x000000009dc00000| PB 0x000000009dc00000| Untracked 
| 477|0x000000009dd00000, 0x000000009de00000, 0x000000009de00000|100%| O|  |TAMS 0x000000009de00000| PB 0x000000009de00000| Updating 
| 478|0x000000009de00000, 0x000000009df00000, 0x000000009df00000|100%| O|  |TAMS 0x000000009de00000| PB 0x000000009de00000| Untracked 
| 479|0x000000009df00000, 0x000000009e000000, 0x000000009e000000|100%| O|  |TAMS 0x000000009e000000| PB 0x000000009e000000| Updating 
| 480|0x000000009e000000, 0x000000009e100000, 0x000000009e100000|100%|HS|  |TAMS 0x000000009e100000| PB 0x000000009e000000| Complete 
| 481|0x000000009e100000, 0x000000009e200000, 0x000000009e200000|100%|HS|  |TAMS 0x000000009e200000| PB 0x000000009e100000| Complete 
| 482|0x000000009e200000, 0x000000009e300000, 0x000000009e300000|100%|HS|  |TAMS 0x000000009e300000| PB 0x000000009e200000| Complete 
| 483|0x000000009e300000, 0x000000009e400000, 0x000000009e400000|100%|HC|  |TAMS 0x000000009e400000| PB 0x000000009e300000| Complete 
| 484|0x000000009e400000, 0x000000009e500000, 0x000000009e500000|100%|HS|  |TAMS 0x000000009e500000| PB 0x000000009e400000| Complete 
| 485|0x000000009e500000, 0x000000009e600000, 0x000000009e600000|100%|HS|  |TAMS 0x000000009e600000| PB 0x000000009e500000| Complete 
| 486|0x000000009e600000, 0x000000009e700000, 0x000000009e700000|100%|HC|  |TAMS 0x000000009e700000| PB 0x000000009e600000| Complete 
| 487|0x000000009e700000, 0x000000009e800000, 0x000000009e800000|100%| O|  |TAMS 0x000000009e700000| PB 0x000000009e700000| Untracked 
| 488|0x000000009e800000, 0x000000009e900000, 0x000000009e900000|100%| O|  |TAMS 0x000000009e800000| PB 0x000000009e800000| Untracked 
| 489|0x000000009e900000, 0x000000009ea00000, 0x000000009ea00000|100%| O|  |TAMS 0x000000009e900000| PB 0x000000009e900000| Untracked 
| 490|0x000000009ea00000, 0x000000009eb00000, 0x000000009eb00000|100%|HS|  |TAMS 0x000000009eb00000| PB 0x000000009ea00000| Complete 
| 491|0x000000009eb00000, 0x000000009ec00000, 0x000000009ec00000|100%|HS|  |TAMS 0x000000009ec00000| PB 0x000000009eb00000| Complete 
| 492|0x000000009ec00000, 0x000000009ed00000, 0x000000009ed00000|100%|HS|  |TAMS 0x000000009ed00000| PB 0x000000009ec00000| Complete 
| 493|0x000000009ed00000, 0x000000009ee00000, 0x000000009ee00000|100%|HS|  |TAMS 0x000000009ee00000| PB 0x000000009ed00000| Complete 
| 494|0x000000009ee00000, 0x000000009ef00000, 0x000000009ef00000|100%|HC|  |TAMS 0x000000009ef00000| PB 0x000000009ee00000| Complete 
| 495|0x000000009ef00000, 0x000000009f000000, 0x000000009f000000|100%|HS|  |TAMS 0x000000009f000000| PB 0x000000009ef00000| Complete 
| 496|0x000000009f000000, 0x000000009f100000, 0x000000009f100000|100%|HC|  |TAMS 0x000000009f100000| PB 0x000000009f000000| Complete 
| 497|0x000000009f100000, 0x000000009f200000, 0x000000009f200000|100%|HS|  |TAMS 0x000000009f200000| PB 0x000000009f100000| Complete 
| 498|0x000000009f200000, 0x000000009f300000, 0x000000009f300000|100%|HC|  |TAMS 0x000000009f300000| PB 0x000000009f200000| Complete 
| 499|0x000000009f300000, 0x000000009f400000, 0x000000009f400000|100%|HS|  |TAMS 0x000000009f400000| PB 0x000000009f300000| Complete 
| 500|0x000000009f400000, 0x000000009f500000, 0x000000009f500000|100%|HC|  |TAMS 0x000000009f500000| PB 0x000000009f400000| Complete 
| 501|0x000000009f500000, 0x000000009f600000, 0x000000009f600000|100%|HC|  |TAMS 0x000000009f600000| PB 0x000000009f500000| Complete 
| 502|0x000000009f600000, 0x000000009f700000, 0x000000009f700000|100%| O|  |TAMS 0x000000009f600000| PB 0x000000009f600000| Untracked 
| 503|0x000000009f700000, 0x000000009f700000, 0x000000009f800000|  0%| F|  |TAMS 0x000000009f700000| PB 0x000000009f700000| Untracked 
| 504|0x000000009f800000, 0x000000009f900000, 0x000000009f900000|100%| O|  |TAMS 0x000000009f800000| PB 0x000000009f800000| Untracked 
| 505|0x000000009f900000, 0x000000009f900000, 0x000000009fa00000|  0%| F|  |TAMS 0x000000009f900000| PB 0x000000009f900000| Untracked 
| 506|0x000000009fa00000, 0x000000009fb00000, 0x000000009fb00000|100%| O|  |TAMS 0x000000009fa00000| PB 0x000000009fa00000| Untracked 
| 507|0x000000009fb00000, 0x000000009fc00000, 0x000000009fc00000|100%| O|  |TAMS 0x000000009fb00000| PB 0x000000009fb00000| Untracked 
| 508|0x000000009fc00000, 0x000000009fd00000, 0x000000009fd00000|100%|HS|  |TAMS 0x000000009fd00000| PB 0x000000009fc00000| Complete 
| 509|0x000000009fd00000, 0x000000009fe00000, 0x000000009fe00000|100%|HC|  |TAMS 0x000000009fe00000| PB 0x000000009fd00000| Complete 
| 510|0x000000009fe00000, 0x000000009ff00000, 0x000000009ff00000|100%|HS|  |TAMS 0x000000009ff00000| PB 0x000000009fe00000| Complete 
| 511|0x000000009ff00000, 0x00000000a0000000, 0x00000000a0000000|100%|HC|  |TAMS 0x00000000a0000000| PB 0x000000009ff00000| Complete 
| 512|0x00000000a0000000, 0x00000000a0100000, 0x00000000a0100000|100%|HC|  |TAMS 0x00000000a0100000| PB 0x00000000a0000000| Complete 
| 513|0x00000000a0100000, 0x00000000a0200000, 0x00000000a0200000|100%|HC|  |TAMS 0x00000000a0200000| PB 0x00000000a0100000| Complete 
| 514|0x00000000a0200000, 0x00000000a0300000, 0x00000000a0300000|100%|HC|  |TAMS 0x00000000a0300000| PB 0x00000000a0200000| Complete 
| 515|0x00000000a0300000, 0x00000000a0400000, 0x00000000a0400000|100%|HC|  |TAMS 0x00000000a0400000| PB 0x00000000a0300000| Complete 
| 516|0x00000000a0400000, 0x00000000a0500000, 0x00000000a0500000|100%|HC|  |TAMS 0x00000000a0500000| PB 0x00000000a0400000| Complete 
| 517|0x00000000a0500000, 0x00000000a0600000, 0x00000000a0600000|100%|HC|  |TAMS 0x00000000a0600000| PB 0x00000000a0500000| Complete 
| 518|0x00000000a0600000, 0x00000000a0700000, 0x00000000a0700000|100%|HC|  |TAMS 0x00000000a0700000| PB 0x00000000a0600000| Complete 
| 519|0x00000000a0700000, 0x00000000a0800000, 0x00000000a0800000|100%|HS|  |TAMS 0x00000000a0800000| PB 0x00000000a0700000| Complete 
| 520|0x00000000a0800000, 0x00000000a0900000, 0x00000000a0900000|100%|HC|  |TAMS 0x00000000a0900000| PB 0x00000000a0800000| Complete 
| 521|0x00000000a0900000, 0x00000000a0a00000, 0x00000000a0a00000|100%|HS|  |TAMS 0x00000000a0a00000| PB 0x00000000a0900000| Complete 
| 522|0x00000000a0a00000, 0x00000000a0b00000, 0x00000000a0b00000|100%|HC|  |TAMS 0x00000000a0b00000| PB 0x00000000a0a00000| Complete 
| 523|0x00000000a0b00000, 0x00000000a0c00000, 0x00000000a0c00000|100%|HC|  |TAMS 0x00000000a0c00000| PB 0x00000000a0b00000| Complete 
| 524|0x00000000a0c00000, 0x00000000a0c00000, 0x00000000a0d00000|  0%| F|  |TAMS 0x00000000a0c00000| PB 0x00000000a0c00000| Untracked 
| 525|0x00000000a0d00000, 0x00000000a0e00000, 0x00000000a0e00000|100%| O|  |TAMS 0x00000000a0e00000| PB 0x00000000a0e00000| Untracked 
| 526|0x00000000a0e00000, 0x00000000a0f00000, 0x00000000a0f00000|100%| O|  |TAMS 0x00000000a0f00000| PB 0x00000000a0f00000| Untracked 
| 527|0x00000000a0f00000, 0x00000000a1000000, 0x00000000a1000000|100%| O|  |TAMS 0x00000000a1000000| PB 0x00000000a1000000| Untracked 
| 528|0x00000000a1000000, 0x00000000a1100000, 0x00000000a1100000|100%| O|  |TAMS 0x00000000a1100000| PB 0x00000000a1100000| Untracked 
| 529|0x00000000a1100000, 0x00000000a1200000, 0x00000000a1200000|100%| O|  |TAMS 0x00000000a1200000| PB 0x00000000a1200000| Untracked 
| 530|0x00000000a1200000, 0x00000000a1300000, 0x00000000a1300000|100%| O|  |TAMS 0x00000000a1300000| PB 0x00000000a1300000| Updating 
| 531|0x00000000a1300000, 0x00000000a1400000, 0x00000000a1400000|100%| O|  |TAMS 0x00000000a1400000| PB 0x00000000a1400000| Untracked 
| 532|0x00000000a1400000, 0x00000000a1500000, 0x00000000a1500000|100%| O|  |TAMS 0x00000000a1500000| PB 0x00000000a1500000| Updating 
| 533|0x00000000a1500000, 0x00000000a1600000, 0x00000000a1600000|100%| O|  |TAMS 0x00000000a1600000| PB 0x00000000a1600000| Updating 
| 534|0x00000000a1600000, 0x00000000a1700000, 0x00000000a1700000|100%| O|  |TAMS 0x00000000a1700000| PB 0x00000000a1700000| Untracked 
| 535|0x00000000a1700000, 0x00000000a1800000, 0x00000000a1800000|100%| O|  |TAMS 0x00000000a1800000| PB 0x00000000a1800000| Updating 
| 536|0x00000000a1800000, 0x00000000a1900000, 0x00000000a1900000|100%| O|  |TAMS 0x00000000a1900000| PB 0x00000000a1900000| Updating 
| 537|0x00000000a1900000, 0x00000000a1a00000, 0x00000000a1a00000|100%| O|  |TAMS 0x00000000a1a00000| PB 0x00000000a1a00000| Untracked 
| 538|0x00000000a1a00000, 0x00000000a1b00000, 0x00000000a1b00000|100%| O|  |TAMS 0x00000000a1b00000| PB 0x00000000a1b00000| Untracked 
| 539|0x00000000a1b00000, 0x00000000a1c00000, 0x00000000a1c00000|100%| O|  |TAMS 0x00000000a1c00000| PB 0x00000000a1c00000| Untracked 
| 540|0x00000000a1c00000, 0x00000000a1d00000, 0x00000000a1d00000|100%| O|  |TAMS 0x00000000a1d00000| PB 0x00000000a1d00000| Untracked 
| 541|0x00000000a1d00000, 0x00000000a1e00000, 0x00000000a1e00000|100%| O|  |TAMS 0x00000000a1e00000| PB 0x00000000a1e00000| Untracked 
| 542|0x00000000a1e00000, 0x00000000a1f00000, 0x00000000a1f00000|100%| O|  |TAMS 0x00000000a1f00000| PB 0x00000000a1f00000| Untracked 
| 543|0x00000000a1f00000, 0x00000000a2000000, 0x00000000a2000000|100%| O|  |TAMS 0x00000000a2000000| PB 0x00000000a2000000| Untracked 
| 544|0x00000000a2000000, 0x00000000a2100000, 0x00000000a2100000|100%| O|  |TAMS 0x00000000a2100000| PB 0x00000000a2100000| Untracked 
| 545|0x00000000a2100000, 0x00000000a2200000, 0x00000000a2200000|100%| O|  |TAMS 0x00000000a2200000| PB 0x00000000a2200000| Untracked 
| 546|0x00000000a2200000, 0x00000000a2300000, 0x00000000a2300000|100%| O|  |TAMS 0x00000000a2300000| PB 0x00000000a2300000| Untracked 
| 547|0x00000000a2300000, 0x00000000a2400000, 0x00000000a2400000|100%| O|  |TAMS 0x00000000a2400000| PB 0x00000000a2400000| Updating 
| 548|0x00000000a2400000, 0x00000000a2500000, 0x00000000a2500000|100%| O|  |TAMS 0x00000000a2500000| PB 0x00000000a2500000| Untracked 
| 549|0x00000000a2500000, 0x00000000a2600000, 0x00000000a2600000|100%| O|  |TAMS 0x00000000a2600000| PB 0x00000000a2600000| Updating 
| 550|0x00000000a2600000, 0x00000000a2700000, 0x00000000a2700000|100%| O|  |TAMS 0x00000000a2700000| PB 0x00000000a2700000| Updating 
| 551|0x00000000a2700000, 0x00000000a2800000, 0x00000000a2800000|100%| O|  |TAMS 0x00000000a2800000| PB 0x00000000a2800000| Updating 
| 552|0x00000000a2800000, 0x00000000a2900000, 0x00000000a2900000|100%| O|  |TAMS 0x00000000a2900000| PB 0x00000000a2900000| Updating 
| 553|0x00000000a2900000, 0x00000000a2a00000, 0x00000000a2a00000|100%| O|  |TAMS 0x00000000a2a00000| PB 0x00000000a2a00000| Untracked 
| 554|0x00000000a2a00000, 0x00000000a2b00000, 0x00000000a2b00000|100%| O|  |TAMS 0x00000000a2b00000| PB 0x00000000a2b00000| Updating 
| 555|0x00000000a2b00000, 0x00000000a2c00000, 0x00000000a2c00000|100%| O|  |TAMS 0x00000000a2c00000| PB 0x00000000a2c00000| Updating 
| 556|0x00000000a2c00000, 0x00000000a2d00000, 0x00000000a2d00000|100%| O|  |TAMS 0x00000000a2d00000| PB 0x00000000a2d00000| Updating 
| 557|0x00000000a2d00000, 0x00000000a2e00000, 0x00000000a2e00000|100%| O|  |TAMS 0x00000000a2e00000| PB 0x00000000a2e00000| Updating 
| 558|0x00000000a2e00000, 0x00000000a2f00000, 0x00000000a2f00000|100%| O|  |TAMS 0x00000000a2f00000| PB 0x00000000a2f00000| Untracked 
| 559|0x00000000a2f00000, 0x00000000a3000000, 0x00000000a3000000|100%| O|  |TAMS 0x00000000a3000000| PB 0x00000000a3000000| Updating 
| 560|0x00000000a3000000, 0x00000000a3100000, 0x00000000a3100000|100%| O|  |TAMS 0x00000000a3100000| PB 0x00000000a3100000| Updating 
| 561|0x00000000a3100000, 0x00000000a3200000, 0x00000000a3200000|100%| O|  |TAMS 0x00000000a3200000| PB 0x00000000a3200000| Updating 
| 562|0x00000000a3200000, 0x00000000a3300000, 0x00000000a3300000|100%| O|  |TAMS 0x00000000a3300000| PB 0x00000000a3300000| Updating 
| 563|0x00000000a3300000, 0x00000000a3400000, 0x00000000a3400000|100%| O|  |TAMS 0x00000000a3400000| PB 0x00000000a3400000| Untracked 
| 564|0x00000000a3400000, 0x00000000a3500000, 0x00000000a3500000|100%| O|  |TAMS 0x00000000a3500000| PB 0x00000000a3500000| Updating 
| 565|0x00000000a3500000, 0x00000000a3600000, 0x00000000a3600000|100%| O|  |TAMS 0x00000000a3600000| PB 0x00000000a3600000| Untracked 
| 566|0x00000000a3600000, 0x00000000a3700000, 0x00000000a3700000|100%| O|  |TAMS 0x00000000a3600000| PB 0x00000000a3600000| Untracked 
| 567|0x00000000a3700000, 0x00000000a3800000, 0x00000000a3800000|100%| O|  |TAMS 0x00000000a3800000| PB 0x00000000a3800000| Untracked 
| 568|0x00000000a3800000, 0x00000000a3900000, 0x00000000a3900000|100%| O|  |TAMS 0x00000000a3900000| PB 0x00000000a3900000| Untracked 
| 569|0x00000000a3900000, 0x00000000a3a00000, 0x00000000a3a00000|100%| O|  |TAMS 0x00000000a3900000| PB 0x00000000a3900000| Untracked 
| 570|0x00000000a3a00000, 0x00000000a3b00000, 0x00000000a3b00000|100%| O|  |TAMS 0x00000000a3b00000| PB 0x00000000a3b00000| Updating 
| 571|0x00000000a3b00000, 0x00000000a3c00000, 0x00000000a3c00000|100%| O|  |TAMS 0x00000000a3b00000| PB 0x00000000a3b00000| Untracked 
| 572|0x00000000a3c00000, 0x00000000a3d00000, 0x00000000a3d00000|100%| O|  |TAMS 0x00000000a3c00000| PB 0x00000000a3c00000| Untracked 
| 573|0x00000000a3d00000, 0x00000000a3e00000, 0x00000000a3e00000|100%| O|  |TAMS 0x00000000a3d00000| PB 0x00000000a3d00000| Untracked 
| 574|0x00000000a3e00000, 0x00000000a3f00000, 0x00000000a3f00000|100%| O|  |TAMS 0x00000000a3e00000| PB 0x00000000a3e00000| Untracked 
| 575|0x00000000a3f00000, 0x00000000a4000000, 0x00000000a4000000|100%| O|  |TAMS 0x00000000a3f00000| PB 0x00000000a3f00000| Untracked 
| 576|0x00000000a4000000, 0x00000000a4100000, 0x00000000a4100000|100%| O|  |TAMS 0x00000000a4000000| PB 0x00000000a4000000| Untracked 
| 577|0x00000000a4100000, 0x00000000a4200000, 0x00000000a4200000|100%|HS|  |TAMS 0x00000000a4200000| PB 0x00000000a4100000| Complete 
| 578|0x00000000a4200000, 0x00000000a4300000, 0x00000000a4300000|100%|HC|  |TAMS 0x00000000a4300000| PB 0x00000000a4200000| Complete 
| 579|0x00000000a4300000, 0x00000000a4400000, 0x00000000a4400000|100%|HC|  |TAMS 0x00000000a4400000| PB 0x00000000a4300000| Complete 
| 580|0x00000000a4400000, 0x00000000a4500000, 0x00000000a4500000|100%|HC|  |TAMS 0x00000000a4500000| PB 0x00000000a4400000| Complete 
| 581|0x00000000a4500000, 0x00000000a4600000, 0x00000000a4600000|100%|HC|  |TAMS 0x00000000a4600000| PB 0x00000000a4500000| Complete 
| 582|0x00000000a4600000, 0x00000000a4700000, 0x00000000a4700000|100%|HC|  |TAMS 0x00000000a4700000| PB 0x00000000a4600000| Complete 
| 583|0x00000000a4700000, 0x00000000a4800000, 0x00000000a4800000|100%|HC|  |TAMS 0x00000000a4800000| PB 0x00000000a4700000| Complete 
| 584|0x00000000a4800000, 0x00000000a4900000, 0x00000000a4900000|100%|HC|  |TAMS 0x00000000a4900000| PB 0x00000000a4800000| Complete 
| 585|0x00000000a4900000, 0x00000000a4a00000, 0x00000000a4a00000|100%|HC|  |TAMS 0x00000000a4a00000| PB 0x00000000a4900000| Complete 
| 586|0x00000000a4a00000, 0x00000000a4b00000, 0x00000000a4b00000|100%|HC|  |TAMS 0x00000000a4b00000| PB 0x00000000a4a00000| Complete 
| 587|0x00000000a4b00000, 0x00000000a4c00000, 0x00000000a4c00000|100%|HC|  |TAMS 0x00000000a4c00000| PB 0x00000000a4b00000| Complete 
| 588|0x00000000a4c00000, 0x00000000a4d00000, 0x00000000a4d00000|100%|HC|  |TAMS 0x00000000a4d00000| PB 0x00000000a4c00000| Complete 
| 589|0x00000000a4d00000, 0x00000000a4e00000, 0x00000000a4e00000|100%|HC|  |TAMS 0x00000000a4e00000| PB 0x00000000a4d00000| Complete 
| 590|0x00000000a4e00000, 0x00000000a4f00000, 0x00000000a4f00000|100%|HC|  |TAMS 0x00000000a4f00000| PB 0x00000000a4e00000| Complete 
| 591|0x00000000a4f00000, 0x00000000a5000000, 0x00000000a5000000|100%|HC|  |TAMS 0x00000000a5000000| PB 0x00000000a4f00000| Complete 
| 592|0x00000000a5000000, 0x00000000a5100000, 0x00000000a5100000|100%|HC|  |TAMS 0x00000000a5100000| PB 0x00000000a5000000| Complete 
| 593|0x00000000a5100000, 0x00000000a5200000, 0x00000000a5200000|100%|HC|  |TAMS 0x00000000a5200000| PB 0x00000000a5100000| Complete 
| 594|0x00000000a5200000, 0x00000000a5300000, 0x00000000a5300000|100%|HS|  |TAMS 0x00000000a5300000| PB 0x00000000a5200000| Complete 
| 595|0x00000000a5300000, 0x00000000a5400000, 0x00000000a5400000|100%|HC|  |TAMS 0x00000000a5400000| PB 0x00000000a5300000| Complete 
| 596|0x00000000a5400000, 0x00000000a5500000, 0x00000000a5500000|100%|HC|  |TAMS 0x00000000a5500000| PB 0x00000000a5400000| Complete 
| 597|0x00000000a5500000, 0x00000000a5600000, 0x00000000a5600000|100%|HC|  |TAMS 0x00000000a5600000| PB 0x00000000a5500000| Complete 
| 598|0x00000000a5600000, 0x00000000a5700000, 0x00000000a5700000|100%|HC|  |TAMS 0x00000000a5700000| PB 0x00000000a5600000| Complete 
| 599|0x00000000a5700000, 0x00000000a5800000, 0x00000000a5800000|100%|HC|  |TAMS 0x00000000a5800000| PB 0x00000000a5700000| Complete 
| 600|0x00000000a5800000, 0x00000000a5900000, 0x00000000a5900000|100%|HC|  |TAMS 0x00000000a5900000| PB 0x00000000a5800000| Complete 
| 601|0x00000000a5900000, 0x00000000a5a00000, 0x00000000a5a00000|100%|HC|  |TAMS 0x00000000a5a00000| PB 0x00000000a5900000| Complete 
| 602|0x00000000a5a00000, 0x00000000a5b00000, 0x00000000a5b00000|100%|HC|  |TAMS 0x00000000a5b00000| PB 0x00000000a5a00000| Complete 
| 603|0x00000000a5b00000, 0x00000000a5c00000, 0x00000000a5c00000|100%|HC|  |TAMS 0x00000000a5c00000| PB 0x00000000a5b00000| Complete 
| 604|0x00000000a5c00000, 0x00000000a5d00000, 0x00000000a5d00000|100%|HC|  |TAMS 0x00000000a5d00000| PB 0x00000000a5c00000| Complete 
| 605|0x00000000a5d00000, 0x00000000a5e00000, 0x00000000a5e00000|100%|HC|  |TAMS 0x00000000a5e00000| PB 0x00000000a5d00000| Complete 
| 606|0x00000000a5e00000, 0x00000000a5f00000, 0x00000000a5f00000|100%|HC|  |TAMS 0x00000000a5f00000| PB 0x00000000a5e00000| Complete 
| 607|0x00000000a5f00000, 0x00000000a6000000, 0x00000000a6000000|100%|HC|  |TAMS 0x00000000a6000000| PB 0x00000000a5f00000| Complete 
| 608|0x00000000a6000000, 0x00000000a6100000, 0x00000000a6100000|100%|HC|  |TAMS 0x00000000a6100000| PB 0x00000000a6000000| Complete 
| 609|0x00000000a6100000, 0x00000000a6200000, 0x00000000a6200000|100%|HC|  |TAMS 0x00000000a6200000| PB 0x00000000a6100000| Complete 
| 610|0x00000000a6200000, 0x00000000a6300000, 0x00000000a6300000|100%|HC|  |TAMS 0x00000000a6300000| PB 0x00000000a6200000| Complete 
| 611|0x00000000a6300000, 0x00000000a6400000, 0x00000000a6400000|100%|HC|  |TAMS 0x00000000a6400000| PB 0x00000000a6300000| Complete 
| 612|0x00000000a6400000, 0x00000000a6500000, 0x00000000a6500000|100%|HC|  |TAMS 0x00000000a6500000| PB 0x00000000a6400000| Complete 
| 613|0x00000000a6500000, 0x00000000a6600000, 0x00000000a6600000|100%|HC|  |TAMS 0x00000000a6600000| PB 0x00000000a6500000| Complete 
| 614|0x00000000a6600000, 0x00000000a6700000, 0x00000000a6700000|100%|HC|  |TAMS 0x00000000a6700000| PB 0x00000000a6600000| Complete 
| 615|0x00000000a6700000, 0x00000000a6800000, 0x00000000a6800000|100%|HC|  |TAMS 0x00000000a6800000| PB 0x00000000a6700000| Complete 
| 616|0x00000000a6800000, 0x00000000a6900000, 0x00000000a6900000|100%|HC|  |TAMS 0x00000000a6900000| PB 0x00000000a6800000| Complete 
| 617|0x00000000a6900000, 0x00000000a6a00000, 0x00000000a6a00000|100%|HC|  |TAMS 0x00000000a6a00000| PB 0x00000000a6900000| Complete 
| 618|0x00000000a6a00000, 0x00000000a6b00000, 0x00000000a6b00000|100%|HC|  |TAMS 0x00000000a6b00000| PB 0x00000000a6a00000| Complete 
| 619|0x00000000a6b00000, 0x00000000a6c00000, 0x00000000a6c00000|100%|HC|  |TAMS 0x00000000a6c00000| PB 0x00000000a6b00000| Complete 
| 620|0x00000000a6c00000, 0x00000000a6d00000, 0x00000000a6d00000|100%|HC|  |TAMS 0x00000000a6d00000| PB 0x00000000a6c00000| Complete 
| 621|0x00000000a6d00000, 0x00000000a6e00000, 0x00000000a6e00000|100%|HC|  |TAMS 0x00000000a6e00000| PB 0x00000000a6d00000| Complete 
| 622|0x00000000a6e00000, 0x00000000a6f00000, 0x00000000a6f00000|100%|HC|  |TAMS 0x00000000a6f00000| PB 0x00000000a6e00000| Complete 
| 623|0x00000000a6f00000, 0x00000000a7000000, 0x00000000a7000000|100%| O|  |TAMS 0x00000000a7000000| PB 0x00000000a7000000| Untracked 
| 624|0x00000000a7000000, 0x00000000a7100000, 0x00000000a7100000|100%| O|  |TAMS 0x00000000a7100000| PB 0x00000000a7100000| Untracked 
| 625|0x00000000a7100000, 0x00000000a7200000, 0x00000000a7200000|100%| O|  |TAMS 0x00000000a7200000| PB 0x00000000a7200000| Untracked 
| 626|0x00000000a7200000, 0x00000000a7300000, 0x00000000a7300000|100%| O|  |TAMS 0x00000000a7300000| PB 0x00000000a7300000| Untracked 
| 627|0x00000000a7300000, 0x00000000a7400000, 0x00000000a7400000|100%| O|  |TAMS 0x00000000a7400000| PB 0x00000000a7400000| Untracked 
| 628|0x00000000a7400000, 0x00000000a7500000, 0x00000000a7500000|100%| O|  |TAMS 0x00000000a7500000| PB 0x00000000a7500000| Untracked 
| 629|0x00000000a7500000, 0x00000000a7600000, 0x00000000a7600000|100%| O|  |TAMS 0x00000000a7600000| PB 0x00000000a7600000| Untracked 
| 630|0x00000000a7600000, 0x00000000a7700000, 0x00000000a7700000|100%| O|  |TAMS 0x00000000a7700000| PB 0x00000000a7700000| Untracked 
| 631|0x00000000a7700000, 0x00000000a7800000, 0x00000000a7800000|100%| O|  |TAMS 0x00000000a7800000| PB 0x00000000a7800000| Untracked 
| 632|0x00000000a7800000, 0x00000000a7900000, 0x00000000a7900000|100%| O|  |TAMS 0x00000000a7900000| PB 0x00000000a7900000| Untracked 
| 633|0x00000000a7900000, 0x00000000a7a00000, 0x00000000a7a00000|100%| O|  |TAMS 0x00000000a7a00000| PB 0x00000000a7a00000| Untracked 
| 634|0x00000000a7a00000, 0x00000000a7b00000, 0x00000000a7b00000|100%| O|  |TAMS 0x00000000a7b00000| PB 0x00000000a7b00000| Untracked 
| 635|0x00000000a7b00000, 0x00000000a7c00000, 0x00000000a7c00000|100%| O|  |TAMS 0x00000000a7c00000| PB 0x00000000a7c00000| Untracked 
| 636|0x00000000a7c00000, 0x00000000a7d00000, 0x00000000a7d00000|100%| O|  |TAMS 0x00000000a7d00000| PB 0x00000000a7d00000| Untracked 
| 637|0x00000000a7d00000, 0x00000000a7e00000, 0x00000000a7e00000|100%| O|  |TAMS 0x00000000a7e00000| PB 0x00000000a7e00000| Untracked 
| 638|0x00000000a7e00000, 0x00000000a7f00000, 0x00000000a7f00000|100%| O|  |TAMS 0x00000000a7f00000| PB 0x00000000a7f00000| Untracked 
| 639|0x00000000a7f00000, 0x00000000a8000000, 0x00000000a8000000|100%| O|  |TAMS 0x00000000a8000000| PB 0x00000000a8000000| Untracked 
| 640|0x00000000a8000000, 0x00000000a8100000, 0x00000000a8100000|100%| O|  |TAMS 0x00000000a8100000| PB 0x00000000a8100000| Untracked 
| 641|0x00000000a8100000, 0x00000000a8200000, 0x00000000a8200000|100%| O|  |TAMS 0x00000000a8200000| PB 0x00000000a8200000| Untracked 
| 642|0x00000000a8200000, 0x00000000a8300000, 0x00000000a8300000|100%| O|  |TAMS 0x00000000a8300000| PB 0x00000000a8300000| Untracked 
| 643|0x00000000a8300000, 0x00000000a8400000, 0x00000000a8400000|100%| O|  |TAMS 0x00000000a8400000| PB 0x00000000a8400000| Untracked 
| 644|0x00000000a8400000, 0x00000000a8500000, 0x00000000a8500000|100%| O|  |TAMS 0x00000000a8500000| PB 0x00000000a8500000| Untracked 
| 645|0x00000000a8500000, 0x00000000a8600000, 0x00000000a8600000|100%| O|  |TAMS 0x00000000a8600000| PB 0x00000000a8600000| Untracked 
| 646|0x00000000a8600000, 0x00000000a8700000, 0x00000000a8700000|100%| O|  |TAMS 0x00000000a8700000| PB 0x00000000a8700000| Untracked 
| 647|0x00000000a8700000, 0x00000000a8700000, 0x00000000a8800000|  0%| F|  |TAMS 0x00000000a8700000| PB 0x00000000a8700000| Untracked 
| 648|0x00000000a8800000, 0x00000000a8800000, 0x00000000a8900000|  0%| F|  |TAMS 0x00000000a8800000| PB 0x00000000a8800000| Untracked 
| 649|0x00000000a8900000, 0x00000000a8900000, 0x00000000a8a00000|  0%| F|  |TAMS 0x00000000a8900000| PB 0x00000000a8900000| Untracked 
| 650|0x00000000a8a00000, 0x00000000a8a00000, 0x00000000a8b00000|  0%| F|  |TAMS 0x00000000a8a00000| PB 0x00000000a8a00000| Untracked 
| 651|0x00000000a8b00000, 0x00000000a8b00000, 0x00000000a8c00000|  0%| F|  |TAMS 0x00000000a8b00000| PB 0x00000000a8b00000| Untracked 
| 652|0x00000000a8c00000, 0x00000000a8c00000, 0x00000000a8d00000|  0%| F|  |TAMS 0x00000000a8c00000| PB 0x00000000a8c00000| Untracked 
| 653|0x00000000a8d00000, 0x00000000a8d00000, 0x00000000a8e00000|  0%| F|  |TAMS 0x00000000a8d00000| PB 0x00000000a8d00000| Untracked 
| 654|0x00000000a8e00000, 0x00000000a8e00000, 0x00000000a8f00000|  0%| F|  |TAMS 0x00000000a8e00000| PB 0x00000000a8e00000| Untracked 
| 655|0x00000000a8f00000, 0x00000000a8f00000, 0x00000000a9000000|  0%| F|  |TAMS 0x00000000a8f00000| PB 0x00000000a8f00000| Untracked 
| 656|0x00000000a9000000, 0x00000000a9000000, 0x00000000a9100000|  0%| F|  |TAMS 0x00000000a9000000| PB 0x00000000a9000000| Untracked 
| 657|0x00000000a9100000, 0x00000000a9100000, 0x00000000a9200000|  0%| F|  |TAMS 0x00000000a9100000| PB 0x00000000a9100000| Untracked 
| 658|0x00000000a9200000, 0x00000000a9300000, 0x00000000a9300000|100%| O|  |TAMS 0x00000000a9200000| PB 0x00000000a9200000| Untracked 
| 659|0x00000000a9300000, 0x00000000a9400000, 0x00000000a9400000|100%| O|  |TAMS 0x00000000a9300000| PB 0x00000000a9300000| Untracked 
| 660|0x00000000a9400000, 0x00000000a9500000, 0x00000000a9500000|100%| O|  |TAMS 0x00000000a9400000| PB 0x00000000a9400000| Untracked 
| 661|0x00000000a9500000, 0x00000000a9600000, 0x00000000a9600000|100%| O|  |TAMS 0x00000000a9500000| PB 0x00000000a9500000| Untracked 
| 662|0x00000000a9600000, 0x00000000a9700000, 0x00000000a9700000|100%| O|  |TAMS 0x00000000a9600000| PB 0x00000000a9600000| Untracked 
| 663|0x00000000a9700000, 0x00000000a9800000, 0x00000000a9800000|100%| O|  |TAMS 0x00000000a9700000| PB 0x00000000a9700000| Untracked 
| 664|0x00000000a9800000, 0x00000000a9900000, 0x00000000a9900000|100%| O|  |TAMS 0x00000000a9800000| PB 0x00000000a9800000| Untracked 
| 665|0x00000000a9900000, 0x00000000a9a00000, 0x00000000a9a00000|100%| O|  |TAMS 0x00000000a9900000| PB 0x00000000a9900000| Untracked 
| 666|0x00000000a9a00000, 0x00000000a9b00000, 0x00000000a9b00000|100%| O|  |TAMS 0x00000000a9a00000| PB 0x00000000a9a00000| Untracked 
| 667|0x00000000a9b00000, 0x00000000a9c00000, 0x00000000a9c00000|100%| O|  |TAMS 0x00000000a9b00000| PB 0x00000000a9b00000| Untracked 
| 668|0x00000000a9c00000, 0x00000000a9d00000, 0x00000000a9d00000|100%| O|  |TAMS 0x00000000a9c00000| PB 0x00000000a9c00000| Untracked 
| 669|0x00000000a9d00000, 0x00000000a9e00000, 0x00000000a9e00000|100%| O|  |TAMS 0x00000000a9d00000| PB 0x00000000a9d00000| Untracked 
| 670|0x00000000a9e00000, 0x00000000a9e90018, 0x00000000a9f00000| 56%| O|  |TAMS 0x00000000a9e00000| PB 0x00000000a9e00000| Updating 
| 671|0x00000000a9f00000, 0x00000000aa000000, 0x00000000aa000000|100%|HS|  |TAMS 0x00000000a9f00000| PB 0x00000000a9f00000| Complete 
| 672|0x00000000aa000000, 0x00000000aa100000, 0x00000000aa100000|100%|HC|  |TAMS 0x00000000aa000000| PB 0x00000000aa000000| Complete 
| 673|0x00000000aa100000, 0x00000000aa200000, 0x00000000aa200000|100%|HC|  |TAMS 0x00000000aa100000| PB 0x00000000aa100000| Complete 
| 674|0x00000000aa200000, 0x00000000aa300000, 0x00000000aa300000|100%|HC|  |TAMS 0x00000000aa200000| PB 0x00000000aa200000| Complete 
| 675|0x00000000aa300000, 0x00000000aa400000, 0x00000000aa400000|100%|HC|  |TAMS 0x00000000aa300000| PB 0x00000000aa300000| Complete 
| 676|0x00000000aa400000, 0x00000000aa500000, 0x00000000aa500000|100%|HC|  |TAMS 0x00000000aa400000| PB 0x00000000aa400000| Complete 
| 677|0x00000000aa500000, 0x00000000aa600000, 0x00000000aa600000|100%|HC|  |TAMS 0x00000000aa500000| PB 0x00000000aa500000| Complete 
| 678|0x00000000aa600000, 0x00000000aa700000, 0x00000000aa700000|100%|HC|  |TAMS 0x00000000aa600000| PB 0x00000000aa600000| Complete 
| 679|0x00000000aa700000, 0x00000000aa800000, 0x00000000aa800000|100%|HC|  |TAMS 0x00000000aa700000| PB 0x00000000aa700000| Complete 
| 680|0x00000000aa800000, 0x00000000aa900000, 0x00000000aa900000|100%|HC|  |TAMS 0x00000000aa800000| PB 0x00000000aa800000| Complete 
| 681|0x00000000aa900000, 0x00000000aaa00000, 0x00000000aaa00000|100%|HC|  |TAMS 0x00000000aa900000| PB 0x00000000aa900000| Complete 
| 682|0x00000000aaa00000, 0x00000000aab00000, 0x00000000aab00000|100%|HC|  |TAMS 0x00000000aaa00000| PB 0x00000000aaa00000| Complete 
| 683|0x00000000aab00000, 0x00000000aac00000, 0x00000000aac00000|100%|HC|  |TAMS 0x00000000aab00000| PB 0x00000000aab00000| Complete 
| 684|0x00000000aac00000, 0x00000000aad00000, 0x00000000aad00000|100%|HC|  |TAMS 0x00000000aac00000| PB 0x00000000aac00000| Complete 
| 685|0x00000000aad00000, 0x00000000aae00000, 0x00000000aae00000|100%|HC|  |TAMS 0x00000000aad00000| PB 0x00000000aad00000| Complete 
| 686|0x00000000aae00000, 0x00000000aaf00000, 0x00000000aaf00000|100%|HC|  |TAMS 0x00000000aae00000| PB 0x00000000aae00000| Complete 
| 687|0x00000000aaf00000, 0x00000000ab000000, 0x00000000ab000000|100%|HC|  |TAMS 0x00000000aaf00000| PB 0x00000000aaf00000| Complete 
| 688|0x00000000ab000000, 0x00000000ab100000, 0x00000000ab100000|100%|HS|  |TAMS 0x00000000ab000000| PB 0x00000000ab000000| Complete 
| 689|0x00000000ab100000, 0x00000000ab200000, 0x00000000ab200000|100%|HC|  |TAMS 0x00000000ab100000| PB 0x00000000ab100000| Complete 
| 690|0x00000000ab200000, 0x00000000ab300000, 0x00000000ab300000|100%|HC|  |TAMS 0x00000000ab200000| PB 0x00000000ab200000| Complete 
| 691|0x00000000ab300000, 0x00000000ab400000, 0x00000000ab400000|100%|HC|  |TAMS 0x00000000ab300000| PB 0x00000000ab300000| Complete 
| 692|0x00000000ab400000, 0x00000000ab500000, 0x00000000ab500000|100%|HC|  |TAMS 0x00000000ab400000| PB 0x00000000ab400000| Complete 
| 693|0x00000000ab500000, 0x00000000ab600000, 0x00000000ab600000|100%|HC|  |TAMS 0x00000000ab500000| PB 0x00000000ab500000| Complete 
| 694|0x00000000ab600000, 0x00000000ab700000, 0x00000000ab700000|100%|HC|  |TAMS 0x00000000ab600000| PB 0x00000000ab600000| Complete 
| 695|0x00000000ab700000, 0x00000000ab800000, 0x00000000ab800000|100%|HC|  |TAMS 0x00000000ab700000| PB 0x00000000ab700000| Complete 
| 696|0x00000000ab800000, 0x00000000ab900000, 0x00000000ab900000|100%|HC|  |TAMS 0x00000000ab800000| PB 0x00000000ab800000| Complete 
| 697|0x00000000ab900000, 0x00000000aba00000, 0x00000000aba00000|100%|HC|  |TAMS 0x00000000ab900000| PB 0x00000000ab900000| Complete 
| 698|0x00000000aba00000, 0x00000000abb00000, 0x00000000abb00000|100%|HC|  |TAMS 0x00000000aba00000| PB 0x00000000aba00000| Complete 
| 699|0x00000000abb00000, 0x00000000abc00000, 0x00000000abc00000|100%|HC|  |TAMS 0x00000000abb00000| PB 0x00000000abb00000| Complete 
| 700|0x00000000abc00000, 0x00000000abd00000, 0x00000000abd00000|100%|HC|  |TAMS 0x00000000abc00000| PB 0x00000000abc00000| Complete 
| 701|0x00000000abd00000, 0x00000000abe00000, 0x00000000abe00000|100%|HC|  |TAMS 0x00000000abd00000| PB 0x00000000abd00000| Complete 
| 702|0x00000000abe00000, 0x00000000abf00000, 0x00000000abf00000|100%|HC|  |TAMS 0x00000000abe00000| PB 0x00000000abe00000| Complete 
| 703|0x00000000abf00000, 0x00000000ac000000, 0x00000000ac000000|100%|HC|  |TAMS 0x00000000abf00000| PB 0x00000000abf00000| Complete 
| 704|0x00000000ac000000, 0x00000000ac100000, 0x00000000ac100000|100%|HC|  |TAMS 0x00000000ac000000| PB 0x00000000ac000000| Complete 
| 705|0x00000000ac100000, 0x00000000ac200000, 0x00000000ac200000|100%|HC|  |TAMS 0x00000000ac100000| PB 0x00000000ac100000| Complete 
| 706|0x00000000ac200000, 0x00000000ac300000, 0x00000000ac300000|100%|HC|  |TAMS 0x00000000ac200000| PB 0x00000000ac200000| Complete 
| 707|0x00000000ac300000, 0x00000000ac400000, 0x00000000ac400000|100%|HC|  |TAMS 0x00000000ac300000| PB 0x00000000ac300000| Complete 
| 708|0x00000000ac400000, 0x00000000ac500000, 0x00000000ac500000|100%|HC|  |TAMS 0x00000000ac400000| PB 0x00000000ac400000| Complete 
| 709|0x00000000ac500000, 0x00000000ac600000, 0x00000000ac600000|100%|HC|  |TAMS 0x00000000ac500000| PB 0x00000000ac500000| Complete 
| 710|0x00000000ac600000, 0x00000000ac700000, 0x00000000ac700000|100%|HC|  |TAMS 0x00000000ac600000| PB 0x00000000ac600000| Complete 
| 711|0x00000000ac700000, 0x00000000ac800000, 0x00000000ac800000|100%|HC|  |TAMS 0x00000000ac700000| PB 0x00000000ac700000| Complete 
| 712|0x00000000ac800000, 0x00000000ac900000, 0x00000000ac900000|100%|HC|  |TAMS 0x00000000ac800000| PB 0x00000000ac800000| Complete 
| 713|0x00000000ac900000, 0x00000000aca00000, 0x00000000aca00000|100%|HC|  |TAMS 0x00000000ac900000| PB 0x00000000ac900000| Complete 
| 714|0x00000000aca00000, 0x00000000acb00000, 0x00000000acb00000|100%|HC|  |TAMS 0x00000000aca00000| PB 0x00000000aca00000| Complete 
| 715|0x00000000acb00000, 0x00000000acc00000, 0x00000000acc00000|100%|HC|  |TAMS 0x00000000acb00000| PB 0x00000000acb00000| Complete 
| 716|0x00000000acc00000, 0x00000000acd00000, 0x00000000acd00000|100%|HC|  |TAMS 0x00000000acc00000| PB 0x00000000acc00000| Complete 
| 717|0x00000000acd00000, 0x00000000ace00000, 0x00000000ace00000|100%|HC|  |TAMS 0x00000000acd00000| PB 0x00000000acd00000| Complete 
| 718|0x00000000ace00000, 0x00000000acf00000, 0x00000000acf00000|100%|HC|  |TAMS 0x00000000ace00000| PB 0x00000000ace00000| Complete 
| 719|0x00000000acf00000, 0x00000000ad000000, 0x00000000ad000000|100%|HC|  |TAMS 0x00000000acf00000| PB 0x00000000acf00000| Complete 
| 720|0x00000000ad000000, 0x00000000ad100000, 0x00000000ad100000|100%|HC|  |TAMS 0x00000000ad000000| PB 0x00000000ad000000| Complete 
| 721|0x00000000ad100000, 0x00000000ad200000, 0x00000000ad200000|100%|HC|  |TAMS 0x00000000ad100000| PB 0x00000000ad100000| Complete 
| 722|0x00000000ad200000, 0x00000000ad200000, 0x00000000ad300000|  0%| F|  |TAMS 0x00000000ad200000| PB 0x00000000ad200000| Untracked 
| 723|0x00000000ad300000, 0x00000000ad300000, 0x00000000ad400000|  0%| F|  |TAMS 0x00000000ad300000| PB 0x00000000ad300000| Untracked 
| 724|0x00000000ad400000, 0x00000000ad400000, 0x00000000ad500000|  0%| F|  |TAMS 0x00000000ad400000| PB 0x00000000ad400000| Untracked 
| 725|0x00000000ad500000, 0x00000000ad500000, 0x00000000ad600000|  0%| F|  |TAMS 0x00000000ad500000| PB 0x00000000ad500000| Untracked 
| 726|0x00000000ad600000, 0x00000000ad600000, 0x00000000ad700000|  0%| F|  |TAMS 0x00000000ad600000| PB 0x00000000ad600000| Untracked 
| 727|0x00000000ad700000, 0x00000000ad700000, 0x00000000ad800000|  0%| F|  |TAMS 0x00000000ad700000| PB 0x00000000ad700000| Untracked 
| 728|0x00000000ad800000, 0x00000000ad800000, 0x00000000ad900000|  0%| F|  |TAMS 0x00000000ad800000| PB 0x00000000ad800000| Untracked 
| 729|0x00000000ad900000, 0x00000000ad900000, 0x00000000ada00000|  0%| F|  |TAMS 0x00000000ad900000| PB 0x00000000ad900000| Untracked 
| 730|0x00000000ada00000, 0x00000000ada00000, 0x00000000adb00000|  0%| F|  |TAMS 0x00000000ada00000| PB 0x00000000ada00000| Untracked 
| 731|0x00000000adb00000, 0x00000000adb00000, 0x00000000adc00000|  0%| F|  |TAMS 0x00000000adb00000| PB 0x00000000adb00000| Untracked 
| 732|0x00000000adc00000, 0x00000000adc00000, 0x00000000add00000|  0%| F|  |TAMS 0x00000000adc00000| PB 0x00000000adc00000| Untracked 
| 733|0x00000000add00000, 0x00000000add00000, 0x00000000ade00000|  0%| F|  |TAMS 0x00000000add00000| PB 0x00000000add00000| Untracked 
| 734|0x00000000ade00000, 0x00000000ade00000, 0x00000000adf00000|  0%| F|  |TAMS 0x00000000ade00000| PB 0x00000000ade00000| Untracked 
| 735|0x00000000adf00000, 0x00000000adf00000, 0x00000000ae000000|  0%| F|  |TAMS 0x00000000adf00000| PB 0x00000000adf00000| Untracked 
| 736|0x00000000ae000000, 0x00000000ae000000, 0x00000000ae100000|  0%| F|  |TAMS 0x00000000ae000000| PB 0x00000000ae000000| Untracked 
| 737|0x00000000ae100000, 0x00000000ae100000, 0x00000000ae200000|  0%| F|  |TAMS 0x00000000ae100000| PB 0x00000000ae100000| Untracked 
| 738|0x00000000ae200000, 0x00000000ae200000, 0x00000000ae300000|  0%| F|  |TAMS 0x00000000ae200000| PB 0x00000000ae200000| Untracked 
| 739|0x00000000ae300000, 0x00000000ae300000, 0x00000000ae400000|  0%| F|  |TAMS 0x00000000ae300000| PB 0x00000000ae300000| Untracked 
| 740|0x00000000ae400000, 0x00000000ae400000, 0x00000000ae500000|  0%| F|  |TAMS 0x00000000ae400000| PB 0x00000000ae400000| Untracked 
| 741|0x00000000ae500000, 0x00000000ae500000, 0x00000000ae600000|  0%| F|  |TAMS 0x00000000ae500000| PB 0x00000000ae500000| Untracked 
| 742|0x00000000ae600000, 0x00000000ae600000, 0x00000000ae700000|  0%| F|  |TAMS 0x00000000ae600000| PB 0x00000000ae600000| Untracked 
| 743|0x00000000ae700000, 0x00000000ae700000, 0x00000000ae800000|  0%| F|  |TAMS 0x00000000ae700000| PB 0x00000000ae700000| Untracked 
| 744|0x00000000ae800000, 0x00000000ae800000, 0x00000000ae900000|  0%| F|  |TAMS 0x00000000ae800000| PB 0x00000000ae800000| Untracked 
| 745|0x00000000ae900000, 0x00000000ae900000, 0x00000000aea00000|  0%| F|  |TAMS 0x00000000ae900000| PB 0x00000000ae900000| Untracked 
| 746|0x00000000aea00000, 0x00000000aea00000, 0x00000000aeb00000|  0%| F|  |TAMS 0x00000000aea00000| PB 0x00000000aea00000| Untracked 
| 747|0x00000000aeb00000, 0x00000000aeb00000, 0x00000000aec00000|  0%| F|  |TAMS 0x00000000aeb00000| PB 0x00000000aeb00000| Untracked 
| 748|0x00000000aec00000, 0x00000000aec00000, 0x00000000aed00000|  0%| F|  |TAMS 0x00000000aec00000| PB 0x00000000aec00000| Untracked 
| 749|0x00000000aed00000, 0x00000000aed00000, 0x00000000aee00000|  0%| F|  |TAMS 0x00000000aed00000| PB 0x00000000aed00000| Untracked 
| 750|0x00000000aee00000, 0x00000000aee00000, 0x00000000aef00000|  0%| F|  |TAMS 0x00000000aee00000| PB 0x00000000aee00000| Untracked 
| 751|0x00000000aef00000, 0x00000000aef00000, 0x00000000af000000|  0%| F|  |TAMS 0x00000000aef00000| PB 0x00000000aef00000| Untracked 
| 752|0x00000000af000000, 0x00000000af000000, 0x00000000af100000|  0%| F|  |TAMS 0x00000000af000000| PB 0x00000000af000000| Untracked 
| 753|0x00000000af100000, 0x00000000af100000, 0x00000000af200000|  0%| F|  |TAMS 0x00000000af100000| PB 0x00000000af100000| Untracked 
| 754|0x00000000af200000, 0x00000000af200000, 0x00000000af300000|  0%| F|  |TAMS 0x00000000af200000| PB 0x00000000af200000| Untracked 
| 755|0x00000000af300000, 0x00000000af300000, 0x00000000af400000|  0%| F|  |TAMS 0x00000000af300000| PB 0x00000000af300000| Untracked 
| 756|0x00000000af400000, 0x00000000af400000, 0x00000000af500000|  0%| F|  |TAMS 0x00000000af400000| PB 0x00000000af400000| Untracked 
| 757|0x00000000af500000, 0x00000000af500000, 0x00000000af600000|  0%| F|  |TAMS 0x00000000af500000| PB 0x00000000af500000| Untracked 
| 758|0x00000000af600000, 0x00000000af600000, 0x00000000af700000|  0%| F|  |TAMS 0x00000000af600000| PB 0x00000000af600000| Untracked 
| 759|0x00000000af700000, 0x00000000af700000, 0x00000000af800000|  0%| F|  |TAMS 0x00000000af700000| PB 0x00000000af700000| Untracked 
| 760|0x00000000af800000, 0x00000000af800000, 0x00000000af900000|  0%| F|  |TAMS 0x00000000af800000| PB 0x00000000af800000| Untracked 
| 761|0x00000000af900000, 0x00000000af900000, 0x00000000afa00000|  0%| F|  |TAMS 0x00000000af900000| PB 0x00000000af900000| Untracked 
| 762|0x00000000afa00000, 0x00000000afa00000, 0x00000000afb00000|  0%| F|  |TAMS 0x00000000afa00000| PB 0x00000000afa00000| Untracked 
| 763|0x00000000afb00000, 0x00000000afb00000, 0x00000000afc00000|  0%| F|  |TAMS 0x00000000afb00000| PB 0x00000000afb00000| Untracked 
| 764|0x00000000afc00000, 0x00000000afc00000, 0x00000000afd00000|  0%| F|  |TAMS 0x00000000afc00000| PB 0x00000000afc00000| Untracked 
| 765|0x00000000afd00000, 0x00000000afd00000, 0x00000000afe00000|  0%| F|  |TAMS 0x00000000afd00000| PB 0x00000000afd00000| Untracked 
| 766|0x00000000afe00000, 0x00000000afe00000, 0x00000000aff00000|  0%| F|  |TAMS 0x00000000afe00000| PB 0x00000000afe00000| Untracked 
| 767|0x00000000aff00000, 0x00000000aff00000, 0x00000000b0000000|  0%| F|  |TAMS 0x00000000aff00000| PB 0x00000000aff00000| Untracked 
| 768|0x00000000b0000000, 0x00000000b0000000, 0x00000000b0100000|  0%| F|  |TAMS 0x00000000b0000000| PB 0x00000000b0000000| Untracked 
| 769|0x00000000b0100000, 0x00000000b0100000, 0x00000000b0200000|  0%| F|  |TAMS 0x00000000b0100000| PB 0x00000000b0100000| Untracked 
| 770|0x00000000b0200000, 0x00000000b0200000, 0x00000000b0300000|  0%| F|  |TAMS 0x00000000b0200000| PB 0x00000000b0200000| Untracked 
| 771|0x00000000b0300000, 0x00000000b0300000, 0x00000000b0400000|  0%| F|  |TAMS 0x00000000b0300000| PB 0x00000000b0300000| Untracked 
| 772|0x00000000b0400000, 0x00000000b0400000, 0x00000000b0500000|  0%| F|  |TAMS 0x00000000b0400000| PB 0x00000000b0400000| Untracked 
| 773|0x00000000b0500000, 0x00000000b0500000, 0x00000000b0600000|  0%| F|  |TAMS 0x00000000b0500000| PB 0x00000000b0500000| Untracked 
| 774|0x00000000b0600000, 0x00000000b0600000, 0x00000000b0700000|  0%| F|  |TAMS 0x00000000b0600000| PB 0x00000000b0600000| Untracked 
| 775|0x00000000b0700000, 0x00000000b0700000, 0x00000000b0800000|  0%| F|  |TAMS 0x00000000b0700000| PB 0x00000000b0700000| Untracked 
| 776|0x00000000b0800000, 0x00000000b0800000, 0x00000000b0900000|  0%| F|  |TAMS 0x00000000b0800000| PB 0x00000000b0800000| Untracked 
| 777|0x00000000b0900000, 0x00000000b0900000, 0x00000000b0a00000|  0%| F|  |TAMS 0x00000000b0900000| PB 0x00000000b0900000| Untracked 
| 778|0x00000000b0a00000, 0x00000000b0a00000, 0x00000000b0b00000|  0%| F|  |TAMS 0x00000000b0a00000| PB 0x00000000b0a00000| Untracked 
| 779|0x00000000b0b00000, 0x00000000b0b00000, 0x00000000b0c00000|  0%| F|  |TAMS 0x00000000b0b00000| PB 0x00000000b0b00000| Untracked 
| 780|0x00000000b0c00000, 0x00000000b0c00000, 0x00000000b0d00000|  0%| F|  |TAMS 0x00000000b0c00000| PB 0x00000000b0c00000| Untracked 
| 781|0x00000000b0d00000, 0x00000000b0d00000, 0x00000000b0e00000|  0%| F|  |TAMS 0x00000000b0d00000| PB 0x00000000b0d00000| Untracked 
| 782|0x00000000b0e00000, 0x00000000b0e00000, 0x00000000b0f00000|  0%| F|  |TAMS 0x00000000b0e00000| PB 0x00000000b0e00000| Untracked 
| 783|0x00000000b0f00000, 0x00000000b0f00000, 0x00000000b1000000|  0%| F|  |TAMS 0x00000000b0f00000| PB 0x00000000b0f00000| Untracked 
| 784|0x00000000b1000000, 0x00000000b1000000, 0x00000000b1100000|  0%| F|  |TAMS 0x00000000b1000000| PB 0x00000000b1000000| Untracked 
| 785|0x00000000b1100000, 0x00000000b1100000, 0x00000000b1200000|  0%| F|  |TAMS 0x00000000b1100000| PB 0x00000000b1100000| Untracked 
| 786|0x00000000b1200000, 0x00000000b1200000, 0x00000000b1300000|  0%| F|  |TAMS 0x00000000b1200000| PB 0x00000000b1200000| Untracked 
| 787|0x00000000b1300000, 0x00000000b1300000, 0x00000000b1400000|  0%| F|  |TAMS 0x00000000b1300000| PB 0x00000000b1300000| Untracked 
| 788|0x00000000b1400000, 0x00000000b1400000, 0x00000000b1500000|  0%| F|  |TAMS 0x00000000b1400000| PB 0x00000000b1400000| Untracked 
| 789|0x00000000b1500000, 0x00000000b1500000, 0x00000000b1600000|  0%| F|  |TAMS 0x00000000b1500000| PB 0x00000000b1500000| Untracked 
| 790|0x00000000b1600000, 0x00000000b1600000, 0x00000000b1700000|  0%| F|  |TAMS 0x00000000b1600000| PB 0x00000000b1600000| Untracked 
| 791|0x00000000b1700000, 0x00000000b1700000, 0x00000000b1800000|  0%| F|  |TAMS 0x00000000b1700000| PB 0x00000000b1700000| Untracked 
| 792|0x00000000b1800000, 0x00000000b1800000, 0x00000000b1900000|  0%| F|  |TAMS 0x00000000b1800000| PB 0x00000000b1800000| Untracked 
| 793|0x00000000b1900000, 0x00000000b1900000, 0x00000000b1a00000|  0%| F|  |TAMS 0x00000000b1900000| PB 0x00000000b1900000| Untracked 
| 794|0x00000000b1a00000, 0x00000000b1a00000, 0x00000000b1b00000|  0%| F|  |TAMS 0x00000000b1a00000| PB 0x00000000b1a00000| Untracked 
| 795|0x00000000b1b00000, 0x00000000b1b00000, 0x00000000b1c00000|  0%| F|  |TAMS 0x00000000b1b00000| PB 0x00000000b1b00000| Untracked 
| 796|0x00000000b1c00000, 0x00000000b1c00000, 0x00000000b1d00000|  0%| F|  |TAMS 0x00000000b1c00000| PB 0x00000000b1c00000| Untracked 
| 797|0x00000000b1d00000, 0x00000000b1d00000, 0x00000000b1e00000|  0%| F|  |TAMS 0x00000000b1d00000| PB 0x00000000b1d00000| Untracked 
| 798|0x00000000b1e00000, 0x00000000b1e00000, 0x00000000b1f00000|  0%| F|  |TAMS 0x00000000b1e00000| PB 0x00000000b1e00000| Untracked 
| 799|0x00000000b1f00000, 0x00000000b1f00000, 0x00000000b2000000|  0%| F|  |TAMS 0x00000000b1f00000| PB 0x00000000b1f00000| Untracked 
| 800|0x00000000b2000000, 0x00000000b2000000, 0x00000000b2100000|  0%| F|  |TAMS 0x00000000b2000000| PB 0x00000000b2000000| Untracked 
| 801|0x00000000b2100000, 0x00000000b2100000, 0x00000000b2200000|  0%| F|  |TAMS 0x00000000b2100000| PB 0x00000000b2100000| Untracked 
| 802|0x00000000b2200000, 0x00000000b2200000, 0x00000000b2300000|  0%| F|  |TAMS 0x00000000b2200000| PB 0x00000000b2200000| Untracked 
| 803|0x00000000b2300000, 0x00000000b2300000, 0x00000000b2400000|  0%| F|  |TAMS 0x00000000b2300000| PB 0x00000000b2300000| Untracked 
| 804|0x00000000b2400000, 0x00000000b2400000, 0x00000000b2500000|  0%| F|  |TAMS 0x00000000b2400000| PB 0x00000000b2400000| Untracked 
| 805|0x00000000b2500000, 0x00000000b2500000, 0x00000000b2600000|  0%| F|  |TAMS 0x00000000b2500000| PB 0x00000000b2500000| Untracked 
| 806|0x00000000b2600000, 0x00000000b2600000, 0x00000000b2700000|  0%| F|  |TAMS 0x00000000b2600000| PB 0x00000000b2600000| Untracked 
| 807|0x00000000b2700000, 0x00000000b2700000, 0x00000000b2800000|  0%| F|  |TAMS 0x00000000b2700000| PB 0x00000000b2700000| Untracked 
| 808|0x00000000b2800000, 0x00000000b2800000, 0x00000000b2900000|  0%| F|  |TAMS 0x00000000b2800000| PB 0x00000000b2800000| Untracked 
| 809|0x00000000b2900000, 0x00000000b2900000, 0x00000000b2a00000|  0%| F|  |TAMS 0x00000000b2900000| PB 0x00000000b2900000| Untracked 
| 810|0x00000000b2a00000, 0x00000000b2a00000, 0x00000000b2b00000|  0%| F|  |TAMS 0x00000000b2a00000| PB 0x00000000b2a00000| Untracked 
| 811|0x00000000b2b00000, 0x00000000b2b00000, 0x00000000b2c00000|  0%| F|  |TAMS 0x00000000b2b00000| PB 0x00000000b2b00000| Untracked 
| 812|0x00000000b2c00000, 0x00000000b2c00000, 0x00000000b2d00000|  0%| F|  |TAMS 0x00000000b2c00000| PB 0x00000000b2c00000| Untracked 
| 813|0x00000000b2d00000, 0x00000000b2d00000, 0x00000000b2e00000|  0%| F|  |TAMS 0x00000000b2d00000| PB 0x00000000b2d00000| Untracked 
| 814|0x00000000b2e00000, 0x00000000b2e00000, 0x00000000b2f00000|  0%| F|  |TAMS 0x00000000b2e00000| PB 0x00000000b2e00000| Untracked 
| 815|0x00000000b2f00000, 0x00000000b2f00000, 0x00000000b3000000|  0%| F|  |TAMS 0x00000000b2f00000| PB 0x00000000b2f00000| Untracked 
| 816|0x00000000b3000000, 0x00000000b3000000, 0x00000000b3100000|  0%| F|  |TAMS 0x00000000b3000000| PB 0x00000000b3000000| Untracked 
| 817|0x00000000b3100000, 0x00000000b3100000, 0x00000000b3200000|  0%| F|  |TAMS 0x00000000b3100000| PB 0x00000000b3100000| Untracked 
| 818|0x00000000b3200000, 0x00000000b3200000, 0x00000000b3300000|  0%| F|  |TAMS 0x00000000b3200000| PB 0x00000000b3200000| Untracked 
| 819|0x00000000b3300000, 0x00000000b3300000, 0x00000000b3400000|  0%| F|  |TAMS 0x00000000b3300000| PB 0x00000000b3300000| Untracked 
| 820|0x00000000b3400000, 0x00000000b3400000, 0x00000000b3500000|  0%| F|  |TAMS 0x00000000b3400000| PB 0x00000000b3400000| Untracked 
| 821|0x00000000b3500000, 0x00000000b3500000, 0x00000000b3600000|  0%| F|  |TAMS 0x00000000b3500000| PB 0x00000000b3500000| Untracked 
| 822|0x00000000b3600000, 0x00000000b3600000, 0x00000000b3700000|  0%| F|  |TAMS 0x00000000b3600000| PB 0x00000000b3600000| Untracked 
| 823|0x00000000b3700000, 0x00000000b3700000, 0x00000000b3800000|  0%| F|  |TAMS 0x00000000b3700000| PB 0x00000000b3700000| Untracked 
| 824|0x00000000b3800000, 0x00000000b3800000, 0x00000000b3900000|  0%| F|  |TAMS 0x00000000b3800000| PB 0x00000000b3800000| Untracked 
| 825|0x00000000b3900000, 0x00000000b3900000, 0x00000000b3a00000|  0%| F|  |TAMS 0x00000000b3900000| PB 0x00000000b3900000| Untracked 
| 826|0x00000000b3a00000, 0x00000000b3a00000, 0x00000000b3b00000|  0%| F|  |TAMS 0x00000000b3a00000| PB 0x00000000b3a00000| Untracked 
| 827|0x00000000b3b00000, 0x00000000b3b00000, 0x00000000b3c00000|  0%| F|  |TAMS 0x00000000b3b00000| PB 0x00000000b3b00000| Untracked 
| 828|0x00000000b3c00000, 0x00000000b3c00000, 0x00000000b3d00000|  0%| F|  |TAMS 0x00000000b3c00000| PB 0x00000000b3c00000| Untracked 
| 829|0x00000000b3d00000, 0x00000000b3d00000, 0x00000000b3e00000|  0%| F|  |TAMS 0x00000000b3d00000| PB 0x00000000b3d00000| Untracked 
| 830|0x00000000b3e00000, 0x00000000b3e00000, 0x00000000b3f00000|  0%| F|  |TAMS 0x00000000b3e00000| PB 0x00000000b3e00000| Untracked 
| 831|0x00000000b3f00000, 0x00000000b3f00000, 0x00000000b4000000|  0%| F|  |TAMS 0x00000000b3f00000| PB 0x00000000b3f00000| Untracked 
| 832|0x00000000b4000000, 0x00000000b4000000, 0x00000000b4100000|  0%| F|  |TAMS 0x00000000b4000000| PB 0x00000000b4000000| Untracked 
| 833|0x00000000b4100000, 0x00000000b4100000, 0x00000000b4200000|  0%| F|  |TAMS 0x00000000b4100000| PB 0x00000000b4100000| Untracked 
| 834|0x00000000b4200000, 0x00000000b4200000, 0x00000000b4300000|  0%| F|  |TAMS 0x00000000b4200000| PB 0x00000000b4200000| Untracked 
| 835|0x00000000b4300000, 0x00000000b4300000, 0x00000000b4400000|  0%| F|  |TAMS 0x00000000b4300000| PB 0x00000000b4300000| Untracked 
| 836|0x00000000b4400000, 0x00000000b4400000, 0x00000000b4500000|  0%| F|  |TAMS 0x00000000b4400000| PB 0x00000000b4400000| Untracked 
| 837|0x00000000b4500000, 0x00000000b4500000, 0x00000000b4600000|  0%| F|  |TAMS 0x00000000b4500000| PB 0x00000000b4500000| Untracked 
| 838|0x00000000b4600000, 0x00000000b4600000, 0x00000000b4700000|  0%| F|  |TAMS 0x00000000b4600000| PB 0x00000000b4600000| Untracked 
| 839|0x00000000b4700000, 0x00000000b4700000, 0x00000000b4800000|  0%| F|  |TAMS 0x00000000b4700000| PB 0x00000000b4700000| Untracked 
| 840|0x00000000b4800000, 0x00000000b4800000, 0x00000000b4900000|  0%| F|  |TAMS 0x00000000b4800000| PB 0x00000000b4800000| Untracked 
| 841|0x00000000b4900000, 0x00000000b4900000, 0x00000000b4a00000|  0%| F|  |TAMS 0x00000000b4900000| PB 0x00000000b4900000| Untracked 
| 842|0x00000000b4a00000, 0x00000000b4a00000, 0x00000000b4b00000|  0%| F|  |TAMS 0x00000000b4a00000| PB 0x00000000b4a00000| Untracked 
| 843|0x00000000b4b00000, 0x00000000b4b00000, 0x00000000b4c00000|  0%| F|  |TAMS 0x00000000b4b00000| PB 0x00000000b4b00000| Untracked 
| 844|0x00000000b4c00000, 0x00000000b4c00000, 0x00000000b4d00000|  0%| F|  |TAMS 0x00000000b4c00000| PB 0x00000000b4c00000| Untracked 
| 845|0x00000000b4d00000, 0x00000000b4d00000, 0x00000000b4e00000|  0%| F|  |TAMS 0x00000000b4d00000| PB 0x00000000b4d00000| Untracked 
| 846|0x00000000b4e00000, 0x00000000b4e00000, 0x00000000b4f00000|  0%| F|  |TAMS 0x00000000b4e00000| PB 0x00000000b4e00000| Untracked 
| 847|0x00000000b4f00000, 0x00000000b4f00000, 0x00000000b5000000|  0%| F|  |TAMS 0x00000000b4f00000| PB 0x00000000b4f00000| Untracked 
| 848|0x00000000b5000000, 0x00000000b5000000, 0x00000000b5100000|  0%| F|  |TAMS 0x00000000b5000000| PB 0x00000000b5000000| Untracked 
| 849|0x00000000b5100000, 0x00000000b5100000, 0x00000000b5200000|  0%| F|  |TAMS 0x00000000b5100000| PB 0x00000000b5100000| Untracked 
| 850|0x00000000b5200000, 0x00000000b5200000, 0x00000000b5300000|  0%| F|  |TAMS 0x00000000b5200000| PB 0x00000000b5200000| Untracked 
| 851|0x00000000b5300000, 0x00000000b5300000, 0x00000000b5400000|  0%| F|  |TAMS 0x00000000b5300000| PB 0x00000000b5300000| Untracked 
| 852|0x00000000b5400000, 0x00000000b5400000, 0x00000000b5500000|  0%| F|  |TAMS 0x00000000b5400000| PB 0x00000000b5400000| Untracked 
| 853|0x00000000b5500000, 0x00000000b5500000, 0x00000000b5600000|  0%| F|  |TAMS 0x00000000b5500000| PB 0x00000000b5500000| Untracked 
| 854|0x00000000b5600000, 0x00000000b5600000, 0x00000000b5700000|  0%| F|  |TAMS 0x00000000b5600000| PB 0x00000000b5600000| Untracked 
| 855|0x00000000b5700000, 0x00000000b5700000, 0x00000000b5800000|  0%| F|  |TAMS 0x00000000b5700000| PB 0x00000000b5700000| Untracked 
| 856|0x00000000b5800000, 0x00000000b5800000, 0x00000000b5900000|  0%| F|  |TAMS 0x00000000b5800000| PB 0x00000000b5800000| Untracked 
| 857|0x00000000b5900000, 0x00000000b5900000, 0x00000000b5a00000|  0%| F|  |TAMS 0x00000000b5900000| PB 0x00000000b5900000| Untracked 
| 858|0x00000000b5a00000, 0x00000000b5a00000, 0x00000000b5b00000|  0%| F|  |TAMS 0x00000000b5a00000| PB 0x00000000b5a00000| Untracked 
| 859|0x00000000b5b00000, 0x00000000b5b00000, 0x00000000b5c00000|  0%| F|  |TAMS 0x00000000b5b00000| PB 0x00000000b5b00000| Untracked 
| 860|0x00000000b5c00000, 0x00000000b5c00000, 0x00000000b5d00000|  0%| F|  |TAMS 0x00000000b5c00000| PB 0x00000000b5c00000| Untracked 
| 861|0x00000000b5d00000, 0x00000000b5d00000, 0x00000000b5e00000|  0%| F|  |TAMS 0x00000000b5d00000| PB 0x00000000b5d00000| Untracked 
| 862|0x00000000b5e00000, 0x00000000b5e00000, 0x00000000b5f00000|  0%| F|  |TAMS 0x00000000b5e00000| PB 0x00000000b5e00000| Untracked 
| 863|0x00000000b5f00000, 0x00000000b5f00000, 0x00000000b6000000|  0%| F|  |TAMS 0x00000000b5f00000| PB 0x00000000b5f00000| Untracked 
| 864|0x00000000b6000000, 0x00000000b6000000, 0x00000000b6100000|  0%| F|  |TAMS 0x00000000b6000000| PB 0x00000000b6000000| Untracked 
| 865|0x00000000b6100000, 0x00000000b6100000, 0x00000000b6200000|  0%| F|  |TAMS 0x00000000b6100000| PB 0x00000000b6100000| Untracked 
| 866|0x00000000b6200000, 0x00000000b6200000, 0x00000000b6300000|  0%| F|  |TAMS 0x00000000b6200000| PB 0x00000000b6200000| Untracked 
| 867|0x00000000b6300000, 0x00000000b6300000, 0x00000000b6400000|  0%| F|  |TAMS 0x00000000b6300000| PB 0x00000000b6300000| Untracked 
| 868|0x00000000b6400000, 0x00000000b6400000, 0x00000000b6500000|  0%| F|  |TAMS 0x00000000b6400000| PB 0x00000000b6400000| Untracked 
| 869|0x00000000b6500000, 0x00000000b6500000, 0x00000000b6600000|  0%| F|  |TAMS 0x00000000b6500000| PB 0x00000000b6500000| Untracked 
| 870|0x00000000b6600000, 0x00000000b6600000, 0x00000000b6700000|  0%| F|  |TAMS 0x00000000b6600000| PB 0x00000000b6600000| Untracked 
| 871|0x00000000b6700000, 0x00000000b6700000, 0x00000000b6800000|  0%| F|  |TAMS 0x00000000b6700000| PB 0x00000000b6700000| Untracked 
| 872|0x00000000b6800000, 0x00000000b6800000, 0x00000000b6900000|  0%| F|  |TAMS 0x00000000b6800000| PB 0x00000000b6800000| Untracked 
| 873|0x00000000b6900000, 0x00000000b6900000, 0x00000000b6a00000|  0%| F|  |TAMS 0x00000000b6900000| PB 0x00000000b6900000| Untracked 
| 874|0x00000000b6a00000, 0x00000000b6a00000, 0x00000000b6b00000|  0%| F|  |TAMS 0x00000000b6a00000| PB 0x00000000b6a00000| Untracked 
| 875|0x00000000b6b00000, 0x00000000b6b00000, 0x00000000b6c00000|  0%| F|  |TAMS 0x00000000b6b00000| PB 0x00000000b6b00000| Untracked 
| 876|0x00000000b6c00000, 0x00000000b6c00000, 0x00000000b6d00000|  0%| F|  |TAMS 0x00000000b6c00000| PB 0x00000000b6c00000| Untracked 
| 877|0x00000000b6d00000, 0x00000000b6d00000, 0x00000000b6e00000|  0%| F|  |TAMS 0x00000000b6d00000| PB 0x00000000b6d00000| Untracked 
| 878|0x00000000b6e00000, 0x00000000b6e00000, 0x00000000b6f00000|  0%| F|  |TAMS 0x00000000b6e00000| PB 0x00000000b6e00000| Untracked 
| 879|0x00000000b6f00000, 0x00000000b6f00000, 0x00000000b7000000|  0%| F|  |TAMS 0x00000000b6f00000| PB 0x00000000b6f00000| Untracked 
| 880|0x00000000b7000000, 0x00000000b7000000, 0x00000000b7100000|  0%| F|  |TAMS 0x00000000b7000000| PB 0x00000000b7000000| Untracked 
| 881|0x00000000b7100000, 0x00000000b7100000, 0x00000000b7200000|  0%| F|  |TAMS 0x00000000b7100000| PB 0x00000000b7100000| Untracked 
| 882|0x00000000b7200000, 0x00000000b7200000, 0x00000000b7300000|  0%| F|  |TAMS 0x00000000b7200000| PB 0x00000000b7200000| Untracked 
| 883|0x00000000b7300000, 0x00000000b7300000, 0x00000000b7400000|  0%| F|  |TAMS 0x00000000b7300000| PB 0x00000000b7300000| Untracked 
| 884|0x00000000b7400000, 0x00000000b7400000, 0x00000000b7500000|  0%| F|  |TAMS 0x00000000b7400000| PB 0x00000000b7400000| Untracked 
| 885|0x00000000b7500000, 0x00000000b7500000, 0x00000000b7600000|  0%| F|  |TAMS 0x00000000b7500000| PB 0x00000000b7500000| Untracked 
| 886|0x00000000b7600000, 0x00000000b7600000, 0x00000000b7700000|  0%| F|  |TAMS 0x00000000b7600000| PB 0x00000000b7600000| Untracked 
| 887|0x00000000b7700000, 0x00000000b7700000, 0x00000000b7800000|  0%| F|  |TAMS 0x00000000b7700000| PB 0x00000000b7700000| Untracked 
| 888|0x00000000b7800000, 0x00000000b7800000, 0x00000000b7900000|  0%| F|  |TAMS 0x00000000b7800000| PB 0x00000000b7800000| Untracked 
| 889|0x00000000b7900000, 0x00000000b7900000, 0x00000000b7a00000|  0%| F|  |TAMS 0x00000000b7900000| PB 0x00000000b7900000| Untracked 
| 890|0x00000000b7a00000, 0x00000000b7a00000, 0x00000000b7b00000|  0%| F|  |TAMS 0x00000000b7a00000| PB 0x00000000b7a00000| Untracked 
| 891|0x00000000b7b00000, 0x00000000b7b00000, 0x00000000b7c00000|  0%| F|  |TAMS 0x00000000b7b00000| PB 0x00000000b7b00000| Untracked 
| 892|0x00000000b7c00000, 0x00000000b7c00000, 0x00000000b7d00000|  0%| F|  |TAMS 0x00000000b7c00000| PB 0x00000000b7c00000| Untracked 
| 893|0x00000000b7d00000, 0x00000000b7d00000, 0x00000000b7e00000|  0%| F|  |TAMS 0x00000000b7d00000| PB 0x00000000b7d00000| Untracked 
| 894|0x00000000b7e00000, 0x00000000b7e00000, 0x00000000b7f00000|  0%| F|  |TAMS 0x00000000b7e00000| PB 0x00000000b7e00000| Untracked 
| 895|0x00000000b7f00000, 0x00000000b7f00000, 0x00000000b8000000|  0%| F|  |TAMS 0x00000000b7f00000| PB 0x00000000b7f00000| Untracked 
| 896|0x00000000b8000000, 0x00000000b8000000, 0x00000000b8100000|  0%| F|  |TAMS 0x00000000b8000000| PB 0x00000000b8000000| Untracked 
| 897|0x00000000b8100000, 0x00000000b8100000, 0x00000000b8200000|  0%| F|  |TAMS 0x00000000b8100000| PB 0x00000000b8100000| Untracked 
| 898|0x00000000b8200000, 0x00000000b8200000, 0x00000000b8300000|  0%| F|  |TAMS 0x00000000b8200000| PB 0x00000000b8200000| Untracked 
| 899|0x00000000b8300000, 0x00000000b8300000, 0x00000000b8400000|  0%| F|  |TAMS 0x00000000b8300000| PB 0x00000000b8300000| Untracked 
| 900|0x00000000b8400000, 0x00000000b8400000, 0x00000000b8500000|  0%| F|  |TAMS 0x00000000b8400000| PB 0x00000000b8400000| Untracked 
| 901|0x00000000b8500000, 0x00000000b8500000, 0x00000000b8600000|  0%| F|  |TAMS 0x00000000b8500000| PB 0x00000000b8500000| Untracked 
| 902|0x00000000b8600000, 0x00000000b8600000, 0x00000000b8700000|  0%| F|  |TAMS 0x00000000b8600000| PB 0x00000000b8600000| Untracked 
| 903|0x00000000b8700000, 0x00000000b8700000, 0x00000000b8800000|  0%| F|  |TAMS 0x00000000b8700000| PB 0x00000000b8700000| Untracked 
| 904|0x00000000b8800000, 0x00000000b8800000, 0x00000000b8900000|  0%| F|  |TAMS 0x00000000b8800000| PB 0x00000000b8800000| Untracked 
| 905|0x00000000b8900000, 0x00000000b8900000, 0x00000000b8a00000|  0%| F|  |TAMS 0x00000000b8900000| PB 0x00000000b8900000| Untracked 
| 906|0x00000000b8a00000, 0x00000000b8a00000, 0x00000000b8b00000|  0%| F|  |TAMS 0x00000000b8a00000| PB 0x00000000b8a00000| Untracked 
| 907|0x00000000b8b00000, 0x00000000b8b00000, 0x00000000b8c00000|  0%| F|  |TAMS 0x00000000b8b00000| PB 0x00000000b8b00000| Untracked 
| 908|0x00000000b8c00000, 0x00000000b8c00000, 0x00000000b8d00000|  0%| F|  |TAMS 0x00000000b8c00000| PB 0x00000000b8c00000| Untracked 
| 909|0x00000000b8d00000, 0x00000000b8d00000, 0x00000000b8e00000|  0%| F|  |TAMS 0x00000000b8d00000| PB 0x00000000b8d00000| Untracked 
| 910|0x00000000b8e00000, 0x00000000b8e00000, 0x00000000b8f00000|  0%| F|  |TAMS 0x00000000b8e00000| PB 0x00000000b8e00000| Untracked 
| 911|0x00000000b8f00000, 0x00000000b8f00000, 0x00000000b9000000|  0%| F|  |TAMS 0x00000000b8f00000| PB 0x00000000b8f00000| Untracked 
| 912|0x00000000b9000000, 0x00000000b9000000, 0x00000000b9100000|  0%| F|  |TAMS 0x00000000b9000000| PB 0x00000000b9000000| Untracked 
| 913|0x00000000b9100000, 0x00000000b9100000, 0x00000000b9200000|  0%| F|  |TAMS 0x00000000b9100000| PB 0x00000000b9100000| Untracked 
| 914|0x00000000b9200000, 0x00000000b9200000, 0x00000000b9300000|  0%| F|  |TAMS 0x00000000b9200000| PB 0x00000000b9200000| Untracked 
| 915|0x00000000b9300000, 0x00000000b9300000, 0x00000000b9400000|  0%| F|  |TAMS 0x00000000b9300000| PB 0x00000000b9300000| Untracked 
| 916|0x00000000b9400000, 0x00000000b9400000, 0x00000000b9500000|  0%| F|  |TAMS 0x00000000b9400000| PB 0x00000000b9400000| Untracked 
| 917|0x00000000b9500000, 0x00000000b9500000, 0x00000000b9600000|  0%| F|  |TAMS 0x00000000b9500000| PB 0x00000000b9500000| Untracked 
| 918|0x00000000b9600000, 0x00000000b9600000, 0x00000000b9700000|  0%| F|  |TAMS 0x00000000b9600000| PB 0x00000000b9600000| Untracked 
| 919|0x00000000b9700000, 0x00000000b9700000, 0x00000000b9800000|  0%| F|  |TAMS 0x00000000b9700000| PB 0x00000000b9700000| Untracked 
| 920|0x00000000b9800000, 0x00000000b9900000, 0x00000000b9900000|100%| S|CS|TAMS 0x00000000b9800000| PB 0x00000000b9800000| Complete 
| 921|0x00000000b9900000, 0x00000000b9a00000, 0x00000000b9a00000|100%| S|CS|TAMS 0x00000000b9900000| PB 0x00000000b9900000| Complete 
| 922|0x00000000b9a00000, 0x00000000b9b00000, 0x00000000b9b00000|100%| S|CS|TAMS 0x00000000b9a00000| PB 0x00000000b9a00000| Complete 
| 923|0x00000000b9b00000, 0x00000000b9c00000, 0x00000000b9c00000|100%| S|CS|TAMS 0x00000000b9b00000| PB 0x00000000b9b00000| Complete 
| 924|0x00000000b9c00000, 0x00000000b9c00000, 0x00000000b9d00000|  0%| F|  |TAMS 0x00000000b9c00000| PB 0x00000000b9c00000| Untracked 
| 925|0x00000000b9d00000, 0x00000000b9d00000, 0x00000000b9e00000|  0%| F|  |TAMS 0x00000000b9d00000| PB 0x00000000b9d00000| Untracked 
| 926|0x00000000b9e00000, 0x00000000b9e00000, 0x00000000b9f00000|  0%| F|  |TAMS 0x00000000b9e00000| PB 0x00000000b9e00000| Untracked 
| 927|0x00000000b9f00000, 0x00000000b9f00000, 0x00000000ba000000|  0%| F|  |TAMS 0x00000000b9f00000| PB 0x00000000b9f00000| Untracked 
| 928|0x00000000ba000000, 0x00000000ba000000, 0x00000000ba100000|  0%| F|  |TAMS 0x00000000ba000000| PB 0x00000000ba000000| Untracked 
| 929|0x00000000ba100000, 0x00000000ba100000, 0x00000000ba200000|  0%| F|  |TAMS 0x00000000ba100000| PB 0x00000000ba100000| Untracked 
| 930|0x00000000ba200000, 0x00000000ba200000, 0x00000000ba300000|  0%| F|  |TAMS 0x00000000ba200000| PB 0x00000000ba200000| Untracked 
| 931|0x00000000ba300000, 0x00000000ba300000, 0x00000000ba400000|  0%| F|  |TAMS 0x00000000ba300000| PB 0x00000000ba300000| Untracked 
| 932|0x00000000ba400000, 0x00000000ba400000, 0x00000000ba500000|  0%| F|  |TAMS 0x00000000ba400000| PB 0x00000000ba400000| Untracked 
| 933|0x00000000ba500000, 0x00000000ba500000, 0x00000000ba600000|  0%| F|  |TAMS 0x00000000ba500000| PB 0x00000000ba500000| Untracked 
| 934|0x00000000ba600000, 0x00000000ba600000, 0x00000000ba700000|  0%| F|  |TAMS 0x00000000ba600000| PB 0x00000000ba600000| Untracked 
| 935|0x00000000ba700000, 0x00000000ba700000, 0x00000000ba800000|  0%| F|  |TAMS 0x00000000ba700000| PB 0x00000000ba700000| Untracked 
| 936|0x00000000ba800000, 0x00000000ba800000, 0x00000000ba900000|  0%| F|  |TAMS 0x00000000ba800000| PB 0x00000000ba800000| Untracked 
| 937|0x00000000ba900000, 0x00000000ba900000, 0x00000000baa00000|  0%| F|  |TAMS 0x00000000ba900000| PB 0x00000000ba900000| Untracked 
| 938|0x00000000baa00000, 0x00000000baa80800, 0x00000000bab00000| 50%| E|  |TAMS 0x00000000baa00000| PB 0x00000000baa00000| Complete 
| 939|0x00000000bab00000, 0x00000000bac00000, 0x00000000bac00000|100%| E|CS|TAMS 0x00000000bab00000| PB 0x00000000bab00000| Complete 
| 940|0x00000000bac00000, 0x00000000bad00000, 0x00000000bad00000|100%| E|CS|TAMS 0x00000000bac00000| PB 0x00000000bac00000| Complete 
| 941|0x00000000bad00000, 0x00000000bae00000, 0x00000000bae00000|100%| E|CS|TAMS 0x00000000bad00000| PB 0x00000000bad00000| Complete 
| 942|0x00000000bae00000, 0x00000000baf00000, 0x00000000baf00000|100%| E|CS|TAMS 0x00000000bae00000| PB 0x00000000bae00000| Complete 
| 943|0x00000000baf00000, 0x00000000bb000000, 0x00000000bb000000|100%| E|CS|TAMS 0x00000000baf00000| PB 0x00000000baf00000| Complete 
| 944|0x00000000bb000000, 0x00000000bb100000, 0x00000000bb100000|100%| E|CS|TAMS 0x00000000bb000000| PB 0x00000000bb000000| Complete 
| 945|0x00000000bb100000, 0x00000000bb200000, 0x00000000bb200000|100%| E|CS|TAMS 0x00000000bb100000| PB 0x00000000bb100000| Complete 
| 946|0x00000000bb200000, 0x00000000bb300000, 0x00000000bb300000|100%| E|CS|TAMS 0x00000000bb200000| PB 0x00000000bb200000| Complete 
| 947|0x00000000bb300000, 0x00000000bb400000, 0x00000000bb400000|100%| E|CS|TAMS 0x00000000bb300000| PB 0x00000000bb300000| Complete 
| 948|0x00000000bb400000, 0x00000000bb500000, 0x00000000bb500000|100%| E|CS|TAMS 0x00000000bb400000| PB 0x00000000bb400000| Complete 
| 949|0x00000000bb500000, 0x00000000bb600000, 0x00000000bb600000|100%| E|CS|TAMS 0x00000000bb500000| PB 0x00000000bb500000| Complete 
| 950|0x00000000bb600000, 0x00000000bb700000, 0x00000000bb700000|100%| E|CS|TAMS 0x00000000bb600000| PB 0x00000000bb600000| Complete 
| 951|0x00000000bb700000, 0x00000000bb800000, 0x00000000bb800000|100%| E|CS|TAMS 0x00000000bb700000| PB 0x00000000bb700000| Complete 
| 952|0x00000000bb800000, 0x00000000bb900000, 0x00000000bb900000|100%| E|CS|TAMS 0x00000000bb800000| PB 0x00000000bb800000| Complete 
| 953|0x00000000bb900000, 0x00000000bba00000, 0x00000000bba00000|100%| E|CS|TAMS 0x00000000bb900000| PB 0x00000000bb900000| Complete 
| 954|0x00000000bba00000, 0x00000000bbb00000, 0x00000000bbb00000|100%| E|CS|TAMS 0x00000000bba00000| PB 0x00000000bba00000| Complete 
| 955|0x00000000bbb00000, 0x00000000bbc00000, 0x00000000bbc00000|100%| E|CS|TAMS 0x00000000bbb00000| PB 0x00000000bbb00000| Complete 
| 956|0x00000000bbc00000, 0x00000000bbd00000, 0x00000000bbd00000|100%| E|CS|TAMS 0x00000000bbc00000| PB 0x00000000bbc00000| Complete 
| 957|0x00000000bbd00000, 0x00000000bbe00000, 0x00000000bbe00000|100%| E|CS|TAMS 0x00000000bbd00000| PB 0x00000000bbd00000| Complete 
| 958|0x00000000bbe00000, 0x00000000bbf00000, 0x00000000bbf00000|100%| E|CS|TAMS 0x00000000bbe00000| PB 0x00000000bbe00000| Complete 
| 959|0x00000000bbf00000, 0x00000000bc000000, 0x00000000bc000000|100%| E|CS|TAMS 0x00000000bbf00000| PB 0x00000000bbf00000| Complete 
| 960|0x00000000bc000000, 0x00000000bc100000, 0x00000000bc100000|100%| E|CS|TAMS 0x00000000bc000000| PB 0x00000000bc000000| Complete 
| 961|0x00000000bc100000, 0x00000000bc200000, 0x00000000bc200000|100%| E|CS|TAMS 0x00000000bc100000| PB 0x00000000bc100000| Complete 
| 962|0x00000000bc200000, 0x00000000bc300000, 0x00000000bc300000|100%| E|CS|TAMS 0x00000000bc200000| PB 0x00000000bc200000| Complete 
| 963|0x00000000bc300000, 0x00000000bc400000, 0x00000000bc400000|100%| E|CS|TAMS 0x00000000bc300000| PB 0x00000000bc300000| Complete 
| 964|0x00000000bc400000, 0x00000000bc500000, 0x00000000bc500000|100%| E|CS|TAMS 0x00000000bc400000| PB 0x00000000bc400000| Complete 
| 965|0x00000000bc500000, 0x00000000bc600000, 0x00000000bc600000|100%| E|CS|TAMS 0x00000000bc500000| PB 0x00000000bc500000| Complete 
| 966|0x00000000bc600000, 0x00000000bc700000, 0x00000000bc700000|100%| E|CS|TAMS 0x00000000bc600000| PB 0x00000000bc600000| Complete 
| 967|0x00000000bc700000, 0x00000000bc800000, 0x00000000bc800000|100%| E|CS|TAMS 0x00000000bc700000| PB 0x00000000bc700000| Complete 
| 968|0x00000000bc800000, 0x00000000bc900000, 0x00000000bc900000|100%| E|CS|TAMS 0x00000000bc800000| PB 0x00000000bc800000| Complete 
| 969|0x00000000bc900000, 0x00000000bca00000, 0x00000000bca00000|100%| E|CS|TAMS 0x00000000bc900000| PB 0x00000000bc900000| Complete 
| 970|0x00000000bca00000, 0x00000000bcb00000, 0x00000000bcb00000|100%| E|CS|TAMS 0x00000000bca00000| PB 0x00000000bca00000| Complete 
| 971|0x00000000bcb00000, 0x00000000bcc00000, 0x00000000bcc00000|100%| E|CS|TAMS 0x00000000bcb00000| PB 0x00000000bcb00000| Complete 
| 972|0x00000000bcc00000, 0x00000000bcd00000, 0x00000000bcd00000|100%| E|CS|TAMS 0x00000000bcc00000| PB 0x00000000bcc00000| Complete 
| 973|0x00000000bcd00000, 0x00000000bce00000, 0x00000000bce00000|100%| E|CS|TAMS 0x00000000bcd00000| PB 0x00000000bcd00000| Complete 
| 974|0x00000000bce00000, 0x00000000bcf00000, 0x00000000bcf00000|100%| E|CS|TAMS 0x00000000bce00000| PB 0x00000000bce00000| Complete 
| 975|0x00000000bcf00000, 0x00000000bd000000, 0x00000000bd000000|100%| E|CS|TAMS 0x00000000bcf00000| PB 0x00000000bcf00000| Complete 
| 976|0x00000000bd000000, 0x00000000bd100000, 0x00000000bd100000|100%| E|CS|TAMS 0x00000000bd000000| PB 0x00000000bd000000| Complete 
| 977|0x00000000bd100000, 0x00000000bd200000, 0x00000000bd200000|100%| E|CS|TAMS 0x00000000bd100000| PB 0x00000000bd100000| Complete 
| 978|0x00000000bd200000, 0x00000000bd300000, 0x00000000bd300000|100%| E|CS|TAMS 0x00000000bd200000| PB 0x00000000bd200000| Complete 
| 979|0x00000000bd300000, 0x00000000bd400000, 0x00000000bd400000|100%| E|CS|TAMS 0x00000000bd300000| PB 0x00000000bd300000| Complete 
| 980|0x00000000bd400000, 0x00000000bd500000, 0x00000000bd500000|100%| E|CS|TAMS 0x00000000bd400000| PB 0x00000000bd400000| Complete 
| 981|0x00000000bd500000, 0x00000000bd600000, 0x00000000bd600000|100%| E|CS|TAMS 0x00000000bd500000| PB 0x00000000bd500000| Complete 
| 982|0x00000000bd600000, 0x00000000bd700000, 0x00000000bd700000|100%| E|CS|TAMS 0x00000000bd600000| PB 0x00000000bd600000| Complete 
| 983|0x00000000bd700000, 0x00000000bd800000, 0x00000000bd800000|100%| E|CS|TAMS 0x00000000bd700000| PB 0x00000000bd700000| Complete 
| 984|0x00000000bd800000, 0x00000000bd900000, 0x00000000bd900000|100%| E|CS|TAMS 0x00000000bd800000| PB 0x00000000bd800000| Complete 
| 985|0x00000000bd900000, 0x00000000bda00000, 0x00000000bda00000|100%| E|CS|TAMS 0x00000000bd900000| PB 0x00000000bd900000| Complete 
| 986|0x00000000bda00000, 0x00000000bdb00000, 0x00000000bdb00000|100%| E|CS|TAMS 0x00000000bda00000| PB 0x00000000bda00000| Complete 
| 987|0x00000000bdb00000, 0x00000000bdc00000, 0x00000000bdc00000|100%| E|CS|TAMS 0x00000000bdb00000| PB 0x00000000bdb00000| Complete 
| 988|0x00000000bdc00000, 0x00000000bdd00000, 0x00000000bdd00000|100%| E|CS|TAMS 0x00000000bdc00000| PB 0x00000000bdc00000| Complete 
| 989|0x00000000bdd00000, 0x00000000bde00000, 0x00000000bde00000|100%| E|CS|TAMS 0x00000000bdd00000| PB 0x00000000bdd00000| Complete 
| 990|0x00000000bde00000, 0x00000000bdf00000, 0x00000000bdf00000|100%| E|CS|TAMS 0x00000000bde00000| PB 0x00000000bde00000| Complete 
| 991|0x00000000bdf00000, 0x00000000be000000, 0x00000000be000000|100%| E|CS|TAMS 0x00000000bdf00000| PB 0x00000000bdf00000| Complete 
| 992|0x00000000be000000, 0x00000000be100000, 0x00000000be100000|100%| E|CS|TAMS 0x00000000be000000| PB 0x00000000be000000| Complete 
| 993|0x00000000be100000, 0x00000000be200000, 0x00000000be200000|100%| E|CS|TAMS 0x00000000be100000| PB 0x00000000be100000| Complete 
| 994|0x00000000be200000, 0x00000000be300000, 0x00000000be300000|100%| E|CS|TAMS 0x00000000be200000| PB 0x00000000be200000| Complete 
| 995|0x00000000be300000, 0x00000000be400000, 0x00000000be400000|100%| E|CS|TAMS 0x00000000be300000| PB 0x00000000be300000| Complete 
| 996|0x00000000be400000, 0x00000000be500000, 0x00000000be500000|100%| E|CS|TAMS 0x00000000be400000| PB 0x00000000be400000| Complete 
| 997|0x00000000be500000, 0x00000000be600000, 0x00000000be600000|100%| E|CS|TAMS 0x00000000be500000| PB 0x00000000be500000| Complete 
| 998|0x00000000be600000, 0x00000000be700000, 0x00000000be700000|100%| E|CS|TAMS 0x00000000be600000| PB 0x00000000be600000| Complete 
| 999|0x00000000be700000, 0x00000000be800000, 0x00000000be800000|100%| E|CS|TAMS 0x00000000be700000| PB 0x00000000be700000| Complete 
|1000|0x00000000be800000, 0x00000000be900000, 0x00000000be900000|100%| E|CS|TAMS 0x00000000be800000| PB 0x00000000be800000| Complete 
|1001|0x00000000be900000, 0x00000000bea00000, 0x00000000bea00000|100%| E|CS|TAMS 0x00000000be900000| PB 0x00000000be900000| Complete 
|1002|0x00000000bea00000, 0x00000000beb00000, 0x00000000beb00000|100%| E|CS|TAMS 0x00000000bea00000| PB 0x00000000bea00000| Complete 
|1003|0x00000000beb00000, 0x00000000bec00000, 0x00000000bec00000|100%| E|CS|TAMS 0x00000000beb00000| PB 0x00000000beb00000| Complete 
|1924|0x00000000f8400000, 0x00000000f8500000, 0x00000000f8500000|100%| O|  |TAMS 0x00000000f8460030| PB 0x00000000f8460030| Untracked 
|1925|0x00000000f8500000, 0x00000000f8600000, 0x00000000f8600000|100%| O|  |TAMS 0x00000000f8600000| PB 0x00000000f8600000| Updating 
|1926|0x00000000f8600000, 0x00000000f8700000, 0x00000000f8700000|100%| O|  |TAMS 0x00000000f8700000| PB 0x00000000f8700000| Untracked 
|1927|0x00000000f8700000, 0x00000000f8800000, 0x00000000f8800000|100%| O|  |TAMS 0x00000000f8800000| PB 0x00000000f8800000| Untracked 
|1928|0x00000000f8800000, 0x00000000f8900000, 0x00000000f8900000|100%| O|  |TAMS 0x00000000f8900000| PB 0x00000000f8900000| Updating 
|1929|0x00000000f8900000, 0x00000000f8a00000, 0x00000000f8a00000|100%| O|  |TAMS 0x00000000f8a00000| PB 0x00000000f8a00000| Untracked 
|1930|0x00000000f8a00000, 0x00000000f8b00000, 0x00000000f8b00000|100%| O|  |TAMS 0x00000000f8b00000| PB 0x00000000f8b00000| Untracked 
|1931|0x00000000f8b00000, 0x00000000f8c00000, 0x00000000f8c00000|100%| O|  |TAMS 0x00000000f8c00000| PB 0x00000000f8c00000| Untracked 
|1932|0x00000000f8c00000, 0x00000000f8d00000, 0x00000000f8d00000|100%| O|  |TAMS 0x00000000f8d00000| PB 0x00000000f8d00000| Updating 
|1933|0x00000000f8d00000, 0x00000000f8e00000, 0x00000000f8e00000|100%| E|CS|TAMS 0x00000000f8d00000| PB 0x00000000f8d00000| Complete 
|1934|0x00000000f8e00000, 0x00000000f8f00000, 0x00000000f8f00000|100%| E|CS|TAMS 0x00000000f8e00000| PB 0x00000000f8e00000| Complete 
|1935|0x00000000f8f00000, 0x00000000f9000000, 0x00000000f9000000|100%| O|  |TAMS 0x00000000f9000000| PB 0x00000000f9000000| Updating 
|1936|0x00000000f9000000, 0x00000000f9100000, 0x00000000f9100000|100%| O|  |TAMS 0x00000000f9100000| PB 0x00000000f9100000| Untracked 
|1937|0x00000000f9100000, 0x00000000f9200000, 0x00000000f9200000|100%| O|  |TAMS 0x00000000f9200000| PB 0x00000000f9200000| Untracked 
|1938|0x00000000f9200000, 0x00000000f9300000, 0x00000000f9300000|100%| O|  |TAMS 0x00000000f9300000| PB 0x00000000f9300000| Updating 
|1939|0x00000000f9300000, 0x00000000f9400000, 0x00000000f9400000|100%| O|  |TAMS 0x00000000f9400000| PB 0x00000000f9400000| Untracked 
|1940|0x00000000f9400000, 0x00000000f9500000, 0x00000000f9500000|100%| O|  |TAMS 0x00000000f9500000| PB 0x00000000f9500000| Untracked 
|1941|0x00000000f9500000, 0x00000000f9600000, 0x00000000f9600000|100%| O|  |TAMS 0x00000000f9600000| PB 0x00000000f9600000| Untracked 
|1942|0x00000000f9600000, 0x00000000f9700000, 0x00000000f9700000|100%| O|  |TAMS 0x00000000f9700000| PB 0x00000000f9700000| Untracked 
|1943|0x00000000f9700000, 0x00000000f9800000, 0x00000000f9800000|100%| O|  |TAMS 0x00000000f9800000| PB 0x00000000f9800000| Updating 
|1944|0x00000000f9800000, 0x00000000f9900000, 0x00000000f9900000|100%| O|  |TAMS 0x00000000f9900000| PB 0x00000000f9900000| Updating 
|1945|0x00000000f9900000, 0x00000000f9a00000, 0x00000000f9a00000|100%| O|  |TAMS 0x00000000f9a00000| PB 0x00000000f9a00000| Untracked 
|1946|0x00000000f9a00000, 0x00000000f9b00000, 0x00000000f9b00000|100%| O|  |TAMS 0x00000000f9b00000| PB 0x00000000f9b00000| Updating 
|1947|0x00000000f9b00000, 0x00000000f9c00000, 0x00000000f9c00000|100%| O|  |TAMS 0x00000000f9c00000| PB 0x00000000f9c00000| Updating 
|1948|0x00000000f9c00000, 0x00000000f9d00000, 0x00000000f9d00000|100%| O|  |TAMS 0x00000000f9d00000| PB 0x00000000f9d00000| Untracked 
|1949|0x00000000f9d00000, 0x00000000f9e00000, 0x00000000f9e00000|100%| O|  |TAMS 0x00000000f9e00000| PB 0x00000000f9e00000| Updating 
|1950|0x00000000f9e00000, 0x00000000f9f00000, 0x00000000f9f00000|100%| O|  |TAMS 0x00000000f9f00000| PB 0x00000000f9f00000| Updating 
|1951|0x00000000f9f00000, 0x00000000fa000000, 0x00000000fa000000|100%| O|  |TAMS 0x00000000fa000000| PB 0x00000000fa000000| Updating 
|1952|0x00000000fa000000, 0x00000000fa100000, 0x00000000fa100000|100%| O|  |TAMS 0x00000000fa100000| PB 0x00000000fa100000| Untracked 
|1953|0x00000000fa100000, 0x00000000fa200000, 0x00000000fa200000|100%| O|  |TAMS 0x00000000fa200000| PB 0x00000000fa200000| Updating 
|1954|0x00000000fa200000, 0x00000000fa300000, 0x00000000fa300000|100%| O|  |TAMS 0x00000000fa300000| PB 0x00000000fa300000| Updating 
|1955|0x00000000fa300000, 0x00000000fa400000, 0x00000000fa400000|100%| O|  |TAMS 0x00000000fa400000| PB 0x00000000fa400000| Untracked 
|1956|0x00000000fa400000, 0x00000000fa500000, 0x00000000fa500000|100%| O|  |TAMS 0x00000000fa500000| PB 0x00000000fa500000| Updating 
|1957|0x00000000fa500000, 0x00000000fa600000, 0x00000000fa600000|100%| O|  |TAMS 0x00000000fa600000| PB 0x00000000fa600000| Updating 
|1958|0x00000000fa600000, 0x00000000fa700000, 0x00000000fa700000|100%| O|  |TAMS 0x00000000fa700000| PB 0x00000000fa700000| Untracked 
|1959|0x00000000fa700000, 0x00000000fa800000, 0x00000000fa800000|100%| O|  |TAMS 0x00000000fa800000| PB 0x00000000fa800000| Untracked 
|1960|0x00000000fa800000, 0x00000000fa900000, 0x00000000fa900000|100%| O|  |TAMS 0x00000000fa900000| PB 0x00000000fa900000| Updating 
|1961|0x00000000fa900000, 0x00000000faa00000, 0x00000000faa00000|100%| O|  |TAMS 0x00000000faa00000| PB 0x00000000faa00000| Untracked 
|1962|0x00000000faa00000, 0x00000000fab00000, 0x00000000fab00000|100%| O|  |TAMS 0x00000000fab00000| PB 0x00000000fab00000| Updating 
|1963|0x00000000fab00000, 0x00000000fac00000, 0x00000000fac00000|100%| O|  |TAMS 0x00000000fac00000| PB 0x00000000fac00000| Updating 
|1964|0x00000000fac00000, 0x00000000fad00000, 0x00000000fad00000|100%| O|  |TAMS 0x00000000fad00000| PB 0x00000000fad00000| Updating 
|1965|0x00000000fad00000, 0x00000000fae00000, 0x00000000fae00000|100%| O|  |TAMS 0x00000000fae00000| PB 0x00000000fae00000| Untracked 
|1966|0x00000000fae00000, 0x00000000faf00000, 0x00000000faf00000|100%| O|  |TAMS 0x00000000faf00000| PB 0x00000000faf00000| Updating 
|1967|0x00000000faf00000, 0x00000000fb000000, 0x00000000fb000000|100%| O|  |TAMS 0x00000000fb000000| PB 0x00000000fb000000| Untracked 
|1968|0x00000000fb000000, 0x00000000fb100000, 0x00000000fb100000|100%| O|  |TAMS 0x00000000fb100000| PB 0x00000000fb100000| Untracked 
|1969|0x00000000fb100000, 0x00000000fb200000, 0x00000000fb200000|100%| O|  |TAMS 0x00000000fb200000| PB 0x00000000fb200000| Updating 
|1970|0x00000000fb200000, 0x00000000fb300000, 0x00000000fb300000|100%| O|  |TAMS 0x00000000fb300000| PB 0x00000000fb300000| Updating 
|1971|0x00000000fb300000, 0x00000000fb400000, 0x00000000fb400000|100%| O|  |TAMS 0x00000000fb400000| PB 0x00000000fb400000| Updating 
|1972|0x00000000fb400000, 0x00000000fb500000, 0x00000000fb500000|100%| O|  |TAMS 0x00000000fb500000| PB 0x00000000fb500000| Updating 
|1973|0x00000000fb500000, 0x00000000fb600000, 0x00000000fb600000|100%| O|  |TAMS 0x00000000fb600000| PB 0x00000000fb600000| Untracked 
|1974|0x00000000fb600000, 0x00000000fb700000, 0x00000000fb700000|100%| O|  |TAMS 0x00000000fb700000| PB 0x00000000fb700000| Updating 
|1975|0x00000000fb700000, 0x00000000fb800000, 0x00000000fb800000|100%| O|  |TAMS 0x00000000fb800000| PB 0x00000000fb800000| Updating 
|1976|0x00000000fb800000, 0x00000000fb900000, 0x00000000fb900000|100%| O|  |TAMS 0x00000000fb900000| PB 0x00000000fb900000| Updating 
|1977|0x00000000fb900000, 0x00000000fba00000, 0x00000000fba00000|100%| O|  |TAMS 0x00000000fba00000| PB 0x00000000fba00000| Updating 
|1978|0x00000000fba00000, 0x00000000fbb00000, 0x00000000fbb00000|100%| O|  |TAMS 0x00000000fbb00000| PB 0x00000000fbb00000| Updating 
|1979|0x00000000fbb00000, 0x00000000fbc00000, 0x00000000fbc00000|100%| O|  |TAMS 0x00000000fbc00000| PB 0x00000000fbc00000| Updating 
|1980|0x00000000fbc00000, 0x00000000fbd00000, 0x00000000fbd00000|100%| O|  |TAMS 0x00000000fbd00000| PB 0x00000000fbd00000| Updating 
|1981|0x00000000fbd00000, 0x00000000fbe00000, 0x00000000fbe00000|100%| O|  |TAMS 0x00000000fbe00000| PB 0x00000000fbe00000| Updating 
|1982|0x00000000fbe00000, 0x00000000fbf00000, 0x00000000fbf00000|100%| O|  |TAMS 0x00000000fbf00000| PB 0x00000000fbf00000| Updating 
|1983|0x00000000fbf00000, 0x00000000fc000000, 0x00000000fc000000|100%| O|  |TAMS 0x00000000fc000000| PB 0x00000000fc000000| Updating 
|1984|0x00000000fc000000, 0x00000000fc100000, 0x00000000fc100000|100%| O|  |TAMS 0x00000000fc100000| PB 0x00000000fc100000| Updating 
|1985|0x00000000fc100000, 0x00000000fc200000, 0x00000000fc200000|100%| O|  |TAMS 0x00000000fc200000| PB 0x00000000fc200000| Updating 
|1986|0x00000000fc200000, 0x00000000fc300000, 0x00000000fc300000|100%| O|  |TAMS 0x00000000fc300000| PB 0x00000000fc300000| Updating 
|1987|0x00000000fc300000, 0x00000000fc400000, 0x00000000fc400000|100%| O|  |TAMS 0x00000000fc400000| PB 0x00000000fc400000| Updating 
|1988|0x00000000fc400000, 0x00000000fc500000, 0x00000000fc500000|100%| O|  |TAMS 0x00000000fc500000| PB 0x00000000fc500000| Updating 
|1989|0x00000000fc500000, 0x00000000fc600000, 0x00000000fc600000|100%| O|  |TAMS 0x00000000fc600000| PB 0x00000000fc600000| Updating 
|1990|0x00000000fc600000, 0x00000000fc700000, 0x00000000fc700000|100%| O|  |TAMS 0x00000000fc700000| PB 0x00000000fc700000| Updating 
|1991|0x00000000fc700000, 0x00000000fc800000, 0x00000000fc800000|100%| O|  |TAMS 0x00000000fc800000| PB 0x00000000fc800000| Updating 
|1992|0x00000000fc800000, 0x00000000fc900000, 0x00000000fc900000|100%| O|  |TAMS 0x00000000fc900000| PB 0x00000000fc900000| Updating 
|1993|0x00000000fc900000, 0x00000000fca00000, 0x00000000fca00000|100%| O|  |TAMS 0x00000000fca00000| PB 0x00000000fca00000| Updating 
|1994|0x00000000fca00000, 0x00000000fcb00000, 0x00000000fcb00000|100%| O|  |TAMS 0x00000000fcb00000| PB 0x00000000fcb00000| Untracked 
|1995|0x00000000fcb00000, 0x00000000fcc00000, 0x00000000fcc00000|100%| O|  |TAMS 0x00000000fcc00000| PB 0x00000000fcc00000| Updating 
|1996|0x00000000fcc00000, 0x00000000fcd00000, 0x00000000fcd00000|100%| O|  |TAMS 0x00000000fcd00000| PB 0x00000000fcd00000| Untracked 
|1997|0x00000000fcd00000, 0x00000000fce00000, 0x00000000fce00000|100%| O|  |TAMS 0x00000000fce00000| PB 0x00000000fce00000| Untracked 
|1998|0x00000000fce00000, 0x00000000fcf00000, 0x00000000fcf00000|100%| O|  |TAMS 0x00000000fcf00000| PB 0x00000000fcf00000| Updating 
|1999|0x00000000fcf00000, 0x00000000fd000000, 0x00000000fd000000|100%| O|  |TAMS 0x00000000fd000000| PB 0x00000000fd000000| Updating 
|2000|0x00000000fd000000, 0x00000000fd100000, 0x00000000fd100000|100%| O|  |TAMS 0x00000000fd100000| PB 0x00000000fd100000| Updating 
|2001|0x00000000fd100000, 0x00000000fd200000, 0x00000000fd200000|100%| O|  |TAMS 0x00000000fd200000| PB 0x00000000fd200000| Updating 
|2002|0x00000000fd200000, 0x00000000fd300000, 0x00000000fd300000|100%| O|  |TAMS 0x00000000fd300000| PB 0x00000000fd300000| Untracked 
|2003|0x00000000fd300000, 0x00000000fd400000, 0x00000000fd400000|100%| O|  |TAMS 0x00000000fd400000| PB 0x00000000fd400000| Updating 
|2004|0x00000000fd400000, 0x00000000fd500000, 0x00000000fd500000|100%| O|  |TAMS 0x00000000fd500000| PB 0x00000000fd500000| Updating 
|2005|0x00000000fd500000, 0x00000000fd600000, 0x00000000fd600000|100%| O|  |TAMS 0x00000000fd600000| PB 0x00000000fd600000| Updating 
|2006|0x00000000fd600000, 0x00000000fd700000, 0x00000000fd700000|100%| O|  |TAMS 0x00000000fd700000| PB 0x00000000fd700000| Updating 
|2007|0x00000000fd700000, 0x00000000fd800000, 0x00000000fd800000|100%| O|  |TAMS 0x00000000fd800000| PB 0x00000000fd800000| Updating 
|2008|0x00000000fd800000, 0x00000000fd900000, 0x00000000fd900000|100%| O|  |TAMS 0x00000000fd900000| PB 0x00000000fd900000| Updating 
|2009|0x00000000fd900000, 0x00000000fda00000, 0x00000000fda00000|100%| O|  |TAMS 0x00000000fda00000| PB 0x00000000fda00000| Updating 
|2010|0x00000000fda00000, 0x00000000fdb00000, 0x00000000fdb00000|100%| O|  |TAMS 0x00000000fdb00000| PB 0x00000000fdb00000| Updating 
|2011|0x00000000fdb00000, 0x00000000fdc00000, 0x00000000fdc00000|100%| O|  |TAMS 0x00000000fdc00000| PB 0x00000000fdc00000| Updating 
|2012|0x00000000fdc00000, 0x00000000fdd00000, 0x00000000fdd00000|100%| O|  |TAMS 0x00000000fdd00000| PB 0x00000000fdd00000| Updating 
|2013|0x00000000fdd00000, 0x00000000fde00000, 0x00000000fde00000|100%| O|  |TAMS 0x00000000fde00000| PB 0x00000000fde00000| Updating 
|2014|0x00000000fde00000, 0x00000000fdf00000, 0x00000000fdf00000|100%| O|  |TAMS 0x00000000fdf00000| PB 0x00000000fdf00000| Updating 
|2015|0x00000000fdf00000, 0x00000000fe000000, 0x00000000fe000000|100%| O|  |TAMS 0x00000000fe000000| PB 0x00000000fe000000| Updating 
|2016|0x00000000fe000000, 0x00000000fe100000, 0x00000000fe100000|100%| O|  |TAMS 0x00000000fe100000| PB 0x00000000fe100000| Updating 
|2017|0x00000000fe100000, 0x00000000fe200000, 0x00000000fe200000|100%| O|  |TAMS 0x00000000fe200000| PB 0x00000000fe200000| Updating 
|2018|0x00000000fe200000, 0x00000000fe300000, 0x00000000fe300000|100%| O|  |TAMS 0x00000000fe300000| PB 0x00000000fe300000| Untracked 
|2019|0x00000000fe300000, 0x00000000fe400000, 0x00000000fe400000|100%| O|  |TAMS 0x00000000fe400000| PB 0x00000000fe400000| Updating 
|2020|0x00000000fe400000, 0x00000000fe500000, 0x00000000fe500000|100%| O|  |TAMS 0x00000000fe500000| PB 0x00000000fe500000| Updating 
|2021|0x00000000fe500000, 0x00000000fe600000, 0x00000000fe600000|100%| E|CS|TAMS 0x00000000fe500000| PB 0x00000000fe500000| Complete 
|2022|0x00000000fe600000, 0x00000000fe700000, 0x00000000fe700000|100%| E|CS|TAMS 0x00000000fe600000| PB 0x00000000fe600000| Complete 
|2023|0x00000000fe700000, 0x00000000fe800000, 0x00000000fe800000|100%| E|CS|TAMS 0x00000000fe700000| PB 0x00000000fe700000| Complete 
|2024|0x00000000fe800000, 0x00000000fe900000, 0x00000000fe900000|100%| E|CS|TAMS 0x00000000fe800000| PB 0x00000000fe800000| Complete 
|2025|0x00000000fe900000, 0x00000000fea00000, 0x00000000fea00000|100%| E|CS|TAMS 0x00000000fe900000| PB 0x00000000fe900000| Complete 
|2026|0x00000000fea00000, 0x00000000feb00000, 0x00000000feb00000|100%| O|  |TAMS 0x00000000feb00000| PB 0x00000000feb00000| Untracked 
|2027|0x00000000feb00000, 0x00000000fec00000, 0x00000000fec00000|100%| O|  |TAMS 0x00000000fec00000| PB 0x00000000fec00000| Updating 
|2028|0x00000000fec00000, 0x00000000fed00000, 0x00000000fed00000|100%| E|CS|TAMS 0x00000000fec00000| PB 0x00000000fec00000| Complete 
|2029|0x00000000fed00000, 0x00000000fee00000, 0x00000000fee00000|100%| O|  |TAMS 0x00000000fee00000| PB 0x00000000fee00000| Updating 
|2030|0x00000000fee00000, 0x00000000fef00000, 0x00000000fef00000|100%| O|  |TAMS 0x00000000fef00000| PB 0x00000000fef00000| Untracked 
|2031|0x00000000fef00000, 0x00000000ff000000, 0x00000000ff000000|100%| O|  |TAMS 0x00000000ff000000| PB 0x00000000ff000000| Updating 
|2032|0x00000000ff000000, 0x00000000ff100000, 0x00000000ff100000|100%| E|CS|TAMS 0x00000000ff000000| PB 0x00000000ff000000| Complete 
|2033|0x00000000ff100000, 0x00000000ff200000, 0x00000000ff200000|100%| O|  |TAMS 0x00000000ff200000| PB 0x00000000ff200000| Updating 
|2034|0x00000000ff200000, 0x00000000ff300000, 0x00000000ff300000|100%| O|  |TAMS 0x00000000ff300000| PB 0x00000000ff300000| Untracked 
|2035|0x00000000ff300000, 0x00000000ff400000, 0x00000000ff400000|100%| E|CS|TAMS 0x00000000ff300000| PB 0x00000000ff300000| Complete 
|2036|0x00000000ff400000, 0x00000000ff500000, 0x00000000ff500000|100%| E|CS|TAMS 0x00000000ff400000| PB 0x00000000ff400000| Complete 
|2037|0x00000000ff500000, 0x00000000ff600000, 0x00000000ff600000|100%| O|  |TAMS 0x00000000ff600000| PB 0x00000000ff600000| Updating 
|2038|0x00000000ff600000, 0x00000000ff700000, 0x00000000ff700000|100%| O|  |TAMS 0x00000000ff700000| PB 0x00000000ff700000| Updating 
|2039|0x00000000ff700000, 0x00000000ff800000, 0x00000000ff800000|100%| E|CS|TAMS 0x00000000ff700000| PB 0x00000000ff700000| Complete 
|2040|0x00000000ff800000, 0x00000000ff900000, 0x00000000ff900000|100%| O|  |TAMS 0x00000000ff900000| PB 0x00000000ff900000| Untracked 
|2041|0x00000000ff900000, 0x00000000ffa00000, 0x00000000ffa00000|100%| O|  |TAMS 0x00000000ffa00000| PB 0x00000000ffa00000| Untracked 
|2042|0x00000000ffa00000, 0x00000000ffb00000, 0x00000000ffb00000|100%| O|  |TAMS 0x00000000ffb00000| PB 0x00000000ffb00000| Untracked 
|2043|0x00000000ffb00000, 0x00000000ffc00000, 0x00000000ffc00000|100%| O|  |TAMS 0x00000000ffc00000| PB 0x00000000ffc00000| Untracked 
|2044|0x00000000ffc00000, 0x00000000ffd00000, 0x00000000ffd00000|100%| O|  |TAMS 0x00000000ffd00000| PB 0x00000000ffd00000| Untracked 
|2045|0x00000000ffd00000, 0x00000000ffe00000, 0x00000000ffe00000|100%| O|  |TAMS 0x00000000ffe00000| PB 0x00000000ffe00000| Untracked 
|2046|0x00000000ffe00000, 0x00000000fff00000, 0x00000000fff00000|100%| O|  |TAMS 0x00000000fff00000| PB 0x00000000fff00000| Untracked 
|2047|0x00000000fff00000, 0x0000000100000000, 0x0000000100000000|100%| O|  |TAMS 0x0000000100000000| PB 0x0000000100000000| Untracked 

Card table byte_map: [0x0000019f4d5f0000,0x0000019f4d9f0000] _byte_map_base: 0x0000019f4d1f0000

Marking Bits: (CMBitMap*) 0x0000019f3a64ba60
 Bits: [0x0000019f4d9f0000, 0x0000019f4f9f0000)

Polling page: 0x0000019f38d90000

Metaspace:

Usage:
  Non-class:    108.91 MB used.
      Class:     17.56 MB used.
       Both:    126.47 MB used.

Virtual space:
  Non-class space:      128.00 MB reserved,     110.06 MB ( 86%) committed,  2 nodes.
      Class space:        1.00 GB reserved,      18.69 MB (  2%) committed,  1 nodes.
             Both:        1.12 GB reserved,     128.75 MB ( 11%) committed. 

Chunk freelists:
   Non-Class:  1.86 MB
       Class:  13.16 MB
        Both:  15.02 MB

MaxMetaspaceSize: unlimited
CompressedClassSpaceSize: 1.00 GB
Initial GC threshold: 21.00 MB
Current GC threshold: 213.44 MB
CDS: off
 - commit_granule_bytes: 65536.
 - commit_granule_words: 8192.
 - virtual_space_node_default_size: 8388608.
 - enlarge_chunks_in_place: 1.
 - use_allocation_guard: 0.


Internal statistics:

num_allocs_failed_limit: 12.
num_arena_births: 4422.
num_arena_deaths: 0.
num_vsnodes_births: 3.
num_vsnodes_deaths: 0.
num_space_committed: 2059.
num_space_uncommitted: 0.
num_chunks_returned_to_freelist: 12.
num_chunks_taken_from_freelist: 9847.
num_chunk_merges: 12.
num_chunk_splits: 6507.
num_chunks_enlarged: 4187.
num_inconsistent_stats: 0.

CodeHeap 'non-profiled nmethods': size=120000Kb used=11789Kb max_used=12450Kb free=108211Kb
 bounds [0x0000019f45250000, 0x0000019f45e80000, 0x0000019f4c780000]
CodeHeap 'profiled nmethods': size=120000Kb used=24276Kb max_used=25170Kb free=95723Kb
 bounds [0x0000019f3d780000, 0x0000019f3f0b0000, 0x0000019f44cb0000]
CodeHeap 'non-nmethods': size=5760Kb used=2186Kb max_used=2283Kb free=3573Kb
 bounds [0x0000019f44cb0000, 0x0000019f44f20000, 0x0000019f45250000]
 total_blobs=15266 nmethods=14355 adapters=814
 compilation: enabled
              stopped_count=0, restarted_count=0
 full_count=0

Compilation events (20 events):
Event: 52.556 Thread 0x0000019f5269e180 nmethod 18449 0x0000019f3e93eb10 code [0x0000019f3e93ed20, 0x0000019f3e93f250]
Event: 52.556 Thread 0x0000019f5269e180 18450       3       com.android.tools.r8.dex.L::a (31 bytes)
Event: 52.556 Thread 0x0000019f526bbe30 18451       4       com.android.tools.r8.dex.L::a (63 bytes)
Event: 52.556 Thread 0x0000019f5269e180 nmethod 18450 0x0000019f3e93e310 code [0x0000019f3e93e500, 0x0000019f3e93e8d8]
Event: 52.599 Thread 0x0000019f5269e180 18453       3       com.android.tools.r8.dex.L$$Lambda/0x00000001012d5d10::accept (12 bytes)
Event: 52.599 Thread 0x0000019f5269e180 nmethod 18453 0x0000019f3e93de10 code [0x0000019f3e93dfc0, 0x0000019f3e93e1e8]
Event: 52.599 Thread 0x0000019f5269e180 18454       3       com.android.tools.r8.dex.L::a (104 bytes)
Event: 52.600 Thread 0x0000019f5269e180 nmethod 18454 0x0000019f3e93cc90 code [0x0000019f3e93cf20, 0x0000019f3e93d900]
Event: 52.627 Thread 0x0000019f526bbe30 nmethod 18451 0x0000019f45e72610 code [0x0000019f45e72a20, 0x0000019f45e74738]
Event: 52.627 Thread 0x0000019f526bbe30 18452       4       com.android.tools.r8.dex.L$$Lambda/0x00000001012d5ac0::accept (12 bytes)
Event: 52.667 Thread 0x0000019f526bbe30 nmethod 18452 0x0000019f45e76a10 code [0x0000019f45e76cc0, 0x0000019f45e77848]
Event: 52.667 Thread 0x0000019f526bbe30 18457 %     4       com.android.tools.r8.dex.L::a @ 35 (63 bytes)
Event: 52.683 Thread 0x0000019f526bbe30 nmethod 18457% 0x0000019f45e78390 code [0x0000019f45e78540, 0x0000019f45e787e8]
Event: 52.683 Thread 0x0000019f526bbe30 18458 %     4       com.android.tools.r8.dex.L::a @ 1404 (3518 bytes)
Event: 53.024 Thread 0x0000019f5269e180 18467       3       com.android.tools.r8.dex.L$$Lambda/0x00000001012d5f60::accept (12 bytes)
Event: 53.025 Thread 0x0000019f5269e180 nmethod 18467 0x0000019f3e93c790 code [0x0000019f3e93c940, 0x0000019f3e93cb68]
Event: 53.025 Thread 0x0000019f5269e180 18468       3       com.android.tools.r8.dex.L::a (135 bytes)
Event: 53.026 Thread 0x0000019f5269e180 nmethod 18468 0x0000019f3e93b910 code [0x0000019f3e93bb80, 0x0000019f3e93c360]
Event: 53.176 Thread 0x0000019f5269e180 18471       3       com.android.tools.r8.internal.vo::a (55 bytes)
Event: 53.176 Thread 0x0000019f5269e180 nmethod 18471 0x0000019f3e93b210 code [0x0000019f3e93b3e0, 0x0000019f3e93b750]

GC Heap History (20 events):
Event: 24.788 GC heap before
{Heap before GC invocations=62 (full 0):
 garbage-first heap   total 585728K, used 410247K [0x0000000080000000, 0x0000000100000000)
  region size 1024K, 76 young (77824K), 4 survivors (4096K)
 Metaspace       used 121630K, committed 123904K, reserved 1179648K
  class space    used 16932K, committed 18112K, reserved 1048576K
}
Event: 24.826 GC heap after
{Heap after GC invocations=63 (full 0):
 garbage-first heap   total 585728K, used 363104K [0x0000000080000000, 0x0000000100000000)
  region size 1024K, 10 young (10240K), 10 survivors (10240K)
 Metaspace       used 121630K, committed 123904K, reserved 1179648K
  class space    used 16932K, committed 18112K, reserved 1048576K
}
Event: 25.307 GC heap before
{Heap before GC invocations=63 (full 0):
 garbage-first heap   total 585728K, used 465504K [0x0000000080000000, 0x0000000100000000)
  region size 1024K, 110 young (112640K), 10 survivors (10240K)
 Metaspace       used 123060K, committed 125312K, reserved 1179648K
  class space    used 17164K, committed 18304K, reserved 1048576K
}
Event: 25.385 GC heap after
{Heap after GC invocations=64 (full 0):
 garbage-first heap   total 1047552K, used 412929K [0x0000000080000000, 0x0000000100000000)
  region size 1024K, 14 young (14336K), 14 survivors (14336K)
 Metaspace       used 123060K, committed 125312K, reserved 1179648K
  class space    used 17164K, committed 18304K, reserved 1048576K
}
Event: 29.884 GC heap before
{Heap before GC invocations=64 (full 0):
 garbage-first heap   total 1047552K, used 898305K [0x0000000080000000, 0x0000000100000000)
  region size 1024K, 486 young (497664K), 14 survivors (14336K)
 Metaspace       used 126769K, committed 129024K, reserved 1179648K
  class space    used 17631K, committed 18752K, reserved 1048576K
}
Event: 30.124 GC heap after
{Heap after GC invocations=65 (full 0):
 garbage-first heap   total 1138688K, used 640257K [0x0000000080000000, 0x0000000100000000)
  region size 1024K, 61 young (62464K), 61 survivors (62464K)
 Metaspace       used 126769K, committed 129024K, reserved 1179648K
  class space    used 17631K, committed 18752K, reserved 1048576K
}
Event: 31.261 GC heap before
{Heap before GC invocations=65 (full 0):
 garbage-first heap   total 1138688K, used 701697K [0x0000000080000000, 0x0000000100000000)
  region size 1024K, 122 young (124928K), 61 survivors (62464K)
 Metaspace       used 127713K, committed 130048K, reserved 1179648K
  class space    used 17771K, committed 18944K, reserved 1048576K
}
Event: 31.392 GC heap after
{Heap after GC invocations=66 (full 0):
 garbage-first heap   total 1138688K, used 654337K [0x0000000080000000, 0x0000000100000000)
  region size 1024K, 13 young (13312K), 13 survivors (13312K)
 Metaspace       used 127713K, committed 130048K, reserved 1179648K
  class space    used 17771K, committed 18944K, reserved 1048576K
}
Event: 35.892 GC heap before
{Heap before GC invocations=67 (full 0):
 garbage-first heap   total 1138688K, used 809985K [0x0000000080000000, 0x0000000100000000)
  region size 1024K, 226 young (231424K), 13 survivors (13312K)
 Metaspace       used 128551K, committed 130816K, reserved 1179648K
  class space    used 17878K, committed 19008K, reserved 1048576K
}
Event: 35.941 GC heap after
{Heap after GC invocations=68 (full 0):
 garbage-first heap   total 1138688K, used 605436K [0x0000000080000000, 0x0000000100000000)
  region size 1024K, 28 young (28672K), 28 survivors (28672K)
 Metaspace       used 128551K, committed 130816K, reserved 1179648K
  class space    used 17878K, committed 19008K, reserved 1048576K
}
Event: 41.633 GC heap before
{Heap before GC invocations=68 (full 0):
 garbage-first heap   total 1138688K, used 943356K [0x0000000080000000, 0x0000000100000000)
  region size 1024K, 299 young (306176K), 28 survivors (28672K)
 Metaspace       used 128787K, committed 131072K, reserved 1179648K
  class space    used 17906K, committed 19072K, reserved 1048576K
}
Event: 41.747 GC heap after
{Heap after GC invocations=69 (full 0):
 garbage-first heap   total 1138688K, used 648446K [0x0000000080000000, 0x0000000100000000)
  region size 1024K, 24 young (24576K), 24 survivors (24576K)
 Metaspace       used 128787K, committed 131072K, reserved 1179648K
  class space    used 17906K, committed 19072K, reserved 1048576K
}
Event: 41.749 GC heap before
{Heap before GC invocations=69 (full 0):
 garbage-first heap   total 1138688K, used 648446K [0x0000000080000000, 0x0000000100000000)
  region size 1024K, 25 young (25600K), 24 survivors (24576K)
 Metaspace       used 128787K, committed 131072K, reserved 1179648K
  class space    used 17906K, committed 19072K, reserved 1048576K
}
Event: 41.794 GC heap after
{Heap after GC invocations=70 (full 0):
 garbage-first heap   total 1138688K, used 648531K [0x0000000080000000, 0x0000000100000000)
  region size 1024K, 10 young (10240K), 10 survivors (10240K)
 Metaspace       used 128787K, committed 131072K, reserved 1179648K
  class space    used 17906K, committed 19072K, reserved 1048576K
}
Event: 46.750 GC heap before
{Heap before GC invocations=71 (full 0):
 garbage-first heap   total 1138688K, used 971091K [0x0000000080000000, 0x0000000100000000)
  region size 1024K, 314 young (321536K), 10 survivors (10240K)
 Metaspace       used 129116K, committed 131392K, reserved 1179648K
  class space    used 17935K, committed 19072K, reserved 1048576K
}
Event: 46.836 GC heap after
{Heap after GC invocations=72 (full 0):
 garbage-first heap   total 1138688K, used 686803K [0x0000000080000000, 0x0000000100000000)
  region size 1024K, 36 young (36864K), 36 survivors (36864K)
 Metaspace       used 129116K, committed 131392K, reserved 1179648K
  class space    used 17935K, committed 19072K, reserved 1048576K
}
Event: 50.100 GC heap before
{Heap before GC invocations=72 (full 0):
 garbage-first heap   total 1138688K, used 1074899K [0x0000000080000000, 0x0000000100000000)
  region size 1024K, 330 young (337920K), 36 survivors (36864K)
 Metaspace       used 129386K, committed 131712K, reserved 1179648K
  class space    used 17957K, committed 19136K, reserved 1048576K
}
Event: 50.239 GC heap after
{Heap after GC invocations=73 (full 0):
 garbage-first heap   total 1155072K, used 791169K [0x0000000080000000, 0x0000000100000000)
  region size 1024K, 39 young (39936K), 39 survivors (39936K)
 Metaspace       used 129386K, committed 131712K, reserved 1179648K
  class space    used 17957K, committed 19136K, reserved 1048576K
}
Event: 51.463 GC heap before
{Heap before GC invocations=73 (full 0):
 garbage-first heap   total 1155072K, used 876161K [0x0000000080000000, 0x0000000100000000)
  region size 1024K, 123 young (125952K), 39 survivors (39936K)
 Metaspace       used 129450K, committed 131776K, reserved 1179648K
  class space    used 17966K, committed 19136K, reserved 1048576K
}
Event: 51.526 GC heap after
{Heap after GC invocations=74 (full 0):
 garbage-first heap   total 1155072K, used 793921K [0x0000000080000000, 0x0000000100000000)
  region size 1024K, 4 young (4096K), 4 survivors (4096K)
 Metaspace       used 129450K, committed 131776K, reserved 1179648K
  class space    used 17966K, committed 19136K, reserved 1048576K
}

Dll operation events (3 events):
Event: 0.019 Loaded shared library C:\Program Files\Android\Android Studio\jbr\bin\java.dll
Event: 0.025 Loaded shared library C:\Program Files\Android\Android Studio\jbr\bin\zip.dll
Event: 0.680 Loaded shared library C:\Program Files\Android\Android Studio\jbr\bin\verify.dll

Deoptimization events (20 events):
Event: 51.697 Thread 0x0000019f5b43e430 Uncommon trap: trap_request=0xffffffc6 fr.pc=0x0000019f45e4a9e0 relative=0x0000000000001a00
Event: 51.697 Thread 0x0000019f5b43e430 Uncommon trap: reason=bimorphic_or_optimized_type_check action=maybe_recompile pc=0x0000019f45e4a9e0 method=com.android.tools.r8.internal.l00.b(Ljava/lang/Object;)I @ 35 c2
Event: 51.697 Thread 0x0000019f5b43e430 DEOPT PACKING pc=0x0000019f45e4a9e0 sp=0x000000581d6fe000
Event: 51.697 Thread 0x0000019f5b43e430 DEOPT UNPACKING pc=0x0000019f44d046a2 sp=0x000000581d6fdfb0 mode 2
Event: 51.697 Thread 0x0000019f5b43e430 Uncommon trap: trap_request=0xffffffc6 fr.pc=0x0000019f45e4a9e0 relative=0x0000000000001a00
Event: 51.697 Thread 0x0000019f5b43e430 Uncommon trap: reason=bimorphic_or_optimized_type_check action=maybe_recompile pc=0x0000019f45e4a9e0 method=com.android.tools.r8.internal.l00.b(Ljava/lang/Object;)I @ 35 c2
Event: 51.697 Thread 0x0000019f5b43e430 DEOPT PACKING pc=0x0000019f45e4a9e0 sp=0x000000581d6fe000
Event: 51.697 Thread 0x0000019f5b43e430 DEOPT UNPACKING pc=0x0000019f44d046a2 sp=0x000000581d6fdfb0 mode 2
Event: 51.697 Thread 0x0000019f5b43e430 Uncommon trap: trap_request=0xffffffc6 fr.pc=0x0000019f45e4a9e0 relative=0x0000000000001a00
Event: 51.697 Thread 0x0000019f5b43e430 Uncommon trap: reason=bimorphic_or_optimized_type_check action=maybe_recompile pc=0x0000019f45e4a9e0 method=com.android.tools.r8.internal.l00.b(Ljava/lang/Object;)I @ 35 c2
Event: 51.697 Thread 0x0000019f5b43e430 DEOPT PACKING pc=0x0000019f45e4a9e0 sp=0x000000581d6fe000
Event: 51.697 Thread 0x0000019f5b43e430 DEOPT UNPACKING pc=0x0000019f44d046a2 sp=0x000000581d6fdfb0 mode 2
Event: 52.556 Thread 0x0000019f5b43e430 Uncommon trap: trap_request=0xffffff76 fr.pc=0x0000019f45e71318 relative=0x00000000000009b8
Event: 52.556 Thread 0x0000019f5b43e430 Uncommon trap: reason=predicate action=maybe_recompile pc=0x0000019f45e71318 method=com.android.tools.r8.dex.L.a(Ljava/util/Collection;ILjava/util/function/Consumer;)V @ 35 c2
Event: 52.556 Thread 0x0000019f5b43e430 DEOPT PACKING pc=0x0000019f45e71318 sp=0x000000581d6fe250
Event: 52.556 Thread 0x0000019f5b43e430 DEOPT UNPACKING pc=0x0000019f44d046a2 sp=0x000000581d6fe238 mode 2
Event: 53.022 Thread 0x0000019f5b43e430 Uncommon trap: trap_request=0xffffffc6 fr.pc=0x0000019f45e73cb4 relative=0x0000000000001294
Event: 53.022 Thread 0x0000019f5b43e430 Uncommon trap: reason=bimorphic_or_optimized_type_check action=maybe_recompile pc=0x0000019f45e73cb4 method=com.android.tools.r8.dex.L.a(Ljava/util/Collection;ILjava/util/function/Consumer;)V @ 54 c2
Event: 53.022 Thread 0x0000019f5b43e430 DEOPT PACKING pc=0x0000019f45e73cb4 sp=0x000000581d6fe220
Event: 53.022 Thread 0x0000019f5b43e430 DEOPT UNPACKING pc=0x0000019f44d046a2 sp=0x000000581d6fe228 mode 2

Classes loaded (20 events):
Event: 24.689 Loading class java/util/AbstractList$SubList done
Event: 24.689 Loading class java/util/AbstractList$RandomAccessSubList done
Event: 24.690 Loading class java/util/AbstractList$SubList$1
Event: 24.690 Loading class java/util/AbstractList$SubList$1 done
Event: 24.889 Loading class java/nio/ShortBuffer
Event: 24.890 Loading class java/nio/ShortBuffer done
Event: 24.890 Loading class java/nio/HeapShortBuffer
Event: 24.891 Loading class java/nio/HeapShortBuffer done
Event: 28.483 Loading class java/util/concurrent/ConcurrentLinkedQueue$Itr
Event: 28.489 Loading class java/util/concurrent/ConcurrentLinkedQueue$Itr done
Event: 29.026 Loading class java/util/IdentityHashMap$EntrySet
Event: 29.030 Loading class java/util/IdentityHashMap$EntrySet done
Event: 30.277 Loading class java/util/IdentityHashMap$ValueIterator
Event: 30.280 Loading class java/util/IdentityHashMap$ValueIterator done
Event: 43.284 Loading class java/util/IdentityHashMap$EntryIterator
Event: 43.338 Loading class java/util/IdentityHashMap$EntryIterator done
Event: 43.428 Loading class java/util/IdentityHashMap$EntryIterator$Entry
Event: 43.443 Loading class java/util/IdentityHashMap$EntryIterator$Entry done
Event: 48.386 Loading class java/nio/ByteBufferAsShortBufferL
Event: 48.413 Loading class java/nio/ByteBufferAsShortBufferL done

Classes unloaded (0 events):
No events

Classes redefined (0 events):
No events

Internal exceptions (20 events):
Event: 24.623 Thread 0x0000019f5b43eac0 Implicit null exception at 0x0000019f4555d78e to 0x0000019f4555df10
Event: 24.623 Thread 0x0000019f5e4ab4d0 Implicit null exception at 0x0000019f4555d78e to 0x0000019f4555df10
Event: 24.624 Thread 0x0000019f5f3396f0 Exception <a 'java/lang/IncompatibleClassChangeError'{0x000000009f206058}: Found class java.lang.Object, but interface was expected> (0x000000009f206058) 
thrown [s\src\hotspot\share\interpreter\linkResolver.cpp, line 851]
Event: 24.624 Thread 0x0000019f5e4ab4d0 Exception <a 'java/lang/IncompatibleClassChangeError'{0x000000009f10aeb8}: Found class java.lang.Object, but interface was expected> (0x000000009f10aeb8) 
thrown [s\src\hotspot\share\interpreter\linkResolver.cpp, line 851]
Event: 24.627 Thread 0x0000019f5f3396f0 Implicit null exception at 0x0000019f455f1c0b to 0x0000019f455f1cdc
Event: 24.672 Thread 0x0000019f58f58140 Implicit null exception at 0x0000019f45515107 to 0x0000019f455151e0
Event: 24.683 Thread 0x0000019f5f33c4e0 Exception <a 'java/lang/IncompatibleClassChangeError'{0x000000009f269a40}: Found class java.lang.Object, but interface was expected> (0x000000009f269a40) 
thrown [s\src\hotspot\share\interpreter\linkResolver.cpp, line 851]
Event: 24.684 Thread 0x0000019f5f33c4e0 Exception <a 'java/lang/IncompatibleClassChangeError'{0x000000009f26d180}: Found class java.lang.Object, but interface was expected> (0x000000009f26d180) 
thrown [s\src\hotspot\share\interpreter\linkResolver.cpp, line 851]
Event: 24.688 Thread 0x0000019f5f3396f0 Exception <a 'java/lang/NoSuchMethodError'{0x000000009ee36bb8}: 'long java.lang.invoke.DirectMethodHandle$Holder.invokeStatic(java.lang.Object, java.lang.Object, java.lang.Object)'> (0x000000009ee36bb8) 
thrown [s\src\hotspot\share\interpreter\linkResolver.cpp, line 784]
Event: 28.559 Thread 0x0000019f59f4ae10 Implicit null exception at 0x0000019f45b447e6 to 0x0000019f45b44ae8
Event: 29.099 Thread 0x0000019f59f4ae10 Exception <a 'java/lang/IncompatibleClassChangeError'{0x00000000a4b458c0}: Found class java.lang.Object, but interface was expected> (0x00000000a4b458c0) 
thrown [s\src\hotspot\share\interpreter\linkResolver.cpp, line 851]
Event: 29.104 Thread 0x0000019f59f4ae10 Exception <a 'java/lang/NoSuchMethodError'{0x00000000a4b4d150}: 'void java.lang.invoke.DirectMethodHandle$Holder.invokeInterface(java.lang.Object, java.lang.Object, java.lang.Object, int)'> (0x00000000a4b4d150) 
thrown [s\src\hotspot\share\interpreter\linkResolver.cpp, line 784]
Event: 30.212 Thread 0x0000019f59f4ae10 Implicit null exception at 0x0000019f45b4e777 to 0x0000019f45b4f624
Event: 30.303 Thread 0x0000019f59f4ae10 Exception <a 'java/lang/IncompatibleClassChangeError'{0x00000000bdf69bf0}: Found class java.lang.Object, but interface was expected> (0x00000000bdf69bf0) 
thrown [s\src\hotspot\share\interpreter\linkResolver.cpp, line 851]
Event: 30.369 Thread 0x0000019f59f4ae10 Exception <a 'java/lang/NoSuchMethodError'{0x00000000bde8d848}: 'java.lang.Object java.lang.invoke.DirectMethodHandle$Holder.newInvokeSpecial(java.lang.Object, java.lang.Object, int, java.lang.Object, java.lang.Object, java.lang.Object)'> (0x00000000bde8d848) 
thrown [s\src\hotspot\share\interpreter\linkResolver.cpp, line 784]
Event: 30.373 Thread 0x0000019f59f4ae10 Exception <a 'java/lang/NoSuchMethodError'{0x00000000bdea07a0}: 'java.lang.Object java.lang.invoke.DirectMethodHandle$Holder.newInvokeSpecial(java.lang.Object, int, java.lang.Object, java.lang.Object)'> (0x00000000bdea07a0) 
thrown [s\src\hotspot\share\interpreter\linkResolver.cpp, line 784]
Event: 30.374 Thread 0x0000019f59f4ae10 Exception <a 'java/lang/NoSuchMethodError'{0x00000000bdea4510}: 'java.lang.Object java.lang.invoke.DirectMethodHandle$Holder.invokeSpecial(java.lang.Object, java.lang.Object, int, java.lang.Object, java.lang.Object)'> (0x00000000bdea4510) 
thrown [s\src\hotspot\share\interpreter\linkResolver.cpp, line 784]
Event: 30.672 Thread 0x0000019f59f4ae10 Exception <a 'java/lang/NoSuchMethodError'{0x00000000bd776740}: 'void java.lang.invoke.DirectMethodHandle$Holder.invokeStatic(java.lang.Object, java.lang.Object, java.lang.Object, java.lang.Object, java.lang.Object, java.lang.Object, java.lang.Object, java.lang.Object)'> (0x00000000bd776740) 
thrown [s\src\hotspot\share\interpreter\linkResolver.cpp, line 784]
Event: 39.700 Thread 0x0000019f59f4ae10 Exception <a 'java/lang/IncompatibleClassChangeError'{0x00000000adc2f9e0}: Found class java.lang.Object, but interface was expected> (0x00000000adc2f9e0) 
thrown [s\src\hotspot\share\interpreter\linkResolver.cpp, line 851]
Event: 48.097 Thread 0x0000019f5b43e430 Implicit null exception at 0x0000019f45d59a2f to 0x0000019f45d59eb4

ZGC Phase Switch (0 events):
No events

VM Operations (20 events):
Event: 46.724 Executing VM operation: Cleanup done
Event: 46.745 Executing VM operation: G1CollectForAllocation (G1 Evacuation Pause)
Event: 46.838 Executing VM operation: G1CollectForAllocation (G1 Evacuation Pause) done
Event: 46.891 Executing VM operation: HandshakeAllThreads (Deoptimize)
Event: 46.891 Executing VM operation: HandshakeAllThreads (Deoptimize) done
Event: 47.891 Executing VM operation: Cleanup
Event: 48.061 Executing VM operation: Cleanup done
Event: 48.074 Executing VM operation: HandshakeAllThreads (Deoptimize)
Event: 48.096 Executing VM operation: HandshakeAllThreads (Deoptimize) done
Event: 48.420 Executing VM operation: HandshakeAllThreads (Deoptimize)
Event: 48.919 Executing VM operation: HandshakeAllThreads (Deoptimize) done
Event: 49.920 Executing VM operation: Cleanup
Event: 50.011 Executing VM operation: Cleanup done
Event: 50.100 Executing VM operation: G1CollectForAllocation (G1 Evacuation Pause)
Event: 50.241 Executing VM operation: G1CollectForAllocation (G1 Evacuation Pause) done
Event: 51.241 Executing VM operation: Cleanup
Event: 51.253 Executing VM operation: Cleanup done
Event: 51.462 Executing VM operation: G1TryInitiateConcMark (G1 Humongous Allocation)
Event: 51.526 Executing VM operation: G1TryInitiateConcMark (G1 Humongous Allocation) done
Event: 53.205 Executing VM operation: G1PauseRemark

Events (20 events):
Event: 53.257 Thread 0x0000019f524c1950 flushing nmethod 0x0000019f458e0a10
Event: 53.257 Thread 0x0000019f524c1950 flushing nmethod 0x0000019f459c5f90
Event: 53.257 Thread 0x0000019f524c1950 flushing nmethod 0x0000019f459be790
Event: 53.257 Thread 0x0000019f524c1950 flushing nmethod 0x0000019f45958810
Event: 53.257 Thread 0x0000019f524c1950 flushing nmethod 0x0000019f45937b90
Event: 53.257 Thread 0x0000019f524c1950 flushing nmethod 0x0000019f45923990
Event: 53.257 Thread 0x0000019f524c1950 flushing nmethod 0x0000019f458ee090
Event: 53.257 Thread 0x0000019f524c1950 flushing nmethod 0x0000019f458d4a10
Event: 53.257 Thread 0x0000019f524c1950 flushing nmethod 0x0000019f457b9510
Event: 53.257 Thread 0x0000019f524c1950 flushing nmethod 0x0000019f456fd190
Event: 53.257 Thread 0x0000019f524c1950 flushing nmethod 0x0000019f456e1810
Event: 53.257 Thread 0x0000019f524c1950 flushing nmethod 0x0000019f456e1010
Event: 53.257 Thread 0x0000019f524c1950 flushing nmethod 0x0000019f456e0a90
Event: 53.257 Thread 0x0000019f524c1950 flushing nmethod 0x0000019f45655010
Event: 53.257 Thread 0x0000019f524c1950 flushing nmethod 0x0000019f45654490
Event: 53.257 Thread 0x0000019f524c1950 flushing nmethod 0x0000019f45653b90
Event: 53.257 Thread 0x0000019f524c1950 flushing nmethod 0x0000019f45653510
Event: 53.257 Thread 0x0000019f524c1950 flushing nmethod 0x0000019f4564fb10
Event: 53.257 Thread 0x0000019f524c1950 flushing nmethod 0x0000019f453a8a90
Event: 53.257 Thread 0x0000019f524c1950 flushing nmethod 0x0000019f453a3710


Dynamic libraries:
0x00007ff6f4640000 - 0x00007ff6f464a000 	C:\Program Files\Android\Android Studio\jbr\bin\java.exe
0x00007ffda04c0000 - 0x00007ffda0728000 	C:\WINDOWS\SYSTEM32\ntdll.dll
0x00007ffd9e9f0000 - 0x00007ffd9eab9000 	C:\WINDOWS\System32\KERNEL32.DLL
0x00007ffd9d9e0000 - 0x00007ffd9ddd2000 	C:\WINDOWS\System32\KERNELBASE.dll
0x0000000050640000 - 0x00000000506e6000 	C:\WINDOWS\System32\SYSFER.DLL
0x00007ffd9e140000 - 0x00007ffd9e28b000 	C:\WINDOWS\System32\ucrtbase.dll
0x00007ffd61040000 - 0x00007ffd61058000 	C:\Program Files\Android\Android Studio\jbr\bin\jli.dll
0x00007ffd97030000 - 0x00007ffd9704b000 	C:\Program Files\Android\Android Studio\jbr\bin\VCRUNTIME140.dll
0x00007ffd9f190000 - 0x00007ffd9f355000 	C:\WINDOWS\System32\USER32.dll
0x00007ffd9dfe0000 - 0x00007ffd9e007000 	C:\WINDOWS\System32\win32u.dll
0x00007ffd9f650000 - 0x00007ffd9f67b000 	C:\WINDOWS\System32\GDI32.dll
0x00007ffd872b0000 - 0x00007ffd87543000 	C:\WINDOWS\WinSxS\amd64_microsoft.windows.common-controls_6595b64144ccf1df_6.0.26100.6899_none_3e0efeeae32e88c1\COMCTL32.dll
0x00007ffd9e010000 - 0x00007ffd9e13d000 	C:\WINDOWS\System32\gdi32full.dll
0x00007ffd9f860000 - 0x00007ffd9f909000 	C:\WINDOWS\System32\msvcrt.dll
0x00007ffd9d7b0000 - 0x00007ffd9d853000 	C:\WINDOWS\System32\msvcp_win.dll
0x00007ffd9f0c0000 - 0x00007ffd9f0ef000 	C:\WINDOWS\System32\IMM32.DLL
0x00007ffd9a000000 - 0x00007ffd9a00c000 	C:\Program Files\Android\Android Studio\jbr\bin\vcruntime140_1.dll
0x00007ffd51290000 - 0x00007ffd5131d000 	C:\Program Files\Android\Android Studio\jbr\bin\msvcp140.dll
0x00007ffd33910000 - 0x00007ffd3458d000 	C:\Program Files\Android\Android Studio\jbr\bin\server\jvm.dll
0x00007ffd9eff0000 - 0x00007ffd9f0a4000 	C:\WINDOWS\System32\ADVAPI32.dll
0x00007ffd9f370000 - 0x00007ffd9f416000 	C:\WINDOWS\System32\sechost.dll
0x00007ffd9fd90000 - 0x00007ffd9fea8000 	C:\WINDOWS\System32\RPCRT4.dll
0x00007ffd9fd10000 - 0x00007ffd9fd84000 	C:\WINDOWS\System32\WS2_32.dll
0x00007ffd9d4b0000 - 0x00007ffd9d50e000 	C:\WINDOWS\SYSTEM32\POWRPROF.dll
0x00007ffd87550000 - 0x00007ffd87585000 	C:\WINDOWS\SYSTEM32\WINMM.dll
0x00007ffd8fa40000 - 0x00007ffd8fa4b000 	C:\WINDOWS\SYSTEM32\VERSION.dll
0x00007ffd9d490000 - 0x00007ffd9d4a4000 	C:\WINDOWS\SYSTEM32\UMPDC.dll
0x00007ffd9c420000 - 0x00007ffd9c43b000 	C:\WINDOWS\SYSTEM32\kernel.appcore.dll
0x00007ffd80a60000 - 0x00007ffd80a6a000 	C:\Program Files\Android\Android Studio\jbr\bin\jimage.dll
0x00007ffd9aec0000 - 0x00007ffd9b102000 	C:\WINDOWS\SYSTEM32\DBGHELP.DLL
0x00007ffd9f990000 - 0x00007ffd9fd0b000 	C:\WINDOWS\System32\combase.dll
0x00007ffd9f420000 - 0x00007ffd9f4f7000 	C:\WINDOWS\System32\OLEAUT32.dll
0x00007ffd87dd0000 - 0x00007ffd87e0c000 	C:\WINDOWS\SYSTEM32\dbgcore.DLL
0x00007ffd9d710000 - 0x00007ffd9d7a8000 	C:\WINDOWS\System32\bcryptPrimitives.dll
0x00007ffd77fc0000 - 0x00007ffd77fce000 	C:\Program Files\Android\Android Studio\jbr\bin\instrument.dll
0x00007ffd720a0000 - 0x00007ffd720bf000 	C:\Program Files\Android\Android Studio\jbr\bin\java.dll
0x00007ffd70a10000 - 0x00007ffd70a28000 	C:\Program Files\Android\Android Studio\jbr\bin\zip.dll
0x00007ffd9e2a0000 - 0x00007ffd9e9ed000 	C:\WINDOWS\System32\SHELL32.dll
0x00007ffd9de70000 - 0x00007ffd9dfdb000 	C:\WINDOWS\System32\wintypes.dll
0x00007ffd9b2c0000 - 0x00007ffd9bb1d000 	C:\WINDOWS\SYSTEM32\windows.storage.dll
0x00007ffda0090000 - 0x00007ffda0182000 	C:\WINDOWS\System32\SHCORE.dll
0x00007ffd9fec0000 - 0x00007ffd9ff22000 	C:\WINDOWS\System32\shlwapi.dll
0x00007ffd9d570000 - 0x00007ffd9d599000 	C:\WINDOWS\SYSTEM32\profapi.dll
0x00007ffd7d9b0000 - 0x00007ffd7d9c0000 	C:\Program Files\Android\Android Studio\jbr\bin\net.dll
0x00007ffd8fc50000 - 0x00007ffd8fd6f000 	C:\WINDOWS\SYSTEM32\WINHTTP.dll
0x00007ffd9c990000 - 0x00007ffd9c9fb000 	C:\WINDOWS\system32\mswsock.dll
0x00007ffd6d990000 - 0x00007ffd6d9a6000 	C:\Program Files\Android\Android Studio\jbr\bin\nio.dll
0x00007ffd7a2f0000 - 0x00007ffd7a300000 	C:\Program Files\Android\Android Studio\jbr\bin\verify.dll
0x00007ffd6f7f0000 - 0x00007ffd6f817000 	C:\Users\MCC2104001_003\.gradle\native\c067742578af261105cb4f569cf0c3c89f3d7b1fecec35dd04571415982c5e48\windows-amd64\native-platform.dll
0x00007ffd5eb30000 - 0x00007ffd5ec74000 	C:\Users\MCC2104001_003\.gradle\native\100fb08df4bc3b14c8652ba06237920a3bd2aa13389f12d3474272988ae205f9\windows-amd64\native-platform-file-events.dll
0x00007ffd7b0f0000 - 0x00007ffd7b0f9000 	C:\Program Files\Android\Android Studio\jbr\bin\management.dll
0x00007ffd7aec0000 - 0x00007ffd7aecb000 	C:\Program Files\Android\Android Studio\jbr\bin\management_ext.dll
0x00007ffd9f0b0000 - 0x00007ffd9f0b8000 	C:\WINDOWS\System32\PSAPI.DLL
0x00007ffd9cc40000 - 0x00007ffd9cc5b000 	C:\WINDOWS\SYSTEM32\CRYPTSP.dll
0x00007ffd9c380000 - 0x00007ffd9c3bb000 	C:\WINDOWS\system32\rsaenh.dll
0x00007ffd9ca30000 - 0x00007ffd9ca5b000 	C:\WINDOWS\SYSTEM32\USERENV.dll
0x00007ffd9d540000 - 0x00007ffd9d566000 	C:\WINDOWS\SYSTEM32\bcrypt.dll
0x00007ffd9d450000 - 0x00007ffd9d45c000 	C:\WINDOWS\SYSTEM32\CRYPTBASE.dll
0x00007ffd9be90000 - 0x00007ffd9bec4000 	C:\WINDOWS\SYSTEM32\IPHLPAPI.DLL
0x00007ffd9f360000 - 0x00007ffd9f36a000 	C:\WINDOWS\System32\NSI.dll
0x00007ffd7c6a0000 - 0x00007ffd7c6a9000 	C:\Program Files\Android\Android Studio\jbr\bin\extnet.dll
0x00007ffd3c3d0000 - 0x00007ffd3c3d8000 	C:\WINDOWS\system32\wshunix.dll
0x00007ffd89ad0000 - 0x00007ffd89ae8000 	C:\WINDOWS\system32\napinsp.dll
0x00007ffd9bf30000 - 0x00007ffd9c056000 	C:\WINDOWS\SYSTEM32\DNSAPI.dll
0x00007ffd89ab0000 - 0x00007ffd89ac2000 	C:\WINDOWS\System32\winrnr.dll
0x00007ffd886d0000 - 0x00007ffd886f8000 	C:\WINDOWS\system32\nlansp_c.dll
0x00007ffd8a790000 - 0x00007ffd8a7a6000 	C:\WINDOWS\system32\wshbth.dll
0x00007ffd95a00000 - 0x00007ffd95a0b000 	C:\Windows\System32\rasadhlp.dll
0x00007ffd951f0000 - 0x00007ffd95276000 	C:\WINDOWS\System32\fwpuclnt.dll
0x00007ffd77a80000 - 0x00007ffd77a87000 	C:\Program Files\Android\Android Studio\jbr\bin\rmi.dll

dbghelp: loaded successfully - version: 4.0.5 - missing functions: none
symbol engine: initialized successfully - sym options: 0x614 - pdb path: .;C:\Program Files\Android\Android Studio\jbr\bin;C:\WINDOWS\SYSTEM32;C:\WINDOWS\WinSxS\amd64_microsoft.windows.common-controls_6595b64144ccf1df_6.0.26100.6899_none_3e0efeeae32e88c1;C:\Program Files\Android\Android Studio\jbr\bin\server;C:\Users\MCC2104001_003\.gradle\native\c067742578af261105cb4f569cf0c3c89f3d7b1fecec35dd04571415982c5e48\windows-amd64;C:\Users\MCC2104001_003\.gradle\native\100fb08df4bc3b14c8652ba06237920a3bd2aa13389f12d3474272988ae205f9\windows-amd64

VM Arguments:
jvm_args: --add-opens=java.base/java.util=ALL-UNNAMED --add-opens=java.base/java.lang=ALL-UNNAMED --add-opens=java.base/java.lang.invoke=ALL-UNNAMED --add-opens=java.prefs/java.util.prefs=ALL-UNNAMED --add-exports=jdk.compiler/com.sun.tools.javac.api=ALL-UNNAMED --add-exports=jdk.compiler/com.sun.tools.javac.util=ALL-UNNAMED --add-opens=java.base/java.nio.charset=ALL-UNNAMED --add-opens=java.base/java.net=ALL-UNNAMED --add-opens=java.base/java.util.concurrent.atomic=ALL-UNNAMED -Xmx2048m -Dfile.encoding=UTF-8 -Duser.country=US -Duser.language=en -Duser.variant -javaagent:C:\Users\MCC2104001_003\.gradle\wrapper\dists\gradle-8.9-bin\90cnw93cvbtalezasaz0blq0a\gradle-8.9\lib\agents\gradle-instrumentation-agent-8.9.jar 
java_command: org.gradle.launcher.daemon.bootstrap.GradleDaemon 8.9
java_class_path (initial): C:\Users\MCC2104001_003\.gradle\wrapper\dists\gradle-8.9-bin\90cnw93cvbtalezasaz0blq0a\gradle-8.9\lib\gradle-daemon-main-8.9.jar
Launcher Type: SUN_STANDARD

[Global flags]
     intx CICompilerCount                          = 4                                         {product} {ergonomic}
     uint ConcGCThreads                            = 2                                         {product} {ergonomic}
     uint G1ConcRefinementThreads                  = 8                                         {product} {ergonomic}
   size_t G1HeapRegionSize                         = 1048576                                   {product} {ergonomic}
    uintx GCDrainStackTargetSize                   = 64                                        {product} {ergonomic}
   size_t InitialHeapSize                          = 132120576                                 {product} {ergonomic}
   size_t MarkStackSize                            = 4194304                                   {product} {ergonomic}
   size_t MaxHeapSize                              = 2147483648                                {product} {command line}
   size_t MaxNewSize                               = 1287651328                                {product} {ergonomic}
   size_t MinHeapDeltaBytes                        = 1048576                                   {product} {ergonomic}
   size_t MinHeapSize                              = 8388608                                   {product} {ergonomic}
    uintx NonNMethodCodeHeapSize                   = 5839372                                {pd product} {ergonomic}
    uintx NonProfiledCodeHeapSize                  = 122909434                              {pd product} {ergonomic}
    uintx ProfiledCodeHeapSize                     = 122909434                              {pd product} {ergonomic}
    uintx ReservedCodeCacheSize                    = 251658240                              {pd product} {ergonomic}
     bool SegmentedCodeCache                       = true                                      {product} {ergonomic}
   size_t SoftMaxHeapSize                          = 2147483648                             {manageable} {ergonomic}
     bool UseCompressedOops                        = true                           {product lp64_product} {ergonomic}
     bool UseG1GC                                  = true                                      {product} {ergonomic}
     bool UseLargePagesIndividualAllocation        = false                                  {pd product} {ergonomic}

Logging:
Log output configuration:
 #0: stdout all=warning uptime,level,tags foldmultilines=false
 #1: stderr all=off uptime,level,tags foldmultilines=false

Environment Variables:
PATH=C:\WINDOWS\system32;C:\WINDOWS;C:\WINDOWS\System32\Wbem;C:\WINDOWS\System32\WindowsPowerShell\v1.0\;C:\WINDOWS\System32\OpenSSH\;C:\Program Files\dotnet\;C:\xampp\php;C:\composer;C:\Program Files\nodejs\;C:\Users\MCC2104001_003\AppData\Local\Programs\Python\Python313;C:\Users\MCC2104001_003\AppData\Local\Programs\Python\Python313\Scripts;C:\Users\MCC2104001_003\AppData\Local\Programs\Microsoft VS Code\bin;C:\Users\MCC2104001_003\AppData\Local\GitHubDesktop\bin
USERNAME=MCC2104001_003
OS=Windows_NT
PROCESSOR_IDENTIFIER=Intel64 Family 6 Model 142 Stepping 12, GenuineIntel
TMP=C:\Users\MCC210~1\AppData\Local\Temp
TEMP=C:\Users\MCC210~1\AppData\Local\Temp




Periodic native trim disabled

JNI global refs:
JNI global refs: 30, weak refs: 12

JNI global refs memory usage: 835, weak refs: 833

Process memory usage:
Resident Set Size: 818504K (10% of 8143556K total physical memory with 46956K free physical memory)

OOME stack traces (most recent first):
Classloader memory used:
Loader org.gradle.internal.classloader.VisitableURLClassLoader$InstrumentingVisitableURLClassLoader: 43037K
Loader org.gradle.internal.classloader.VisitableURLClassLoader                         : 42944K
Loader bootstrap                                                                       : 30114K
Loader org.gradle.initialization.MixInLegacyTypesClassLoader                           : 11810K
Loader jdk.internal.reflect.DelegatingClassLoader                                      : 547K
Loader jdk.internal.loader.ClassLoaders$PlatformClassLoader                            : 509K
Loader org.gradle.internal.classloader.VisitableURLClassLoader                         : 311K
Loader jdk.internal.loader.ClassLoaders$AppClassLoader                                 : 230K

Classes loaded by more than one classloader:
Class Program                                                                         : loaded 5 times (x 69B)
Class Build_gradle                                                                    : loaded 3 times (x 127B)
Class Build_gradle$1                                                                  : loaded 3 times (x 71B)
Class org.gradle.internal.classloader.FilteringClassLoader                            : loaded 2 times (x 102B)
Class [Lcom.google.common.base.AbstractIterator$State;                                : loaded 2 times (x 66B)
Class com.google.common.base.CharMatcher$IsEither                                     : loaded 2 times (x 108B)
Class org.gradle.internal.classloader.ClassLoaderHierarchy                            : loaded 2 times (x 67B)
Class com.google.common.collect.ImmutableEnumSet                                      : loaded 2 times (x 143B)
Class com.google.common.util.concurrent.ExecutionError                                : loaded 2 times (x 79B)
Class com.google.common.collect.ImmutableList$1                                       : loaded 2 times (x 94B)
Class org.gradle.api.internal.classpath.ManifestUtil                                  : loaded 2 times (x 68B)
Class com.google.common.collect.RegularImmutableMap                                   : loaded 2 times (x 118B)
Class com.google.common.collect.ImmutableMap$MapViewOfValuesAsSingletonSets           : loaded 2 times (x 122B)
Class [Lorg.objectweb.asm.Symbol;                                                     : loaded 2 times (x 66B)
Class org.objectweb.asm.ClassVisitor                                                  : loaded 2 times (x 85B)
Class com.google.common.collect.UnmodifiableListIterator                              : loaded 2 times (x 92B)
Class org.objectweb.asm.MethodTooLargeException                                       : loaded 2 times (x 80B)
Class [Lcom.google.common.cache.CacheBuilder$OneWeigher;                              : loaded 2 times (x 66B)
Class com.google.common.base.Suppliers                                                : loaded 2 times (x 68B)
Class com.google.common.base.Platform$JdkPatternCompiler                              : loaded 2 times (x 72B)
Class org.gradle.internal.classloader.DefaultClassLoaderFactory                       : loaded 2 times (x 79B)
Class com.google.common.base.CharMatcher$None                                         : loaded 2 times (x 109B)
Class org.gradle.internal.classloader.ClassLoaderVisitor                              : loaded 2 times (x 73B)
Class [Lcom.google.common.collect.ImmutableMapEntry;                                  : loaded 2 times (x 66B)
Class org.gradle.api.internal.classpath.EffectiveClassPath                            : loaded 2 times (x 87B)
Class com.google.common.collect.ImmutableRangeSet                                     : loaded 2 times (x 112B)
Class com.google.common.collect.ImmutableEnumMap                                      : loaded 2 times (x 122B)
Class com.google.common.collect.ListMultimap                                          : loaded 2 times (x 67B)
Class com.google.common.collect.ImmutableSet$SerializedForm                           : loaded 2 times (x 70B)
Class com.google.common.collect.Sets$1                                                : loaded 2 times (x 136B)
Class org.objectweb.asm.AnnotationVisitor                                             : loaded 2 times (x 75B)
Class com.google.common.base.Splitter                                                 : loaded 2 times (x 69B)
Class org.gradle.api.internal.DefaultClassPathProvider                                : loaded 2 times (x 73B)
Class com.google.common.collect.Sets$2                                                : loaded 2 times (x 136B)
Class [Lorg.gradle.api.internal.ClassPathProvider;                                    : loaded 2 times (x 66B)
Class org.gradle.api.internal.ClassPathProvider                                       : loaded 2 times (x 67B)
Class [Lorg.objectweb.asm.AnnotationVisitor;                                          : loaded 2 times (x 66B)
Class com.google.common.collect.Sets$3                                                : loaded 2 times (x 136B)
Class com.google.common.util.concurrent.AbstractFuture$SafeAtomicHelper               : loaded 2 times (x 76B)
Class com.google.common.cache.LocalCache$LocalLoadingCache                            : loaded 2 times (x 131B)
Class com.google.common.base.AbstractIterator$State                                   : loaded 2 times (x 76B)
Class org.gradle.internal.service.UnknownServiceException                             : loaded 2 times (x 80B)
Class com.google.common.collect.Sets$4                                                : loaded 2 times (x 136B)
Class org.objectweb.asm.ModuleVisitor                                                 : loaded 2 times (x 78B)
Class com.google.common.cache.LocalCache$Strength$1                                   : loaded 2 times (x 78B)
Class com.google.common.util.concurrent.SettableFuture                                : loaded 2 times (x 111B)
Class com.google.common.cache.LocalCache$Strength$2                                   : loaded 2 times (x 78B)
Class com.google.common.cache.LocalCache$Strength$3                                   : loaded 2 times (x 78B)
Class com.google.common.collect.MapDifference                                         : loaded 2 times (x 67B)
Class com.google.common.base.Splitter$1                                               : loaded 2 times (x 74B)
Class org.objectweb.asm.FieldWriter                                                   : loaded 2 times (x 75B)
Class com.google.common.cache.CacheBuilder$NullListener                               : loaded 2 times (x 79B)
Class org.gradle.internal.classpath.TransformedClassPath                              : loaded 2 times (x 93B)
Class com.google.common.collect.ImmutableRangeSet$AsSet                               : loaded 2 times (x 296B)
Class com.google.common.cache.CacheLoader$FunctionToCacheLoader                       : loaded 2 times (x 72B)
Class com.google.common.collect.Iterators$ArrayItr                                    : loaded 2 times (x 94B)
Class com.google.common.collect.ImmutableCollection$Builder                           : loaded 2 times (x 73B)
Class com.google.common.base.Joiner                                                   : loaded 2 times (x 76B)
Class com.google.common.base.MoreObjects                                              : loaded 2 times (x 68B)
Class [Lorg.objectweb.asm.Type;                                                       : loaded 2 times (x 66B)
Class com.google.common.collect.Platform                                              : loaded 2 times (x 68B)
Class com.google.common.collect.UnmodifiableIterator                                  : loaded 2 times (x 77B)
Class org.gradle.internal.service.ServiceLocator                                      : loaded 2 times (x 67B)
Class com.google.common.base.Ascii                                                    : loaded 2 times (x 68B)
Class com.google.common.collect.SingletonImmutableBiMap                               : loaded 2 times (x 140B)
Class com.google.common.cache.LocalCache$1                                            : loaded 2 times (x 86B)
Class com.google.common.collect.AbstractMapEntry                                      : loaded 2 times (x 78B)
Class com.google.common.collect.Sets$ImprovedAbstractSet                              : loaded 2 times (x 132B)
Class com.google.common.collect.ImmutableList$Builder                                 : loaded 2 times (x 74B)
Class com.google.common.cache.LocalCache$2                                            : loaded 2 times (x 139B)
Class com.google.common.collect.AbstractMultimap                                      : loaded 2 times (x 120B)
Class com.google.common.collect.ImmutableRangeSet$1                                   : loaded 2 times (x 206B)
Class com.google.common.util.concurrent.AbstractFuture$UnsafeAtomicHelper$1           : loaded 2 times (x 73B)
Class com.google.common.collect.RegularImmutableAsList                                : loaded 2 times (x 213B)
Class com.google.common.collect.Range                                                 : loaded 2 times (x 84B)
Class com.google.common.util.concurrent.AbstractFuture$Trusted                        : loaded 2 times (x 67B)
Class com.google.common.collect.Iterators                                             : loaded 2 times (x 68B)
Class com.google.common.base.CharMatcher$RangesMatcher                                : loaded 2 times (x 109B)
Class com.google.common.util.concurrent.UncheckedExecutionException                   : loaded 2 times (x 79B)
Class com.google.common.collect.Lists$StringAsImmutableList                           : loaded 2 times (x 204B)
Class org.gradle.kotlin.dsl.VersionCatalogAccessorsKt                                 : loaded 2 times (x 68B)
Class com.google.common.collect.ImmutableSortedSetFauxverideShim                      : loaded 2 times (x 144B)
Class com.google.common.base.CharMatcher$JavaLetterOrDigit                            : loaded 2 times (x 108B)
Class org.gradle.internal.InternalTransformer                                         : loaded 2 times (x 67B)
Class com.google.common.collect.AbstractMapBasedMultimap$KeySet$1                     : loaded 2 times (x 79B)
Class org.objectweb.asm.ClassWriter                                                   : loaded 2 times (x 103B)
Class com.google.common.cache.CacheLoader$UnsupportedLoadingOperationException        : loaded 2 times (x 79B)
Class com.google.common.base.CharMatcher$And                                          : loaded 2 times (x 109B)
Class org.gradle.internal.classloader.ClasspathUtil$1                                 : loaded 2 times (x 73B)
Class com.google.common.base.Objects                                                  : loaded 2 times (x 68B)
Class org.objectweb.asm.FieldVisitor                                                  : loaded 2 times (x 74B)
Class com.google.common.collect.IndexedImmutableSet                                   : loaded 2 times (x 147B)
Class com.google.common.collect.ImmutableMap$1                                        : loaded 2 times (x 78B)
Class com.google.common.collect.BiMap                                                 : loaded 2 times (x 67B)
Class org.gradle.api.internal.classpath.DefaultModuleRegistry$DefaultModule           : loaded 2 times (x 83B)
Class com.google.common.primitives.Ints                                               : loaded 2 times (x 68B)
Class com.google.common.collect.AbstractIterator                                      : loaded 2 times (x 79B)
Class com.google.common.math.MathPreconditions                                        : loaded 2 times (x 68B)
Class com.google.common.collect.Multiset                                              : loaded 2 times (x 67B)
Class com.google.common.collect.RegularImmutableMap$KeySet                            : loaded 2 times (x 147B)
Class com.google.common.collect.ObjectArrays                                          : loaded 2 times (x 68B)
Class com.google.common.collect.AbstractIndexedListIterator                           : loaded 2 times (x 93B)
Class com.google.common.collect.ImmutableMapEntrySet                                  : loaded 2 times (x 148B)
Class org.gradle.api.internal.classpath.Module                                        : loaded 2 times (x 67B)
Class com.google.common.cache.Weigher                                                 : loaded 2 times (x 67B)
Class org.gradle.api.internal.classpath.UnknownModuleException                        : loaded 2 times (x 79B)
Class com.google.common.base.Stopwatch                                                : loaded 2 times (x 69B)
Class com.google.common.cache.LocalCache$Strength                                     : loaded 2 times (x 78B)
Class com.google.common.cache.Cache                                                   : loaded 2 times (x 67B)
Class com.google.common.util.concurrent.AbstractFuture$Cancellation                   : loaded 2 times (x 69B)
Class com.google.common.collect.ImmutableMap$Builder                                  : loaded 2 times (x 79B)
Class com.google.common.base.NullnessCasts                                            : loaded 2 times (x 68B)
Class com.google.common.cache.RemovalListener                                         : loaded 2 times (x 67B)
Class org.gradle.api.internal.DefaultClassPathRegistry                                : loaded 2 times (x 73B)
Class com.google.common.primitives.IntsMethodsForWeb                                  : loaded 2 times (x 68B)
Class com.google.common.collect.Multimap                                              : loaded 2 times (x 67B)
Class org.gradle.api.internal.ClassPathRegistry                                       : loaded 2 times (x 67B)
Class org.gradle.internal.classpath.DefaultClassPath$ImmutableUniqueList              : loaded 2 times (x 196B)
Class com.google.common.base.ExtraObjectsMethodsForWeb                                : loaded 2 times (x 68B)
Class com.google.common.base.Equivalence$Identity                                     : loaded 2 times (x 79B)
Class com.google.common.cache.CacheBuilder                                            : loaded 2 times (x 69B)
Class com.google.common.collect.SingletonImmutableList                                : loaded 2 times (x 204B)
Class Settings_gradle$1                                                               : loaded 2 times (x 71B)
Class org.gradle.internal.classpath.ClassPath                                         : loaded 2 times (x 67B)
Class org.gradle.api.UncheckedIOException                                             : loaded 2 times (x 79B)
Class com.google.common.collect.ImmutableList$ReverseImmutableList                    : loaded 2 times (x 205B)
Class com.google.common.base.JdkPattern                                               : loaded 2 times (x 72B)
Class org.objectweb.asm.SymbolTable$Entry                                             : loaded 2 times (x 71B)
Class com.google.common.util.concurrent.AbstractFuture$AtomicHelper                   : loaded 2 times (x 75B)
Class org.objectweb.asm.Edge                                                          : loaded 2 times (x 69B)
Class com.google.common.base.Suppliers$SupplierOfInstance                             : loaded 2 times (x 76B)
Class com.google.common.collect.Iterators$1                                           : loaded 2 times (x 78B)
Class com.google.common.cache.LocalCache$ComputingValueReference                      : loaded 2 times (x 93B)
Class com.google.common.collect.SingletonImmutableSet                                 : loaded 2 times (x 143B)
Class com.google.common.collect.ImmutableMap$IteratorBasedImmutableMap                : loaded 2 times (x 122B)
Class com.google.common.cache.LocalCache$Segment                                      : loaded 2 times (x 151B)
Class com.google.common.collect.SortedIterable                                        : loaded 2 times (x 67B)
Class [Lorg.objectweb.asm.SymbolTable$Entry;                                          : loaded 2 times (x 66B)
Class com.google.common.cache.CacheLoader                                             : loaded 2 times (x 71B)
Class com.google.common.collect.Iterators$4                                           : loaded 2 times (x 79B)
Class com.google.common.collect.ImmutableBiMap                                        : loaded 2 times (x 140B)
Class com.google.common.collect.AbstractListMultimap                                  : loaded 2 times (x 169B)
Class org.gradle.internal.installation.GradleInstallation$1                           : loaded 2 times (x 72B)
Class org.gradle.api.internal.classpath.ModuleRegistry                                : loaded 2 times (x 67B)
Class com.google.common.util.concurrent.internal.InternalFutureFailureAccess          : loaded 2 times (x 69B)
Class com.google.common.collect.Iterators$5                                           : loaded 2 times (x 79B)
Class com.google.common.collect.ImmutableSet$JdkBackedSetBuilderImpl                  : loaded 2 times (x 73B)
Class com.google.common.base.Splitter$SplittingIterator                               : loaded 2 times (x 81B)
Class com.google.common.io.Closer$SuppressingSuppressor                               : loaded 2 times (x 72B)
Class com.google.common.util.concurrent.AbstractFuture$UnsafeAtomicHelper             : loaded 2 times (x 75B)
Class com.google.common.cache.LocalCache$LocalManualCache$1                           : loaded 2 times (x 72B)
Class com.google.common.base.CharMatcher$ForPredicate                                 : loaded 2 times (x 109B)
Class com.google.common.collect.ImmutableCollection                                   : loaded 2 times (x 122B)
Class com.google.common.base.CharMatcher$AnyOf                                        : loaded 2 times (x 109B)
Class org.gradle.api.internal.classpath.DefaultModuleRegistry                         : loaded 2 times (x 80B)
Class com.google.common.util.concurrent.ListenableFuture                              : loaded 2 times (x 67B)
Class com.google.common.cache.ReferenceEntry                                          : loaded 2 times (x 67B)
Class com.google.common.collect.ImmutableSet$CachingAsList                            : loaded 2 times (x 144B)
Class com.google.common.base.Converter                                                : loaded 2 times (x 87B)
Class com.google.common.collect.Lists                                                 : loaded 2 times (x 68B)
Class com.google.common.base.CharMatcher$Any                                          : loaded 2 times (x 109B)
Class com.google.common.util.concurrent.AbstractFuture                                : loaded 2 times (x 103B)
Class com.google.common.base.FunctionalEquivalence                                    : loaded 2 times (x 80B)
Class com.google.common.collect.Iterators$9                                           : loaded 2 times (x 78B)
Class com.google.common.collect.AbstractMapBasedMultimap                              : loaded 2 times (x 136B)
Class com.google.common.collect.ImmutableAsList                                       : loaded 2 times (x 206B)
Class org.objectweb.asm.RecordComponentVisitor                                        : loaded 2 times (x 74B)
Class com.google.common.cache.CacheLoader$SupplierToCacheLoader                       : loaded 2 times (x 72B)
Class com.google.common.collect.Maps$EntryTransformer                                 : loaded 2 times (x 67B)
Class org.gradle.internal.service.ServiceLookupException                              : loaded 2 times (x 79B)
Class com.google.common.collect.ImmutableSortedSet                                    : loaded 2 times (x 296B)
Class [Lcom.google.common.cache.LocalCache$EntryFactory;                              : loaded 2 times (x 66B)
Class com.google.common.base.CharMatcher$JavaLetter                                   : loaded 2 times (x 108B)
Class org.gradle.internal.classloader.ClassLoaderFactory                              : loaded 2 times (x 67B)
Class com.google.common.cache.LocalCache$LocalManualCache                             : loaded 2 times (x 96B)
Class com.google.common.base.CharMatcher$IsNot                                        : loaded 2 times (x 108B)
Class com.google.common.base.CommonPattern                                            : loaded 2 times (x 71B)
Class org.gradle.internal.service.CachingServiceLocator                               : loaded 2 times (x 79B)
Class com.google.common.collect.AbstractMapBasedMultimap$KeySet                       : loaded 2 times (x 134B)
Class com.google.common.collect.RegularImmutableSortedSet                             : loaded 2 times (x 296B)
Class com.google.common.math.IntMath                                                  : loaded 2 times (x 68B)
Class com.google.common.collect.Iterators$10                                          : loaded 2 times (x 78B)
Class com.google.common.collect.ImmutableMapEntry                                     : loaded 2 times (x 82B)
Class com.google.common.base.CharMatcher$JavaDigit                                    : loaded 2 times (x 108B)
Class com.google.common.base.Equivalence                                              : loaded 2 times (x 79B)
Class com.google.common.collect.ImmutableMapEntry$NonTerminalImmutableMapEntry        : loaded 2 times (x 82B)
Class com.google.common.base.Function                                                 : loaded 2 times (x 67B)
Class com.google.common.cache.CacheBuilder$OneWeigher                                 : loaded 2 times (x 79B)
Class com.google.common.collect.RegularImmutableList                                  : loaded 2 times (x 209B)
Class com.google.common.collect.ImmutableBiMapFauxverideShim                          : loaded 2 times (x 117B)
Class org.gradle.internal.classloader.ClasspathUtil                                   : loaded 2 times (x 68B)
Class com.google.common.base.Charsets                                                 : loaded 2 times (x 68B)
Class com.google.common.util.concurrent.Uninterruptibles                              : loaded 2 times (x 68B)
Class com.google.common.collect.Maps                                                  : loaded 2 times (x 68B)
Class com.google.common.base.CharMatcher$JavaUpperCase                                : loaded 2 times (x 108B)
Class org.gradle.api.specs.Spec                                                       : loaded 2 times (x 67B)
Class [Lcom.google.common.collect.ImmutableEntry;                                     : loaded 2 times (x 66B)
Class com.google.common.cache.LocalCache$LoadingValueReference                        : loaded 2 times (x 93B)
Class com.google.common.collect.ArrayListMultimapGwtSerializationDependencies         : loaded 2 times (x 169B)
Class com.google.common.base.Platform                                                 : loaded 2 times (x 68B)
Class [Lorg.objectweb.asm.AnnotationWriter;                                           : loaded 2 times (x 66B)
Class com.google.common.primitives.Ints$IntConverter                                  : loaded 2 times (x 87B)
Class com.google.common.collect.Maps$8                                                : loaded 2 times (x 79B)
Class com.google.common.collect.ImmutableRangeSet$Builder                             : loaded 2 times (x 74B)
Class com.google.common.collect.Sets$SetView                                          : loaded 2 times (x 135B)
Class com.google.common.cache.LocalCache$StrongValueReference                         : loaded 2 times (x 87B)
Class com.google.common.util.concurrent.AbstractFuture$SynchronizedHelper             : loaded 2 times (x 75B)
Class com.google.common.base.CharMatcher$Invisible                                    : loaded 2 times (x 109B)
Class org.objectweb.asm.Type                                                          : loaded 2 times (x 69B)
Class org.gradle.internal.classloader.VisitableURLClassLoader$InstrumentingVisitableURLClassLoader: loaded 2 times (x 120B)
Class org.objectweb.asm.ByteVector                                                    : loaded 2 times (x 76B)
Class [Lcom.google.common.cache.CacheBuilder$NullListener;                            : loaded 2 times (x 66B)
Class com.google.common.math.IntMath$1                                                : loaded 2 times (x 68B)
Class org.gradle.internal.classloader.VisitableURLClassLoader$Spec                    : loaded 2 times (x 71B)
Class org.gradle.internal.classpath.DefaultClassPath                                  : loaded 2 times (x 87B)
Class org.objectweb.asm.Symbol                                                        : loaded 2 times (x 70B)
Class com.google.common.base.AbstractIterator                                         : loaded 2 times (x 77B)
Class com.google.common.io.Closer                                                     : loaded 2 times (x 75B)
Class com.google.common.collect.RegularImmutableMap$Values                            : loaded 2 times (x 204B)
Class com.google.common.collect.ImmutableSet                                          : loaded 2 times (x 142B)
Class com.google.common.base.CharMatcher$BitSetMatcher                                : loaded 2 times (x 109B)
Class com.google.common.base.CharMatcher$Ascii                                        : loaded 2 times (x 109B)
Class org.gradle.internal.classloader.ClassLoaderSpec                                 : loaded 2 times (x 68B)
Class org.objectweb.asm.AnnotationWriter                                              : loaded 2 times (x 76B)
Class com.google.common.cache.CacheStats                                              : loaded 2 times (x 68B)
Class com.google.common.io.Closer$Suppressor                                          : loaded 2 times (x 67B)
Class org.objectweb.asm.RecordComponentWriter                                         : loaded 2 times (x 75B)
Class com.google.common.util.concurrent.AbstractFuture$Listener                       : loaded 2 times (x 69B)
Class com.google.common.base.CharMatcher$Or                                           : loaded 2 times (x 109B)
Class Settings_gradle$1$1                                                             : loaded 2 times (x 71B)
Class org.objectweb.asm.Attribute                                                     : loaded 2 times (x 74B)
Class com.google.common.base.Supplier                                                 : loaded 2 times (x 67B)
Class org.gradle.internal.classloader.VisitableURLClassLoader                         : loaded 2 times (x 114B)
Class com.google.common.util.concurrent.AbstractFuture$Waiter                         : loaded 2 times (x 69B)
Class Settings_gradle                                                                 : loaded 2 times (x 125B)
Class org.gradle.internal.Cast                                                        : loaded 2 times (x 68B)
Class org.gradle.api.Action                                                           : loaded 2 times (x 67B)
Class com.google.common.collect.Sets                                                  : loaded 2 times (x 68B)
Class org.objectweb.asm.Handler                                                       : loaded 2 times (x 69B)
Class com.google.common.base.Ticker                                                   : loaded 2 times (x 69B)
Class com.google.common.base.Strings                                                  : loaded 2 times (x 68B)
Class com.google.common.base.CharMatcher$FastMatcher                                  : loaded 2 times (x 108B)
Class org.gradle.internal.agents.InstrumentingClassLoader                             : loaded 2 times (x 67B)
Class [Lcom.google.common.cache.LocalCache$Segment;                                   : loaded 2 times (x 66B)
Class [Lcom.google.common.cache.LocalCache$Strength;                                  : loaded 2 times (x 66B)
Class com.google.common.cache.CacheBuilder$1                                          : loaded 2 times (x 82B)
Class com.google.common.collect.ImmutableMap                                          : loaded 2 times (x 117B)
Class com.google.common.base.Predicate                                                : loaded 2 times (x 67B)
Class org.gradle.internal.classpath.DefaultClassPath$ImmutableUniqueList$Builder      : loaded 2 times (x 72B)
Class com.google.common.collect.AbstractRangeSet                                      : loaded 2 times (x 111B)
Class com.google.common.cache.LocalCache                                              : loaded 2 times (x 184B)
Class com.google.common.cache.CacheBuilder$2                                          : loaded 2 times (x 69B)
Class com.google.common.base.CharMatcher$NegatedFastMatcher                           : loaded 2 times (x 110B)
Class [Lcom.google.common.collect.AbstractMapEntry;                                   : loaded 2 times (x 66B)
Class com.google.common.collect.ImmutableEntry                                        : loaded 2 times (x 79B)
Class com.google.common.collect.ArrayListMultimap                                     : loaded 2 times (x 169B)
Class com.google.common.base.AbstractIterator$1                                       : loaded 2 times (x 68B)
Class com.google.common.base.CharMatcher$Digit                                        : loaded 2 times (x 109B)
Class org.gradle.api.GradleException                                                  : loaded 2 times (x 79B)
Class com.google.common.collect.CollectPreconditions                                  : loaded 2 times (x 68B)
Class com.google.common.base.CharMatcher$JavaIsoControl                               : loaded 2 times (x 109B)
Class com.google.common.collect.SortedMapDifference                                   : loaded 2 times (x 67B)
Class com.google.common.base.CharMatcher$JavaLowerCase                                : loaded 2 times (x 108B)
Class com.google.common.cache.LocalCache$EntryFactory                                 : loaded 2 times (x 80B)
Class com.google.common.cache.LocalCache$AbstractReferenceEntry                       : loaded 2 times (x 104B)
Class com.google.common.base.Splitter$1$1                                             : loaded 2 times (x 83B)
Class com.google.common.base.CharMatcher$Whitespace                                   : loaded 2 times (x 109B)
Class org.gradle.internal.IoActions                                                   : loaded 2 times (x 68B)
Class com.google.common.collect.ImmutableRangeSet$ComplementRanges                    : loaded 2 times (x 204B)
Class org.objectweb.asm.SymbolTable                                                   : loaded 2 times (x 69B)
Class com.google.common.cache.CacheLoader$InvalidCacheLoadException                   : loaded 2 times (x 79B)
Class com.google.common.collect.ImmutableSet$RegularSetBuilderImpl                    : loaded 2 times (x 74B)
Class com.google.common.base.CharMatcher$SingleWidth                                  : loaded 2 times (x 109B)
Class org.gradle.internal.classloader.SystemClassLoaderSpec                           : loaded 2 times (x 68B)
Class com.google.common.cache.LocalCache$StrongEntry                                  : loaded 2 times (x 105B)
Class com.google.common.util.concurrent.AbstractFuture$TrustedFuture                  : loaded 2 times (x 111B)
Class com.google.common.cache.LoadingCache                                            : loaded 2 times (x 67B)
Class org.objectweb.asm.MethodWriter                                                  : loaded 2 times (x 103B)
Class [Lcom.google.common.cache.Weigher;                                              : loaded 2 times (x 66B)
Class com.google.common.collect.RegularImmutableMap$BucketOverflowException           : loaded 2 times (x 79B)
Class com.google.common.collect.RegularImmutableBiMap                                 : loaded 2 times (x 145B)
Class com.google.common.cache.LocalCache$ValueReference                               : loaded 2 times (x 67B)
Class com.google.common.base.CharMatcher$Negated                                      : loaded 2 times (x 110B)
Class com.google.common.base.CharMatcher$Is                                           : loaded 2 times (x 108B)
Class com.google.common.util.concurrent.AbstractFuture$Failure                        : loaded 2 times (x 69B)
Class com.google.common.base.Equivalence$Equals                                       : loaded 2 times (x 79B)
Class com.google.common.collect.Hashing                                               : loaded 2 times (x 68B)
Class com.google.common.base.PatternCompiler                                          : loaded 2 times (x 67B)
Class com.google.common.base.Preconditions                                            : loaded 2 times (x 68B)
Class com.google.common.base.Joiner$1                                                 : loaded 2 times (x 77B)
Class org.objectweb.asm.Label                                                         : loaded 2 times (x 70B)
Class org.objectweb.asm.CurrentFrame                                                  : loaded 2 times (x 70B)
Class org.objectweb.asm.ClassTooLargeException                                        : loaded 2 times (x 80B)
Class com.google.common.collect.PeekingIterator                                       : loaded 2 times (x 67B)
Class com.google.common.base.CharMatcher                                              : loaded 2 times (x 108B)
Class com.google.common.collect.RangeGwtSerializationDependencies                     : loaded 2 times (x 68B)
Class com.google.common.base.Joiner$2                                                 : loaded 2 times (x 76B)
Class org.objectweb.asm.Frame                                                         : loaded 2 times (x 70B)
Class org.objectweb.asm.MethodVisitor                                                 : loaded 2 times (x 102B)
Class com.google.common.cache.LocalCache$EntryFactory$1                               : loaded 2 times (x 80B)
Class [Lcom.google.common.cache.RemovalListener;                                      : loaded 2 times (x 66B)
Class com.google.common.base.CharMatcher$1                                            : loaded 2 times (x 110B)
Class com.google.common.base.CharMatcher$NamedFastMatcher                             : loaded 2 times (x 109B)
Class com.google.common.collect.RangeSet                                              : loaded 2 times (x 67B)
Class com.google.common.cache.LocalCache$EntryFactory$2                               : loaded 2 times (x 80B)
Class com.google.common.collect.CollectCollectors                                     : loaded 2 times (x 68B)
Class org.objectweb.asm.ModuleWriter                                                  : loaded 2 times (x 79B)
Class com.google.common.cache.LocalCache$EntryFactory$3                               : loaded 2 times (x 80B)
Class com.google.common.base.Ticker$1                                                 : loaded 2 times (x 69B)
Class com.google.common.collect.ImmutableMapEntrySet$RegularEntrySet                  : loaded 2 times (x 148B)
Class com.google.common.collect.Maps$BiMapConverter                                   : loaded 2 times (x 87B)
Class com.google.common.cache.LocalCache$EntryFactory$4                               : loaded 2 times (x 80B)
Class com.google.common.collect.ImmutableSet$Builder                                  : loaded 2 times (x 82B)
Class com.google.common.base.CharMatcher$InRange                                      : loaded 2 times (x 108B)
Class com.google.common.cache.LocalCache$EntryFactory$5                               : loaded 2 times (x 80B)
Class com.google.common.base.PairwiseEquivalence                                      : loaded 2 times (x 80B)
Class com.google.common.cache.LocalCache$EntryFactory$6                               : loaded 2 times (x 80B)
Class org.gradle.internal.installation.CurrentGradleInstallationLocator               : loaded 2 times (x 68B)
Class com.google.common.collect.Maps$KeySet                                           : loaded 2 times (x 134B)
Class com.google.common.cache.LocalCache$EntryFactory$7                               : loaded 2 times (x 80B)
Class com.google.common.collect.ImmutableSet$EmptySetBuilderImpl                      : loaded 2 times (x 73B)
Class com.google.common.collect.ImmutableList                                         : loaded 2 times (x 203B)
Class org.gradle.internal.service.DefaultServiceLocator                               : loaded 2 times (x 80B)
Class com.google.common.cache.LocalCache$EntryFactory$8                               : loaded 2 times (x 80B)
Class com.google.common.collect.ImmutableSet$SetBuilderImpl                           : loaded 2 times (x 73B)
Class org.gradle.internal.installation.CurrentGradleInstallation                      : loaded 2 times (x 70B)
Class com.google.common.cache.CacheLoader$1                                           : loaded 2 times (x 72B)
Class com.google.common.collect.ForwardingObject                                      : loaded 2 times (x 69B)
Class com.google.common.collect.ImmutableList$SubList                                 : loaded 2 times (x 205B)
Class org.gradle.util.internal.GUtil                                                  : loaded 2 times (x 68B)
Class com.google.common.util.concurrent.AbstractFuture$SetFuture                      : loaded 2 times (x 72B)
Class com.google.common.cache.AbstractCache$StatsCounter                              : loaded 2 times (x 67B)
Class com.google.common.collect.Iterators$MergingIterator                             : loaded 2 times (x 78B)
Class com.google.common.collect.RegularImmutableSet                                   : loaded 2 times (x 145B)
Class org.gradle.internal.installation.GradleInstallation                             : loaded 2 times (x 72B)
Class com.google.common.collect.Iterables                                             : loaded 2 times (x 68B)
Class com.google.common.base.Splitter$Strategy                                        : loaded 2 times (x 67B)

---------------  S Y S T E M  ---------------

OS:
 Windows 11 , 64 bit Build 26100 (10.0.26100.6725)
OS uptime: 4 days 7:58 hours

CPU: total 8 (initial active 8) (4 cores per cpu, 2 threads per core) family 6 model 142 stepping 12 microcode 0xfc, cx8, cmov, fxsr, ht, mmx, 3dnowpref, sse, sse2, sse3, ssse3, sse4.1, sse4.2, popcnt, lzcnt, tsc, tscinvbit, avx, avx2, aes, erms, clmul, bmi1, bmi2, adx, fma, vzeroupper, clflush, clflushopt, rdtscp, f16c
Processor Information for all 8 processors :
  Max Mhz: 2112, Current Mhz: 1609, Mhz Limit: 1605

Memory: 4k page, system-wide physical 7952M (20M free)
TotalPageFile size 23952M (AvailPageFile size 132M)
current process WorkingSet (physical memory assigned to process): 701M, peak: 926M
current process commit charge ("private bytes"): 1535M, peak: 1909M

vm_info: OpenJDK 64-Bit Server VM (21.0.3+-12282718-b509.11) for windows-amd64 JRE (21.0.3+-12282718-b509.11), built on 2024-08-27T17:34:15Z by "builder" with MS VC++ 16.10 / 16.11 (VS2019)

END.
