#
# There is insufficient memory for the Java Runtime Environment to continue.
# Native memory allocation (malloc) failed to allocate 1066096 bytes. Error detail: Chunk::new
# Possible reasons:
#   The system is out of physical RAM or swap space
#   This process is running with CompressedOops enabled, and the Java Heap may be blocking the growth of the native heap
# Possible solutions:
#   Reduce memory load on the system
#   Increase physical memory or swap space
#   Check if swap backing store is full
#   Decrease Java heap size (-Xmx/-Xms)
#   Decrease number of Java threads
#   Decrease Java thread stack sizes (-Xss)
#   Set larger code cache with -XX:ReservedCodeCacheSize=
#   JVM is running with Unscaled Compressed Oops mode in which the Java heap is
#     placed in the first 4GB address space. The Java Heap base address is the
#     maximum limit for the native heap growth. Please use -XX:HeapBaseMinAddress
#     to set the Java Heap base and to place the Java Heap above 4GB virtual address.
# This output file may be truncated or incomplete.
#
#  Out of Memory Error (arena.cpp:168), pid=11732, tid=20452
#
# JRE version: OpenJDK Runtime Environment (21.0.3) (build 21.0.3+-12282718-b509.11)
# Java VM: OpenJDK 64-Bit Server VM (21.0.3+-12282718-b509.11, mixed mode, tiered, compressed oops, compressed class ptrs, g1 gc, windows-amd64)
# No core dump will be written. Minidumps are not enabled by default on client versions of Windows
#

---------------  S U M M A R Y ------------

Command Line: --add-opens=java.base/java.util=ALL-UNNAMED --add-opens=java.base/java.lang=ALL-UNNAMED --add-opens=java.base/java.lang.invoke=ALL-UNNAMED --add-opens=java.prefs/java.util.prefs=ALL-UNNAMED --add-exports=jdk.compiler/com.sun.tools.javac.api=ALL-UNNAMED --add-exports=jdk.compiler/com.sun.tools.javac.util=ALL-UNNAMED --add-opens=java.base/java.nio.charset=ALL-UNNAMED --add-opens=java.base/java.net=ALL-UNNAMED --add-opens=java.base/java.util.concurrent.atomic=ALL-UNNAMED -Xmx2048m -Dfile.encoding=UTF-8 -Duser.country=US -Duser.language=en -Duser.variant -javaagent:C:\Users\MCC2104001_003\.gradle\wrapper\dists\gradle-8.9-bin\90cnw93cvbtalezasaz0blq0a\gradle-8.9\lib\agents\gradle-instrumentation-agent-8.9.jar org.gradle.launcher.daemon.bootstrap.GradleDaemon 8.9

Host: Intel(R) Core(TM) i5-10210U CPU @ 1.60GHz, 8 cores, 7G,  Windows 11 , 64 bit Build 26100 (10.0.26100.7705)
Time: Mon Mar  9 14:36:06 2026 SE Asia Standard Time elapsed time: 168.893423 seconds (0d 0h 2m 48s)

---------------  T H R E A D  ---------------

Current thread (0x0000022a1ccb4180):  JavaThread "C2 CompilerThread1" daemon [_thread_in_native, id=20452, stack(0x0000003a80800000,0x0000003a80900000) (1024K)]


Current CompileTask:
C2: 168893 27194   !   4       java.util.concurrent.ConcurrentHashMap::compute (654 bytes)

Stack: [0x0000003a80800000,0x0000003a80900000]
Native frames: (J=compiled Java code, j=interpreted, Vv=VM code, C=native code)
V  [jvm.dll+0x6cafb9]
V  [jvm.dll+0x858523]
V  [jvm.dll+0x85aa7e]
V  [jvm.dll+0x85b163]
V  [jvm.dll+0x27d356]
V  [jvm.dll+0xbf93d]
V  [jvm.dll+0xbfe73]
V  [jvm.dll+0x3b1cb1]
V  [jvm.dll+0x1de082]
V  [jvm.dll+0x246c54]
V  [jvm.dll+0x2460d1]
V  [jvm.dll+0x1c5804]
V  [jvm.dll+0x25575c]
V  [jvm.dll+0x253c36]
V  [jvm.dll+0x3ec996]
V  [jvm.dll+0x800d78]
V  [jvm.dll+0x6c98cd]
C  [ucrtbase.dll+0x37b0]
C  [KERNEL32.DLL+0x2e8d7]
C  [ntdll.dll+0x8c40c]


---------------  P R O C E S S  ---------------

Threads class SMR info:
_java_thread_list=0x0000022a16c14bd0, length=145, elements={
0x0000022a73f02440, 0x0000022a7c7626f0, 0x0000022a7c7ac1a0, 0x0000022a7c7aefa0,
0x0000022a7c7afa00, 0x0000022a7c7b0460, 0x0000022a7c78e9f0, 0x0000022a7c7c02a0,
0x0000022a7c7e18c0, 0x0000022a7c93a340, 0x0000022a7cb05810, 0x0000022a7e27dd20,
0x0000022a7e5df240, 0x0000022a7e39f4e0, 0x0000022a7e3b7f70, 0x0000022a7e6ecc60,
0x0000022a7e6ed980, 0x0000022a7e6ee010, 0x0000022a7e6ee6a0, 0x0000022a13163f30,
0x0000022a13165970, 0x0000022a13163210, 0x0000022a16482840, 0x0000022a7cf410b0,
0x0000022a7cf42af0, 0x0000022a7cf41dd0, 0x0000022a7efaf810, 0x0000022a7efb0bc0,
0x0000022a7efaddd0, 0x0000022a7efae460, 0x0000022a7efafea0, 0x0000022a7efad740,
0x0000022a7efb1250, 0x0000022a7efb1f70, 0x0000022a7efaeaf0, 0x0000022a7efb46d0,
0x0000022a7efb2600, 0x0000022a7efb4d60, 0x0000022a7efb18e0, 0x0000022a7efb4040,
0x0000022a7efb2c90, 0x0000022a7efb39b0, 0x0000022a7efb3320, 0x0000022a150e48c0,
0x0000022a150e4230, 0x0000022a150e55e0, 0x0000022a150e5c70, 0x0000022a150e27f0,
0x0000022a150e6300, 0x0000022a150e3510, 0x0000022a150e6990, 0x0000022a150e7020,
0x0000022a150e83d0, 0x0000022a150e4f50, 0x0000022a150e9e10, 0x0000022a150e8a60,
0x0000022a150e90f0, 0x0000022a150e9780, 0x0000022a147db680, 0x0000022a147df190,
0x0000022a147ddde0, 0x0000022a147dd750, 0x0000022a147dd0c0, 0x0000022a147dca30,
0x0000022a147df820, 0x0000022a147dc3a0, 0x0000022a147e1260, 0x0000022a147de470,
0x0000022a147e0bd0, 0x0000022a147e1f80, 0x0000022a147e2610, 0x0000022a147dfeb0,
0x0000022a150ed070, 0x0000022a150eb630, 0x0000022a150ed700, 0x0000022a150ef140,
0x0000022a150ebcc0, 0x0000022a150ec350, 0x0000022a150efe60, 0x0000022a150ec9e0,
0x0000022a150f04f0, 0x0000022a150f18a0, 0x0000022a150f25c0, 0x0000022a150f0b80,
0x0000022a150f1f30, 0x0000022a7cf3c1f0, 0x0000022a7cf3e950, 0x0000022a7cf3c880,
0x0000022a7cf3cf10, 0x0000022a7cf3dc30, 0x0000022a7cf3e2c0, 0x0000022a7cf3b4d0,
0x0000022a7cf3fd00, 0x0000022a7cf40a20, 0x0000022a13167a40, 0x0000022a131645c0,
0x0000022a13168760, 0x0000022a131680d0, 0x0000022a13169480, 0x0000022a13169b10,
0x0000022a16a28410, 0x0000022a16a27060, 0x0000022a16a27d80, 0x0000022a16a297c0,
0x0000022a16a29e50, 0x0000022a16a276f0, 0x0000022a16a28aa0, 0x0000022a16a29130,
0x0000022a1647f3c0, 0x0000022a16482ed0, 0x0000022a16480770, 0x0000022a16480e00,
0x0000022a16481490, 0x0000022a164821b0, 0x0000022a16486350, 0x0000022a164869e0,
0x0000022a7e6f00e0, 0x0000022a7e6ef3c0, 0x0000022a7e6efa50, 0x0000022a7e6ed2f0,
0x0000022a7efb0530, 0x0000022a17256980, 0x0000022a172583c0, 0x0000022a172590e0,
0x0000022a17257d30, 0x0000022a172562f0, 0x0000022a172576a0, 0x0000022a1725a490,
0x0000022a17258a50, 0x0000022a17257010, 0x0000022a1725ab20, 0x0000022a1725b1b0,
0x0000022a1725b840, 0x0000022a1725bed0, 0x0000022a1725d280, 0x0000022a1725c560,
0x0000022a1725cbf0, 0x0000022a17259e00, 0x0000022a1cb27f30, 0x0000022a1cb25140,
0x0000022a235a4470, 0x0000022a235a6bd0, 0x0000022a235a7f80, 0x0000022a235a8ca0,
0x0000022a1ccb4180
}

Java Threads: ( => current thread )
  0x0000022a73f02440 JavaThread "main"                              [_thread_blocked, id=15652, stack(0x0000003af9600000,0x0000003af9700000) (1024K)]
  0x0000022a7c7626f0 JavaThread "Reference Handler"          daemon [_thread_blocked, id=12332, stack(0x0000003af9e00000,0x0000003af9f00000) (1024K)]
  0x0000022a7c7ac1a0 JavaThread "Finalizer"                  daemon [_thread_blocked, id=14152, stack(0x0000003af9f00000,0x0000003afa000000) (1024K)]
  0x0000022a7c7aefa0 JavaThread "Signal Dispatcher"          daemon [_thread_blocked, id=14272, stack(0x0000003afa000000,0x0000003afa100000) (1024K)]
  0x0000022a7c7afa00 JavaThread "Attach Listener"            daemon [_thread_blocked, id=26580, stack(0x0000003afa100000,0x0000003afa200000) (1024K)]
  0x0000022a7c7b0460 JavaThread "Service Thread"             daemon [_thread_blocked, id=19348, stack(0x0000003afa200000,0x0000003afa300000) (1024K)]
  0x0000022a7c78e9f0 JavaThread "Monitor Deflation Thread"   daemon [_thread_blocked, id=21972, stack(0x0000003afa300000,0x0000003afa400000) (1024K)]
  0x0000022a7c7c02a0 JavaThread "C2 CompilerThread0"         daemon [_thread_blocked, id=4056, stack(0x0000003afa400000,0x0000003afa500000) (1024K)]
  0x0000022a7c7e18c0 JavaThread "C1 CompilerThread0"         daemon [_thread_blocked, id=2108, stack(0x0000003afa500000,0x0000003afa600000) (1024K)]
  0x0000022a7c93a340 JavaThread "Common-Cleaner"             daemon [_thread_blocked, id=23752, stack(0x0000003afa600000,0x0000003afa700000) (1024K)]
  0x0000022a7cb05810 JavaThread "Notification Thread"        daemon [_thread_blocked, id=12376, stack(0x0000003afa700000,0x0000003afa800000) (1024K)]
  0x0000022a7e27dd20 JavaThread "Daemon health stats"               [_thread_blocked, id=8500, stack(0x0000003afad00000,0x0000003afae00000) (1024K)]
  0x0000022a7e5df240 JavaThread "Incoming local TCP Connector on port 52161"        [_thread_in_native, id=12672, stack(0x0000003afae00000,0x0000003afaf00000) (1024K)]
  0x0000022a7e39f4e0 JavaThread "Daemon periodic checks"            [_thread_blocked, id=12960, stack(0x0000003afaf00000,0x0000003afb000000) (1024K)]
  0x0000022a7e3b7f70 JavaThread "Daemon"                            [_thread_blocked, id=20508, stack(0x0000003afa800000,0x0000003afa900000) (1024K)]
  0x0000022a7e6ecc60 JavaThread "Daemon worker"                     [_thread_blocked, id=4396, stack(0x0000003afb200000,0x0000003afb300000) (1024K)]
  0x0000022a7e6ed980 JavaThread "Cache worker for journal cache (C:\Users\MCC2104001_003\.gradle\caches\journal-1)"        [_thread_blocked, id=19416, stack(0x0000003afbb00000,0x0000003afbc00000) (1024K)]
  0x0000022a7e6ee010 JavaThread "File lock request listener"        [_thread_in_native, id=24028, stack(0x0000003afbc00000,0x0000003afbd00000) (1024K)]
  0x0000022a7e6ee6a0 JavaThread "Cache worker for file hash cache (C:\Users\MCC2104001_003\.gradle\caches\8.9\fileHashes)"        [_thread_blocked, id=25436, stack(0x0000003afbd00000,0x0000003afbe00000) (1024K)]
  0x0000022a13163f30 JavaThread "File watcher server"        daemon [_thread_blocked, id=11904, stack(0x0000003afba00000,0x0000003afbb00000) (1024K)]
  0x0000022a13165970 JavaThread "File watcher consumer"      daemon [_thread_blocked, id=23508, stack(0x0000003afc000000,0x0000003afc100000) (1024K)]
  0x0000022a13163210 JavaThread "Cache worker for file content cache (C:\Users\MCC2104001_003\.gradle\caches\8.9\fileContent)"        [_thread_blocked, id=25888, stack(0x0000003afc200000,0x0000003afc300000) (1024K)]
  0x0000022a16482840 JavaThread "Memory manager"                    [_thread_blocked, id=23396, stack(0x0000003afdc00000,0x0000003afdd00000) (1024K)]
  0x0000022a7cf410b0 JavaThread "ForkJoinPool.commonPool-worker-2" daemon [_thread_blocked, id=20908, stack(0x0000003a82200000,0x0000003a82300000) (1024K)]
  0x0000022a7cf42af0 JavaThread "ForkJoinPool.commonPool-worker-3" daemon [_thread_blocked, id=6724, stack(0x0000003a82300000,0x0000003a82400000) (1024K)]
  0x0000022a7cf41dd0 JavaThread "ForkJoinPool.commonPool-worker-5" daemon [_thread_in_vm, id=6512, stack(0x0000003a82500000,0x0000003a82600000) (1024K)]
  0x0000022a7efaf810 JavaThread "Handler for socket connection from /127.0.0.1:52161 to /127.0.0.1:51729"        [_thread_in_native, id=24420, stack(0x0000003a80100000,0x0000003a80200000) (1024K)]
  0x0000022a7efb0bc0 JavaThread "Cancel handler"                    [_thread_blocked, id=22760, stack(0x0000003a80200000,0x0000003a80300000) (1024K)]
  0x0000022a7efaddd0 JavaThread "Asynchronous log dispatcher for DefaultDaemonConnection: socket connection from /127.0.0.1:52161 to /127.0.0.1:51729"        [_thread_blocked, id=5792, stack(0x0000003a80300000,0x0000003a80400000) (1024K)]
  0x0000022a7efae460 JavaThread "Stdin handler"                     [_thread_blocked, id=26304, stack(0x0000003a80400000,0x0000003a80500000) (1024K)]
  0x0000022a7efafea0 JavaThread "Daemon client event forwarder"        [_thread_blocked, id=23276, stack(0x0000003a80500000,0x0000003a80600000) (1024K)]
  0x0000022a7efad740 JavaThread "Cache worker for file hash cache (C:\Users\MCC2104001_003\AndroidStudioProjects\IsekiParcom\.gradle\8.9\fileHashes)"        [_thread_blocked, id=14100, stack(0x0000003a80600000,0x0000003a80700000) (1024K)]
  0x0000022a7efb1250 JavaThread "Cache worker for Build Output Cleanup Cache (C:\Users\MCC2104001_003\AndroidStudioProjects\IsekiParcom\.gradle\buildOutputCleanup)"        [_thread_blocked, id=3668, stack(0x0000003a80700000,0x0000003a80800000) (1024K)]
  0x0000022a7efb1f70 JavaThread "Cache worker for checksums cache (C:\Users\MCC2104001_003\AndroidStudioProjects\IsekiParcom\.gradle\8.9\checksums)"        [_thread_blocked, id=11920, stack(0x0000003a80900000,0x0000003a80a00000) (1024K)]
  0x0000022a7efaeaf0 JavaThread "Cache worker for cache directory md-rule (C:\Users\MCC2104001_003\.gradle\caches\8.9\md-rule)"        [_thread_blocked, id=19764, stack(0x0000003a80a00000,0x0000003a80b00000) (1024K)]
  0x0000022a7efb46d0 JavaThread "Cache worker for cache directory md-supplier (C:\Users\MCC2104001_003\.gradle\caches\8.9\md-supplier)"        [_thread_blocked, id=21208, stack(0x0000003a80b00000,0x0000003a80c00000) (1024K)]
  0x0000022a7efb2600 JavaThread "Unconstrained build operations"        [_thread_blocked, id=4404, stack(0x0000003a80c00000,0x0000003a80d00000) (1024K)]
  0x0000022a7efb4d60 JavaThread "Unconstrained build operations Thread 2"        [_thread_blocked, id=25752, stack(0x0000003a80d00000,0x0000003a80e00000) (1024K)]
  0x0000022a7efb18e0 JavaThread "Unconstrained build operations Thread 3"        [_thread_blocked, id=8744, stack(0x0000003a80e00000,0x0000003a80f00000) (1024K)]
  0x0000022a7efb4040 JavaThread "Unconstrained build operations Thread 4"        [_thread_blocked, id=21348, stack(0x0000003a80f00000,0x0000003a81000000) (1024K)]
  0x0000022a7efb2c90 JavaThread "Unconstrained build operations Thread 5"        [_thread_blocked, id=10704, stack(0x0000003a81000000,0x0000003a81100000) (1024K)]
  0x0000022a7efb39b0 JavaThread "Unconstrained build operations Thread 6"        [_thread_blocked, id=15444, stack(0x0000003a81100000,0x0000003a81200000) (1024K)]
  0x0000022a7efb3320 JavaThread "Unconstrained build operations Thread 7"        [_thread_blocked, id=6728, stack(0x0000003a81200000,0x0000003a81300000) (1024K)]
  0x0000022a150e48c0 JavaThread "Unconstrained build operations Thread 8"        [_thread_blocked, id=12596, stack(0x0000003a81300000,0x0000003a81400000) (1024K)]
  0x0000022a150e4230 JavaThread "Unconstrained build operations Thread 9"        [_thread_blocked, id=18756, stack(0x0000003a81400000,0x0000003a81500000) (1024K)]
  0x0000022a150e55e0 JavaThread "Unconstrained build operations Thread 10"        [_thread_blocked, id=16340, stack(0x0000003a81500000,0x0000003a81600000) (1024K)]
  0x0000022a150e5c70 JavaThread "Unconstrained build operations Thread 11"        [_thread_blocked, id=17668, stack(0x0000003a81600000,0x0000003a81700000) (1024K)]
  0x0000022a150e27f0 JavaThread "Unconstrained build operations Thread 12"        [_thread_blocked, id=25792, stack(0x0000003a81700000,0x0000003a81800000) (1024K)]
  0x0000022a150e6300 JavaThread "Unconstrained build operations Thread 13"        [_thread_blocked, id=8740, stack(0x0000003a81800000,0x0000003a81900000) (1024K)]
  0x0000022a150e3510 JavaThread "Unconstrained build operations Thread 14"        [_thread_blocked, id=26196, stack(0x0000003a81900000,0x0000003a81a00000) (1024K)]
  0x0000022a150e6990 JavaThread "build event listener"              [_thread_blocked, id=19104, stack(0x0000003a81b00000,0x0000003a81c00000) (1024K)]
  0x0000022a150e7020 JavaThread "build event listener"              [_thread_blocked, id=26488, stack(0x0000003a81c00000,0x0000003a81d00000) (1024K)]
  0x0000022a150e83d0 JavaThread "included builds"                   [_thread_blocked, id=16224, stack(0x0000003a81a00000,0x0000003a81b00000) (1024K)]
  0x0000022a150e4f50 JavaThread "Execution worker"                  [_thread_blocked, id=25736, stack(0x0000003a81d00000,0x0000003a81e00000) (1024K)]
  0x0000022a150e9e10 JavaThread "Execution worker Thread 2"         [_thread_blocked, id=25908, stack(0x0000003a81e00000,0x0000003a81f00000) (1024K)]
  0x0000022a150e8a60 JavaThread "Execution worker Thread 3"         [_thread_blocked, id=21196, stack(0x0000003a82000000,0x0000003a82100000) (1024K)]
  0x0000022a150e90f0 JavaThread "Execution worker Thread 4"         [_thread_blocked, id=21280, stack(0x0000003a82700000,0x0000003a82800000) (1024K)]
  0x0000022a150e9780 JavaThread "Execution worker Thread 5"         [_thread_blocked, id=22688, stack(0x0000003a82800000,0x0000003a82900000) (1024K)]
  0x0000022a147db680 JavaThread "Execution worker Thread 6"         [_thread_blocked, id=1772, stack(0x0000003a82900000,0x0000003a82a00000) (1024K)]
  0x0000022a147df190 JavaThread "Execution worker Thread 7"         [_thread_blocked, id=2052, stack(0x0000003a82a00000,0x0000003a82b00000) (1024K)]
  0x0000022a147ddde0 JavaThread "Cache worker for execution history cache (C:\Users\MCC2104001_003\AndroidStudioProjects\IsekiParcom\.gradle\8.9\executionHistory)"        [_thread_blocked, id=23272, stack(0x0000003a82b00000,0x0000003a82c00000) (1024K)]
  0x0000022a147dd750 JavaThread "Unconstrained build operations Thread 15"        [_thread_blocked, id=11436, stack(0x0000003a82c00000,0x0000003a82d00000) (1024K)]
  0x0000022a147dd0c0 JavaThread "Unconstrained build operations Thread 16"        [_thread_blocked, id=18936, stack(0x0000003a82d00000,0x0000003a82e00000) (1024K)]
  0x0000022a147dca30 JavaThread "Unconstrained build operations Thread 17"        [_thread_blocked, id=10364, stack(0x0000003a82e00000,0x0000003a82f00000) (1024K)]
  0x0000022a147df820 JavaThread "Unconstrained build operations Thread 18"        [_thread_blocked, id=20088, stack(0x0000003a82f00000,0x0000003a83000000) (1024K)]
  0x0000022a147dc3a0 JavaThread "Unconstrained build operations Thread 19"        [_thread_blocked, id=26416, stack(0x0000003a83000000,0x0000003a83100000) (1024K)]
  0x0000022a147e1260 JavaThread "Unconstrained build operations Thread 20"        [_thread_blocked, id=5408, stack(0x0000003a83100000,0x0000003a83200000) (1024K)]
  0x0000022a147de470 JavaThread "Unconstrained build operations Thread 21"        [_thread_blocked, id=3372, stack(0x0000003a83200000,0x0000003a83300000) (1024K)]
  0x0000022a147e0bd0 JavaThread "WorkerExecutor Queue"              [_thread_blocked, id=8440, stack(0x0000003a80000000,0x0000003a80100000) (1024K)]
  0x0000022a147e1f80 JavaThread "Unconstrained build operations Thread 22"        [_thread_blocked, id=23972, stack(0x0000003a83400000,0x0000003a83500000) (1024K)]
  0x0000022a147e2610 JavaThread "Unconstrained build operations Thread 23"        [_thread_blocked, id=16184, stack(0x0000003a83500000,0x0000003a83600000) (1024K)]
  0x0000022a147dfeb0 JavaThread "Unconstrained build operations Thread 24"        [_thread_blocked, id=26064, stack(0x0000003a83600000,0x0000003a83700000) (1024K)]
  0x0000022a150ed070 JavaThread "Unconstrained build operations Thread 25"        [_thread_blocked, id=25812, stack(0x0000003a83700000,0x0000003a83800000) (1024K)]
  0x0000022a150eb630 JavaThread "Unconstrained build operations Thread 26"        [_thread_blocked, id=20004, stack(0x0000003a83800000,0x0000003a83900000) (1024K)]
  0x0000022a150ed700 JavaThread "Unconstrained build operations Thread 27"        [_thread_blocked, id=24368, stack(0x0000003a83900000,0x0000003a83a00000) (1024K)]
  0x0000022a150ef140 JavaThread "Unconstrained build operations Thread 28"        [_thread_blocked, id=22728, stack(0x0000003a83a00000,0x0000003a83b00000) (1024K)]
  0x0000022a150ebcc0 JavaThread "WorkerExecutor Queue Thread 2"        [_thread_blocked, id=12108, stack(0x0000003a83b00000,0x0000003a83c00000) (1024K)]
  0x0000022a150ec350 JavaThread "Unconstrained build operations Thread 29"        [_thread_blocked, id=18408, stack(0x0000003a83c00000,0x0000003a83d00000) (1024K)]
  0x0000022a150efe60 JavaThread "Unconstrained build operations Thread 30"        [_thread_blocked, id=20872, stack(0x0000003a83d00000,0x0000003a83e00000) (1024K)]
  0x0000022a150ec9e0 JavaThread "Unconstrained build operations Thread 31"        [_thread_blocked, id=14600, stack(0x0000003a83e00000,0x0000003a83f00000) (1024K)]
  0x0000022a150f04f0 JavaThread "Unconstrained build operations Thread 32"        [_thread_blocked, id=19888, stack(0x0000003a83f00000,0x0000003a84000000) (1024K)]
  0x0000022a150f18a0 JavaThread "Unconstrained build operations Thread 33"        [_thread_blocked, id=24600, stack(0x0000003a84000000,0x0000003a84100000) (1024K)]
  0x0000022a150f25c0 JavaThread "Unconstrained build operations Thread 34"        [_thread_blocked, id=25784, stack(0x0000003a84100000,0x0000003a84200000) (1024K)]
  0x0000022a150f0b80 JavaThread "Unconstrained build operations Thread 35"        [_thread_blocked, id=26060, stack(0x0000003a84200000,0x0000003a84300000) (1024K)]
  0x0000022a150f1f30 JavaThread "WorkerExecutor Queue Thread 3"        [_thread_blocked, id=11512, stack(0x0000003a84300000,0x0000003a84400000) (1024K)]
  0x0000022a7cf3c1f0 JavaThread "Unconstrained build operations Thread 36"        [_thread_blocked, id=22324, stack(0x0000003a84400000,0x0000003a84500000) (1024K)]
  0x0000022a7cf3e950 JavaThread "Unconstrained build operations Thread 37"        [_thread_blocked, id=24124, stack(0x0000003a84500000,0x0000003a84600000) (1024K)]
  0x0000022a7cf3c880 JavaThread "Unconstrained build operations Thread 38"        [_thread_blocked, id=21460, stack(0x0000003a84600000,0x0000003a84700000) (1024K)]
  0x0000022a7cf3cf10 JavaThread "Unconstrained build operations Thread 39"        [_thread_blocked, id=23828, stack(0x0000003a84700000,0x0000003a84800000) (1024K)]
  0x0000022a7cf3dc30 JavaThread "Unconstrained build operations Thread 40"        [_thread_blocked, id=11580, stack(0x0000003a84800000,0x0000003a84900000) (1024K)]
  0x0000022a7cf3e2c0 JavaThread "Unconstrained build operations Thread 41"        [_thread_blocked, id=14200, stack(0x0000003a84900000,0x0000003a84a00000) (1024K)]
  0x0000022a7cf3b4d0 JavaThread "Unconstrained build operations Thread 42"        [_thread_blocked, id=21456, stack(0x0000003a84a00000,0x0000003a84b00000) (1024K)]
  0x0000022a7cf3fd00 JavaThread "WorkerExecutor Queue Thread 5"        [_thread_blocked, id=24180, stack(0x0000003a84c00000,0x0000003a84d00000) (1024K)]
  0x0000022a7cf40a20 JavaThread "WorkerExecutor Queue Thread 6"        [_thread_blocked, id=720, stack(0x0000003a84d00000,0x0000003a84e00000) (1024K)]
  0x0000022a13167a40 JavaThread "Unconstrained build operations Thread 43"        [_thread_blocked, id=24668, stack(0x0000003a85000000,0x0000003a85100000) (1024K)]
  0x0000022a131645c0 JavaThread "Unconstrained build operations Thread 44"        [_thread_blocked, id=21400, stack(0x0000003a85100000,0x0000003a85200000) (1024K)]
  0x0000022a13168760 JavaThread "Unconstrained build operations Thread 45"        [_thread_blocked, id=7560, stack(0x0000003a85200000,0x0000003a85300000) (1024K)]
  0x0000022a131680d0 JavaThread "Unconstrained build operations Thread 46"        [_thread_blocked, id=16280, stack(0x0000003a85300000,0x0000003a85400000) (1024K)]
  0x0000022a13169480 JavaThread "Unconstrained build operations Thread 47"        [_thread_blocked, id=25508, stack(0x0000003a85400000,0x0000003a85500000) (1024K)]
  0x0000022a13169b10 JavaThread "Unconstrained build operations Thread 48"        [_thread_blocked, id=12824, stack(0x0000003a85500000,0x0000003a85600000) (1024K)]
  0x0000022a16a28410 JavaThread "Unconstrained build operations Thread 49"        [_thread_blocked, id=3228, stack(0x0000003a85600000,0x0000003a85700000) (1024K)]
  0x0000022a16a27060 JavaThread "Unconstrained build operations Thread 50"        [_thread_blocked, id=17368, stack(0x0000003a85700000,0x0000003a85800000) (1024K)]
  0x0000022a16a27d80 JavaThread "Unconstrained build operations Thread 51"        [_thread_blocked, id=21704, stack(0x0000003a85800000,0x0000003a85900000) (1024K)]
  0x0000022a16a297c0 JavaThread "Unconstrained build operations Thread 52"        [_thread_blocked, id=11200, stack(0x0000003a85900000,0x0000003a85a00000) (1024K)]
  0x0000022a16a29e50 JavaThread "Unconstrained build operations Thread 53"        [_thread_blocked, id=23740, stack(0x0000003a85a00000,0x0000003a85b00000) (1024K)]
  0x0000022a16a276f0 JavaThread "Unconstrained build operations Thread 54"        [_thread_blocked, id=23496, stack(0x0000003a85b00000,0x0000003a85c00000) (1024K)]
  0x0000022a16a28aa0 JavaThread "Unconstrained build operations Thread 55"        [_thread_blocked, id=8340, stack(0x0000003a85c00000,0x0000003a85d00000) (1024K)]
  0x0000022a16a29130 JavaThread "Unconstrained build operations Thread 56"        [_thread_blocked, id=16200, stack(0x0000003a85d00000,0x0000003a85e00000) (1024K)]
  0x0000022a1647f3c0 JavaThread "Unconstrained build operations Thread 57"        [_thread_blocked, id=5084, stack(0x0000003a85e00000,0x0000003a85f00000) (1024K)]
  0x0000022a16482ed0 JavaThread "Unconstrained build operations Thread 58"        [_thread_blocked, id=7724, stack(0x0000003a85f00000,0x0000003a86000000) (1024K)]
  0x0000022a16480770 JavaThread "Unconstrained build operations Thread 59"        [_thread_blocked, id=9172, stack(0x0000003a86000000,0x0000003a86100000) (1024K)]
  0x0000022a16480e00 JavaThread "Unconstrained build operations Thread 60"        [_thread_blocked, id=25728, stack(0x0000003a86100000,0x0000003a86200000) (1024K)]
  0x0000022a16481490 JavaThread "Unconstrained build operations Thread 61"        [_thread_blocked, id=15136, stack(0x0000003a86200000,0x0000003a86300000) (1024K)]
  0x0000022a164821b0 JavaThread "Unconstrained build operations Thread 62"        [_thread_blocked, id=22740, stack(0x0000003a86300000,0x0000003a86400000) (1024K)]
  0x0000022a16486350 JavaThread "Unconstrained build operations Thread 63"        [_thread_blocked, id=15144, stack(0x0000003a86400000,0x0000003a86500000) (1024K)]
  0x0000022a164869e0 JavaThread "Unconstrained build operations Thread 64"        [_thread_blocked, id=9432, stack(0x0000003a86500000,0x0000003a86600000) (1024K)]
  0x0000022a7e6f00e0 JavaThread "Unconstrained build operations Thread 65"        [_thread_blocked, id=26380, stack(0x0000003a86600000,0x0000003a86700000) (1024K)]
  0x0000022a7e6ef3c0 JavaThread "Unconstrained build operations Thread 66"        [_thread_blocked, id=11260, stack(0x0000003a86700000,0x0000003a86800000) (1024K)]
  0x0000022a7e6efa50 JavaThread "Unconstrained build operations Thread 67"        [_thread_blocked, id=11720, stack(0x0000003a86800000,0x0000003a86900000) (1024K)]
  0x0000022a7e6ed2f0 JavaThread "Unconstrained build operations Thread 68"        [_thread_blocked, id=21240, stack(0x0000003a86900000,0x0000003a86a00000) (1024K)]
  0x0000022a7efb0530 JavaThread "Unconstrained build operations Thread 69"        [_thread_blocked, id=26468, stack(0x0000003a86a00000,0x0000003a86b00000) (1024K)]
  0x0000022a17256980 JavaThread "Unconstrained build operations Thread 70"        [_thread_blocked, id=14688, stack(0x0000003a86b00000,0x0000003a86c00000) (1024K)]
  0x0000022a172583c0 JavaThread "Unconstrained build operations Thread 71"        [_thread_blocked, id=11356, stack(0x0000003a86c00000,0x0000003a86d00000) (1024K)]
  0x0000022a172590e0 JavaThread "WorkerExecutor Queue Thread 9"        [_thread_blocked, id=21616, stack(0x0000003a86d00000,0x0000003a86e00000) (1024K)]
  0x0000022a17257d30 JavaThread "Unconstrained build operations Thread 72"        [_thread_blocked, id=9980, stack(0x0000003a86e00000,0x0000003a86f00000) (1024K)]
  0x0000022a172562f0 JavaThread "Unconstrained build operations Thread 73"        [_thread_blocked, id=15696, stack(0x0000003a86f00000,0x0000003a87000000) (1024K)]
  0x0000022a172576a0 JavaThread "Unconstrained build operations Thread 74"        [_thread_blocked, id=18300, stack(0x0000003a87000000,0x0000003a87100000) (1024K)]
  0x0000022a1725a490 JavaThread "Unconstrained build operations Thread 75"        [_thread_blocked, id=11516, stack(0x0000003a87100000,0x0000003a87200000) (1024K)]
  0x0000022a17258a50 JavaThread "Unconstrained build operations Thread 76"        [_thread_blocked, id=3380, stack(0x0000003a87200000,0x0000003a87300000) (1024K)]
  0x0000022a17257010 JavaThread "Unconstrained build operations Thread 77"        [_thread_blocked, id=3008, stack(0x0000003a87300000,0x0000003a87400000) (1024K)]
  0x0000022a1725ab20 JavaThread "Unconstrained build operations Thread 78"        [_thread_blocked, id=11272, stack(0x0000003a87400000,0x0000003a87500000) (1024K)]
  0x0000022a1725b1b0 JavaThread "pool-6-thread-1"                   [_thread_blocked, id=13564, stack(0x0000003a87500000,0x0000003a87600000) (1024K)]
  0x0000022a1725b840 JavaThread "Unconstrained build operations Thread 79"        [_thread_blocked, id=12700, stack(0x0000003a87600000,0x0000003a87700000) (1024K)]
  0x0000022a1725bed0 JavaThread "Unconstrained build operations Thread 80"        [_thread_blocked, id=22384, stack(0x0000003a87700000,0x0000003a87800000) (1024K)]
  0x0000022a1725d280 JavaThread "stderr"                            [_thread_in_native, id=15600, stack(0x0000003a82400000,0x0000003a82500000) (1024K)]
  0x0000022a1725c560 JavaThread "stdout"                            [_thread_in_native, id=14648, stack(0x0000003a83300000,0x0000003a83400000) (1024K)]
  0x0000022a1725cbf0 JavaThread "stderr"                            [_thread_in_native, id=20024, stack(0x0000003a87800000,0x0000003a87900000) (1024K)]
  0x0000022a17259e00 JavaThread "stdout"                            [_thread_in_native, id=20748, stack(0x0000003a87900000,0x0000003a87a00000) (1024K)]
  0x0000022a1cb27f30 JavaThread "WorkerExecutor Queue Thread 10"        [_thread_blocked, id=26208, stack(0x0000003a82100000,0x0000003a82200000) (1024K)]
  0x0000022a1cb25140 JavaThread "WorkerExecutor Queue Thread 11"        [_thread_blocked, id=19736, stack(0x0000003a87a00000,0x0000003a87b00000) (1024K)]
  0x0000022a235a4470 JavaThread "ForkJoinPool.commonPool-worker-8" daemon [_thread_blocked, id=23932, stack(0x0000003a82600000,0x0000003a82700000) (1024K)]
  0x0000022a235a6bd0 JavaThread "ForkJoinPool.commonPool-worker-9" daemon [_thread_blocked, id=22156, stack(0x0000003a84b00000,0x0000003a84c00000) (1024K)]
  0x0000022a235a7f80 JavaThread "ForkJoinPool.commonPool-worker-10" daemon [_thread_blocked, id=21404, stack(0x0000003a84e00000,0x0000003a84f00000) (1024K)]
  0x0000022a235a8ca0 JavaThread "ForkJoinPool.commonPool-worker-11" daemon [_thread_blocked, id=12464, stack(0x0000003a87b00000,0x0000003a87c00000) (1024K)]
=>0x0000022a1ccb4180 JavaThread "C2 CompilerThread1"         daemon [_thread_in_native, id=20452, stack(0x0000003a80800000,0x0000003a80900000) (1024K)]
Total: 145

Other Threads:
  0x0000022a7c5b53f0 VMThread "VM Thread"                           [id=20072, stack(0x0000003af9d00000,0x0000003af9e00000) (1024K)] _threads_hazard_ptr=0x0000022a16c14bd0
  0x0000022a7c56b000 WatcherThread "VM Periodic Task Thread"        [id=5288, stack(0x0000003af9c00000,0x0000003af9d00000) (1024K)]
  0x0000022a73f5b440 WorkerThread "GC Thread#0"                     [id=24284, stack(0x0000003af9700000,0x0000003af9800000) (1024K)]
  0x0000022a7cd6c5a0 WorkerThread "GC Thread#1"                     [id=23952, stack(0x0000003afa900000,0x0000003afaa00000) (1024K)]
  0x0000022a7d133fc0 WorkerThread "GC Thread#2"                     [id=18472, stack(0x0000003afaa00000,0x0000003afab00000) (1024K)]
  0x0000022a7d560e00 WorkerThread "GC Thread#3"                     [id=21356, stack(0x0000003afab00000,0x0000003afac00000) (1024K)]
  0x0000022a7d6cbdd0 WorkerThread "GC Thread#4"                     [id=1816, stack(0x0000003afac00000,0x0000003afad00000) (1024K)]
  0x0000022a7e61ac60 WorkerThread "GC Thread#5"                     [id=11928, stack(0x0000003afb600000,0x0000003afb700000) (1024K)]
  0x0000022a7e6205f0 WorkerThread "GC Thread#6"                     [id=10268, stack(0x0000003afb700000,0x0000003afb800000) (1024K)]
  0x0000022a7e633940 WorkerThread "GC Thread#7"                     [id=25988, stack(0x0000003afb800000,0x0000003afb900000) (1024K)]
  0x0000022a73f6d170 ConcurrentGCThread "G1 Main Marker"            [id=19780, stack(0x0000003af9800000,0x0000003af9900000) (1024K)]
  0x0000022a73f6e6f0 WorkerThread "G1 Conc#0"                       [id=21216, stack(0x0000003af9900000,0x0000003af9a00000) (1024K)]
  0x0000022a7db92b50 WorkerThread "G1 Conc#1"                       [id=26504, stack(0x0000003afb900000,0x0000003afba00000) (1024K)]
  0x0000022a73fbdd20 ConcurrentGCThread "G1 Refine#0"               [id=18540, stack(0x0000003af9a00000,0x0000003af9b00000) (1024K)]
  0x0000022a73fbe7a0 ConcurrentGCThread "G1 Service"                [id=9356, stack(0x0000003af9b00000,0x0000003af9c00000) (1024K)]
Total: 15

Threads with active compile tasks:
C2 CompilerThread0   168952 27232       4       org.gradle.api.internal.artifacts.transform.AttributeMatchingArtifactVariantSelector::doSelect (315 bytes)
C2 CompilerThread1   168953 27194   !   4       java.util.concurrent.ConcurrentHashMap::compute (654 bytes)
Total: 2

VM state: synchronizing (normal execution)

VM Mutex/Monitor currently owned by a thread:  ([mutex/lock_event])
[0x00007ff939fe20c8] Threads_lock - owner thread: 0x0000022a7c5b53f0
[0x00007ff939fe21c8] Heap_lock - owner thread: 0x0000022a7cf41dd0

Heap address: 0x0000000080000000, size: 2048 MB, Compressed Oops mode: 32-bit

CDS archive(s) not mapped
Compressed class space mapped at: 0x0000000100000000-0x0000000140000000, reserved size: 1073741824
Narrow klass base: 0x0000000000000000, Narrow klass shift: 3, Narrow klass range: 0x140000000

GC Precious Log:
 CardTable entry size: 512
 Card Set container configuration: InlinePtr #cards 5 size 8 Array Of Cards #cards 12 size 40 Howl #buckets 4 coarsen threshold 1843 Howl Bitmap #cards 512 size 80 coarsen threshold 460 Card regions per heap region 1 cards per card region 2048
 CPUs: 8 total, 8 available
 Memory: 7952M
 Large Page Support: Disabled
 NUMA Support: Disabled
 Compressed Oops: Enabled (32-bit)
 Heap Region Size: 1M
 Heap Min Capacity: 8M
 Heap Initial Capacity: 126M
 Heap Max Capacity: 2G
 Pre-touch: Disabled
 Parallel Workers: 8
 Concurrent Workers: 2
 Concurrent Refinement Workers: 8
 Periodic GC: Disabled

Heap:
 garbage-first heap   total 500736K, used 498162K [0x0000000080000000, 0x0000000100000000)
  region size 1024K, 34 young (34816K), 3 survivors (3072K)
 Metaspace       used 149610K, committed 151936K, reserved 1245184K
  class space    used 20334K, committed 21504K, reserved 1048576K

Heap Regions: E=young(eden), S=young(survivor), O=old, HS=humongous(starts), HC=humongous(continues), CS=collection set, F=free, TAMS=top-at-mark-start, PB=parsable bottom
|   0|0x0000000080000000, 0x0000000080100000, 0x0000000080100000|100%|HS|  |TAMS 0x0000000080000000| PB 0x0000000080000000| Complete 
|   1|0x0000000080100000, 0x0000000080200000, 0x0000000080200000|100%|HC|  |TAMS 0x0000000080100000| PB 0x0000000080100000| Complete 
|   2|0x0000000080200000, 0x0000000080300000, 0x0000000080300000|100%|HC|  |TAMS 0x0000000080200000| PB 0x0000000080200000| Complete 
|   3|0x0000000080300000, 0x0000000080400000, 0x0000000080400000|100%|HC|  |TAMS 0x0000000080300000| PB 0x0000000080300000| Complete 
|   4|0x0000000080400000, 0x0000000080500000, 0x0000000080500000|100%| O|  |TAMS 0x0000000080400000| PB 0x0000000080400000| Untracked 
|   5|0x0000000080500000, 0x0000000080600000, 0x0000000080600000|100%| O|  |TAMS 0x0000000080500000| PB 0x0000000080500000| Untracked 
|   6|0x0000000080600000, 0x0000000080700000, 0x0000000080700000|100%| O|  |TAMS 0x0000000080600000| PB 0x0000000080600000| Untracked 
|   7|0x0000000080700000, 0x0000000080800000, 0x0000000080800000|100%| O|  |TAMS 0x0000000080700000| PB 0x0000000080700000| Untracked 
|   8|0x0000000080800000, 0x0000000080900000, 0x0000000080900000|100%| O|  |TAMS 0x0000000080800000| PB 0x0000000080800000| Untracked 
|   9|0x0000000080900000, 0x0000000080a00000, 0x0000000080a00000|100%| O|  |TAMS 0x0000000080900000| PB 0x0000000080900000| Untracked 
|  10|0x0000000080a00000, 0x0000000080b00000, 0x0000000080b00000|100%|HS|  |TAMS 0x0000000080a00000| PB 0x0000000080a00000| Complete 
|  11|0x0000000080b00000, 0x0000000080c00000, 0x0000000080c00000|100%| O|  |TAMS 0x0000000080b00000| PB 0x0000000080b00000| Untracked 
|  12|0x0000000080c00000, 0x0000000080d00000, 0x0000000080d00000|100%| O|  |TAMS 0x0000000080c00000| PB 0x0000000080c00000| Untracked 
|  13|0x0000000080d00000, 0x0000000080e00000, 0x0000000080e00000|100%| O|  |TAMS 0x0000000080d00000| PB 0x0000000080d00000| Untracked 
|  14|0x0000000080e00000, 0x0000000080f00000, 0x0000000080f00000|100%| O|  |TAMS 0x0000000080e00000| PB 0x0000000080e00000| Untracked 
|  15|0x0000000080f00000, 0x0000000081000000, 0x0000000081000000|100%| O|  |TAMS 0x0000000080f00000| PB 0x0000000080f00000| Untracked 
|  16|0x0000000081000000, 0x0000000081100000, 0x0000000081100000|100%| O|  |TAMS 0x0000000081000000| PB 0x0000000081000000| Untracked 
|  17|0x0000000081100000, 0x0000000081200000, 0x0000000081200000|100%| O|  |TAMS 0x0000000081100000| PB 0x0000000081100000| Untracked 
|  18|0x0000000081200000, 0x0000000081300000, 0x0000000081300000|100%| O|  |TAMS 0x0000000081200000| PB 0x0000000081200000| Untracked 
|  19|0x0000000081300000, 0x0000000081400000, 0x0000000081400000|100%| O|  |TAMS 0x0000000081300000| PB 0x0000000081300000| Untracked 
|  20|0x0000000081400000, 0x0000000081500000, 0x0000000081500000|100%| O|  |TAMS 0x0000000081400000| PB 0x0000000081400000| Untracked 
|  21|0x0000000081500000, 0x0000000081600000, 0x0000000081600000|100%| O|  |TAMS 0x0000000081500000| PB 0x0000000081500000| Untracked 
|  22|0x0000000081600000, 0x0000000081700000, 0x0000000081700000|100%|HS|  |TAMS 0x0000000081600000| PB 0x0000000081600000| Complete 
|  23|0x0000000081700000, 0x0000000081800000, 0x0000000081800000|100%| O|  |TAMS 0x0000000081700000| PB 0x0000000081700000| Untracked 
|  24|0x0000000081800000, 0x0000000081900000, 0x0000000081900000|100%| O|  |TAMS 0x0000000081800000| PB 0x0000000081800000| Untracked 
|  25|0x0000000081900000, 0x0000000081a00000, 0x0000000081a00000|100%| O|  |TAMS 0x0000000081900000| PB 0x0000000081900000| Untracked 
|  26|0x0000000081a00000, 0x0000000081b00000, 0x0000000081b00000|100%| O|  |TAMS 0x0000000081a00000| PB 0x0000000081a00000| Untracked 
|  27|0x0000000081b00000, 0x0000000081c00000, 0x0000000081c00000|100%| O|  |TAMS 0x0000000081b00000| PB 0x0000000081b00000| Untracked 
|  28|0x0000000081c00000, 0x0000000081d00000, 0x0000000081d00000|100%| O|  |TAMS 0x0000000081c00000| PB 0x0000000081c00000| Untracked 
|  29|0x0000000081d00000, 0x0000000081e00000, 0x0000000081e00000|100%| O|  |TAMS 0x0000000081d00000| PB 0x0000000081d00000| Untracked 
|  30|0x0000000081e00000, 0x0000000081f00000, 0x0000000081f00000|100%| O|  |TAMS 0x0000000081e00000| PB 0x0000000081e00000| Untracked 
|  31|0x0000000081f00000, 0x0000000082000000, 0x0000000082000000|100%| O|  |TAMS 0x0000000081f00000| PB 0x0000000081f00000| Untracked 
|  32|0x0000000082000000, 0x0000000082100000, 0x0000000082100000|100%| O|  |TAMS 0x0000000082000000| PB 0x0000000082000000| Untracked 
|  33|0x0000000082100000, 0x0000000082200000, 0x0000000082200000|100%| O|  |TAMS 0x0000000082100000| PB 0x0000000082100000| Untracked 
|  34|0x0000000082200000, 0x0000000082300000, 0x0000000082300000|100%| O|  |TAMS 0x0000000082200000| PB 0x0000000082200000| Untracked 
|  35|0x0000000082300000, 0x0000000082400000, 0x0000000082400000|100%|HS|  |TAMS 0x0000000082300000| PB 0x0000000082300000| Complete 
|  36|0x0000000082400000, 0x0000000082500000, 0x0000000082500000|100%| O|  |TAMS 0x0000000082400000| PB 0x0000000082400000| Untracked 
|  37|0x0000000082500000, 0x0000000082600000, 0x0000000082600000|100%| O|  |TAMS 0x0000000082500000| PB 0x0000000082500000| Untracked 
|  38|0x0000000082600000, 0x0000000082700000, 0x0000000082700000|100%| O|  |TAMS 0x0000000082600000| PB 0x0000000082600000| Untracked 
|  39|0x0000000082700000, 0x0000000082800000, 0x0000000082800000|100%| O|  |TAMS 0x0000000082700000| PB 0x0000000082700000| Untracked 
|  40|0x0000000082800000, 0x0000000082900000, 0x0000000082900000|100%|HS|  |TAMS 0x0000000082800000| PB 0x0000000082800000| Complete 
|  41|0x0000000082900000, 0x0000000082a00000, 0x0000000082a00000|100%|HC|  |TAMS 0x0000000082900000| PB 0x0000000082900000| Complete 
|  42|0x0000000082a00000, 0x0000000082b00000, 0x0000000082b00000|100%|HS|  |TAMS 0x0000000082a00000| PB 0x0000000082a00000| Complete 
|  43|0x0000000082b00000, 0x0000000082c00000, 0x0000000082c00000|100%|HC|  |TAMS 0x0000000082b00000| PB 0x0000000082b00000| Complete 
|  44|0x0000000082c00000, 0x0000000082d00000, 0x0000000082d00000|100%|HS|  |TAMS 0x0000000082c00000| PB 0x0000000082c00000| Complete 
|  45|0x0000000082d00000, 0x0000000082e00000, 0x0000000082e00000|100%|HS|  |TAMS 0x0000000082d00000| PB 0x0000000082d00000| Complete 
|  46|0x0000000082e00000, 0x0000000082f00000, 0x0000000082f00000|100%|HC|  |TAMS 0x0000000082e00000| PB 0x0000000082e00000| Complete 
|  47|0x0000000082f00000, 0x0000000083000000, 0x0000000083000000|100%|HC|  |TAMS 0x0000000082f00000| PB 0x0000000082f00000| Complete 
|  48|0x0000000083000000, 0x0000000083100000, 0x0000000083100000|100%|HS|  |TAMS 0x0000000083000000| PB 0x0000000083000000| Complete 
|  49|0x0000000083100000, 0x0000000083200000, 0x0000000083200000|100%| O|  |TAMS 0x0000000083100000| PB 0x0000000083100000| Untracked 
|  50|0x0000000083200000, 0x0000000083300000, 0x0000000083300000|100%|HS|  |TAMS 0x0000000083200000| PB 0x0000000083200000| Complete 
|  51|0x0000000083300000, 0x0000000083400000, 0x0000000083400000|100%|HS|  |TAMS 0x0000000083300000| PB 0x0000000083300000| Complete 
|  52|0x0000000083400000, 0x0000000083500000, 0x0000000083500000|100%| O|  |TAMS 0x0000000083400000| PB 0x0000000083400000| Untracked 
|  53|0x0000000083500000, 0x0000000083600000, 0x0000000083600000|100%| O|  |TAMS 0x0000000083500000| PB 0x0000000083500000| Untracked 
|  54|0x0000000083600000, 0x0000000083700000, 0x0000000083700000|100%| O|  |TAMS 0x0000000083600000| PB 0x0000000083600000| Untracked 
|  55|0x0000000083700000, 0x0000000083800000, 0x0000000083800000|100%| O|  |TAMS 0x0000000083700000| PB 0x0000000083700000| Untracked 
|  56|0x0000000083800000, 0x0000000083900000, 0x0000000083900000|100%| O|  |TAMS 0x0000000083800000| PB 0x0000000083800000| Untracked 
|  57|0x0000000083900000, 0x0000000083a00000, 0x0000000083a00000|100%| O|  |TAMS 0x0000000083900000| PB 0x0000000083900000| Untracked 
|  58|0x0000000083a00000, 0x0000000083b00000, 0x0000000083b00000|100%| O|  |TAMS 0x0000000083a00000| PB 0x0000000083a00000| Untracked 
|  59|0x0000000083b00000, 0x0000000083c00000, 0x0000000083c00000|100%| O|  |TAMS 0x0000000083b00000| PB 0x0000000083b00000| Untracked 
|  60|0x0000000083c00000, 0x0000000083d00000, 0x0000000083d00000|100%|HS|  |TAMS 0x0000000083c00000| PB 0x0000000083c00000| Complete 
|  61|0x0000000083d00000, 0x0000000083e00000, 0x0000000083e00000|100%| O|  |TAMS 0x0000000083d00000| PB 0x0000000083d00000| Untracked 
|  62|0x0000000083e00000, 0x0000000083f00000, 0x0000000083f00000|100%| O|  |TAMS 0x0000000083e00000| PB 0x0000000083e00000| Untracked 
|  63|0x0000000083f00000, 0x0000000084000000, 0x0000000084000000|100%|HS|  |TAMS 0x0000000083f00000| PB 0x0000000083f00000| Complete 
|  64|0x0000000084000000, 0x0000000084100000, 0x0000000084100000|100%|HC|  |TAMS 0x0000000084000000| PB 0x0000000084000000| Complete 
|  65|0x0000000084100000, 0x0000000084200000, 0x0000000084200000|100%|HC|  |TAMS 0x0000000084100000| PB 0x0000000084100000| Complete 
|  66|0x0000000084200000, 0x0000000084300000, 0x0000000084300000|100%| O|  |TAMS 0x0000000084200000| PB 0x0000000084200000| Untracked 
|  67|0x0000000084300000, 0x0000000084400000, 0x0000000084400000|100%| O|  |TAMS 0x0000000084300000| PB 0x0000000084300000| Untracked 
|  68|0x0000000084400000, 0x0000000084500000, 0x0000000084500000|100%| O|  |TAMS 0x0000000084400000| PB 0x0000000084400000| Untracked 
|  69|0x0000000084500000, 0x0000000084600000, 0x0000000084600000|100%| O|  |TAMS 0x0000000084500000| PB 0x0000000084500000| Untracked 
|  70|0x0000000084600000, 0x0000000084700000, 0x0000000084700000|100%| O|  |TAMS 0x0000000084600000| PB 0x0000000084600000| Untracked 
|  71|0x0000000084700000, 0x0000000084800000, 0x0000000084800000|100%| O|  |TAMS 0x0000000084700000| PB 0x0000000084700000| Untracked 
|  72|0x0000000084800000, 0x0000000084900000, 0x0000000084900000|100%| O|  |TAMS 0x0000000084800000| PB 0x0000000084800000| Untracked 
|  73|0x0000000084900000, 0x0000000084a00000, 0x0000000084a00000|100%| O|  |TAMS 0x0000000084900000| PB 0x0000000084900000| Untracked 
|  74|0x0000000084a00000, 0x0000000084b00000, 0x0000000084b00000|100%| O|  |TAMS 0x0000000084a00000| PB 0x0000000084a00000| Untracked 
|  75|0x0000000084b00000, 0x0000000084c00000, 0x0000000084c00000|100%| O|  |TAMS 0x0000000084b00000| PB 0x0000000084b00000| Untracked 
|  76|0x0000000084c00000, 0x0000000084d00000, 0x0000000084d00000|100%| O|  |TAMS 0x0000000084c00000| PB 0x0000000084c00000| Untracked 
|  77|0x0000000084d00000, 0x0000000084e00000, 0x0000000084e00000|100%| O|  |TAMS 0x0000000084d00000| PB 0x0000000084d00000| Untracked 
|  78|0x0000000084e00000, 0x0000000084f00000, 0x0000000084f00000|100%| O|  |TAMS 0x0000000084e00000| PB 0x0000000084e00000| Untracked 
|  79|0x0000000084f00000, 0x0000000085000000, 0x0000000085000000|100%| O|  |TAMS 0x0000000084f00000| PB 0x0000000084f00000| Untracked 
|  80|0x0000000085000000, 0x0000000085100000, 0x0000000085100000|100%| O|  |TAMS 0x0000000085000000| PB 0x0000000085000000| Untracked 
|  81|0x0000000085100000, 0x0000000085200000, 0x0000000085200000|100%| O|  |TAMS 0x0000000085100000| PB 0x0000000085100000| Untracked 
|  82|0x0000000085200000, 0x0000000085300000, 0x0000000085300000|100%| O|Cm|TAMS 0x0000000085200000| PB 0x0000000085200000| Complete 
|  83|0x0000000085300000, 0x0000000085400000, 0x0000000085400000|100%| O|  |TAMS 0x0000000085300000| PB 0x0000000085300000| Untracked 
|  84|0x0000000085400000, 0x0000000085500000, 0x0000000085500000|100%| O|  |TAMS 0x0000000085400000| PB 0x0000000085400000| Untracked 
|  85|0x0000000085500000, 0x0000000085600000, 0x0000000085600000|100%| O|  |TAMS 0x0000000085500000| PB 0x0000000085500000| Untracked 
|  86|0x0000000085600000, 0x0000000085700000, 0x0000000085700000|100%| O|  |TAMS 0x0000000085600000| PB 0x0000000085600000| Untracked 
|  87|0x0000000085700000, 0x0000000085800000, 0x0000000085800000|100%| O|  |TAMS 0x0000000085700000| PB 0x0000000085700000| Untracked 
|  88|0x0000000085800000, 0x0000000085900000, 0x0000000085900000|100%| O|  |TAMS 0x0000000085800000| PB 0x0000000085800000| Untracked 
|  89|0x0000000085900000, 0x0000000085a00000, 0x0000000085a00000|100%| O|  |TAMS 0x0000000085900000| PB 0x0000000085900000| Untracked 
|  90|0x0000000085a00000, 0x0000000085b00000, 0x0000000085b00000|100%| O|  |TAMS 0x0000000085a00000| PB 0x0000000085a00000| Untracked 
|  91|0x0000000085b00000, 0x0000000085c00000, 0x0000000085c00000|100%| O|Cm|TAMS 0x0000000085b00000| PB 0x0000000085b00000| Complete 
|  92|0x0000000085c00000, 0x0000000085d00000, 0x0000000085d00000|100%| O|Cm|TAMS 0x0000000085c00000| PB 0x0000000085c00000| Complete 
|  93|0x0000000085d00000, 0x0000000085e00000, 0x0000000085e00000|100%| O|Cm|TAMS 0x0000000085d00000| PB 0x0000000085d00000| Complete 
|  94|0x0000000085e00000, 0x0000000085f00000, 0x0000000085f00000|100%| O|  |TAMS 0x0000000085e00000| PB 0x0000000085e00000| Untracked 
|  95|0x0000000085f00000, 0x0000000086000000, 0x0000000086000000|100%| O|  |TAMS 0x0000000085f00000| PB 0x0000000085f00000| Untracked 
|  96|0x0000000086000000, 0x0000000086100000, 0x0000000086100000|100%| O|  |TAMS 0x0000000086000000| PB 0x0000000086000000| Untracked 
|  97|0x0000000086100000, 0x0000000086200000, 0x0000000086200000|100%| O|  |TAMS 0x0000000086100000| PB 0x0000000086100000| Untracked 
|  98|0x0000000086200000, 0x0000000086300000, 0x0000000086300000|100%| O|  |TAMS 0x0000000086200000| PB 0x0000000086200000| Untracked 
|  99|0x0000000086300000, 0x0000000086400000, 0x0000000086400000|100%| O|  |TAMS 0x0000000086300000| PB 0x0000000086300000| Untracked 
| 100|0x0000000086400000, 0x0000000086500000, 0x0000000086500000|100%| O|  |TAMS 0x0000000086400000| PB 0x0000000086400000| Untracked 
| 101|0x0000000086500000, 0x0000000086600000, 0x0000000086600000|100%| O|  |TAMS 0x0000000086500000| PB 0x0000000086500000| Untracked 
| 102|0x0000000086600000, 0x0000000086700000, 0x0000000086700000|100%| O|  |TAMS 0x0000000086600000| PB 0x0000000086600000| Untracked 
| 103|0x0000000086700000, 0x0000000086800000, 0x0000000086800000|100%| O|  |TAMS 0x0000000086700000| PB 0x0000000086700000| Untracked 
| 104|0x0000000086800000, 0x0000000086900000, 0x0000000086900000|100%| O|Cm|TAMS 0x0000000086800000| PB 0x0000000086800000| Complete 
| 105|0x0000000086900000, 0x0000000086a00000, 0x0000000086a00000|100%| O|  |TAMS 0x0000000086900000| PB 0x0000000086900000| Untracked 
| 106|0x0000000086a00000, 0x0000000086b00000, 0x0000000086b00000|100%| O|  |TAMS 0x0000000086a00000| PB 0x0000000086a00000| Untracked 
| 107|0x0000000086b00000, 0x0000000086c00000, 0x0000000086c00000|100%| O|  |TAMS 0x0000000086b00000| PB 0x0000000086b00000| Untracked 
| 108|0x0000000086c00000, 0x0000000086d00000, 0x0000000086d00000|100%| O|  |TAMS 0x0000000086c00000| PB 0x0000000086c00000| Untracked 
| 109|0x0000000086d00000, 0x0000000086e00000, 0x0000000086e00000|100%| O|  |TAMS 0x0000000086d00000| PB 0x0000000086d00000| Untracked 
| 110|0x0000000086e00000, 0x0000000086f00000, 0x0000000086f00000|100%| O|  |TAMS 0x0000000086e00000| PB 0x0000000086e00000| Untracked 
| 111|0x0000000086f00000, 0x0000000087000000, 0x0000000087000000|100%| O|  |TAMS 0x0000000086f00000| PB 0x0000000086f00000| Untracked 
| 112|0x0000000087000000, 0x0000000087100000, 0x0000000087100000|100%| O|  |TAMS 0x0000000087000000| PB 0x0000000087000000| Untracked 
| 113|0x0000000087100000, 0x0000000087200000, 0x0000000087200000|100%| O|  |TAMS 0x0000000087100000| PB 0x0000000087100000| Untracked 
| 114|0x0000000087200000, 0x0000000087300000, 0x0000000087300000|100%| O|  |TAMS 0x0000000087200000| PB 0x0000000087200000| Untracked 
| 115|0x0000000087300000, 0x0000000087400000, 0x0000000087400000|100%| O|  |TAMS 0x0000000087300000| PB 0x0000000087300000| Untracked 
| 116|0x0000000087400000, 0x0000000087500000, 0x0000000087500000|100%| O|  |TAMS 0x0000000087400000| PB 0x0000000087400000| Untracked 
| 117|0x0000000087500000, 0x0000000087600000, 0x0000000087600000|100%| O|  |TAMS 0x0000000087500000| PB 0x0000000087500000| Untracked 
| 118|0x0000000087600000, 0x0000000087700000, 0x0000000087700000|100%| O|  |TAMS 0x0000000087600000| PB 0x0000000087600000| Untracked 
| 119|0x0000000087700000, 0x0000000087800000, 0x0000000087800000|100%| O|  |TAMS 0x0000000087700000| PB 0x0000000087700000| Untracked 
| 120|0x0000000087800000, 0x0000000087900000, 0x0000000087900000|100%| O|  |TAMS 0x0000000087800000| PB 0x0000000087800000| Untracked 
| 121|0x0000000087900000, 0x0000000087a00000, 0x0000000087a00000|100%| O|  |TAMS 0x0000000087900000| PB 0x0000000087900000| Untracked 
| 122|0x0000000087a00000, 0x0000000087b00000, 0x0000000087b00000|100%| O|  |TAMS 0x0000000087a00000| PB 0x0000000087a00000| Untracked 
| 123|0x0000000087b00000, 0x0000000087c00000, 0x0000000087c00000|100%| O|  |TAMS 0x0000000087b00000| PB 0x0000000087b00000| Untracked 
| 124|0x0000000087c00000, 0x0000000087d00000, 0x0000000087d00000|100%| O|  |TAMS 0x0000000087c00000| PB 0x0000000087c00000| Untracked 
| 125|0x0000000087d00000, 0x0000000087e00000, 0x0000000087e00000|100%| O|  |TAMS 0x0000000087d00000| PB 0x0000000087d00000| Untracked 
| 126|0x0000000087e00000, 0x0000000087f00000, 0x0000000087f00000|100%| O|  |TAMS 0x0000000087e00000| PB 0x0000000087e00000| Untracked 
| 127|0x0000000087f00000, 0x0000000088000000, 0x0000000088000000|100%| O|  |TAMS 0x0000000087f00000| PB 0x0000000087f00000| Untracked 
| 128|0x0000000088000000, 0x0000000088100000, 0x0000000088100000|100%| O|  |TAMS 0x0000000088000000| PB 0x0000000088000000| Untracked 
| 129|0x0000000088100000, 0x0000000088200000, 0x0000000088200000|100%| O|  |TAMS 0x0000000088100000| PB 0x0000000088100000| Untracked 
| 130|0x0000000088200000, 0x0000000088300000, 0x0000000088300000|100%| O|  |TAMS 0x0000000088200000| PB 0x0000000088200000| Untracked 
| 131|0x0000000088300000, 0x0000000088400000, 0x0000000088400000|100%| O|Cm|TAMS 0x0000000088300000| PB 0x0000000088300000| Complete 
| 132|0x0000000088400000, 0x0000000088500000, 0x0000000088500000|100%| O|  |TAMS 0x0000000088400000| PB 0x0000000088400000| Untracked 
| 133|0x0000000088500000, 0x0000000088600000, 0x0000000088600000|100%| O|Cm|TAMS 0x0000000088500000| PB 0x0000000088500000| Complete 
| 134|0x0000000088600000, 0x0000000088700000, 0x0000000088700000|100%| O|Cm|TAMS 0x0000000088600000| PB 0x0000000088600000| Complete 
| 135|0x0000000088700000, 0x0000000088800000, 0x0000000088800000|100%| O|Cm|TAMS 0x0000000088700000| PB 0x0000000088700000| Complete 
| 136|0x0000000088800000, 0x0000000088900000, 0x0000000088900000|100%| O|Cm|TAMS 0x0000000088800000| PB 0x0000000088800000| Complete 
| 137|0x0000000088900000, 0x0000000088a00000, 0x0000000088a00000|100%| O|  |TAMS 0x0000000088900000| PB 0x0000000088900000| Untracked 
| 138|0x0000000088a00000, 0x0000000088b00000, 0x0000000088b00000|100%| O|  |TAMS 0x0000000088a00000| PB 0x0000000088a00000| Untracked 
| 139|0x0000000088b00000, 0x0000000088c00000, 0x0000000088c00000|100%| O|  |TAMS 0x0000000088b00000| PB 0x0000000088b00000| Untracked 
| 140|0x0000000088c00000, 0x0000000088d00000, 0x0000000088d00000|100%| O|  |TAMS 0x0000000088c00000| PB 0x0000000088c00000| Untracked 
| 141|0x0000000088d00000, 0x0000000088e00000, 0x0000000088e00000|100%| O|  |TAMS 0x0000000088d00000| PB 0x0000000088d00000| Untracked 
| 142|0x0000000088e00000, 0x0000000088f00000, 0x0000000088f00000|100%| O|  |TAMS 0x0000000088e00000| PB 0x0000000088e00000| Untracked 
| 143|0x0000000088f00000, 0x0000000089000000, 0x0000000089000000|100%| O|  |TAMS 0x0000000088f00000| PB 0x0000000088f00000| Untracked 
| 144|0x0000000089000000, 0x0000000089100000, 0x0000000089100000|100%|HS|  |TAMS 0x0000000089000000| PB 0x0000000089000000| Complete 
| 145|0x0000000089100000, 0x0000000089200000, 0x0000000089200000|100%| O|  |TAMS 0x0000000089100000| PB 0x0000000089100000| Untracked 
| 146|0x0000000089200000, 0x0000000089300000, 0x0000000089300000|100%| O|  |TAMS 0x0000000089200000| PB 0x0000000089200000| Untracked 
| 147|0x0000000089300000, 0x0000000089400000, 0x0000000089400000|100%|HS|  |TAMS 0x0000000089300000| PB 0x0000000089300000| Complete 
| 148|0x0000000089400000, 0x0000000089500000, 0x0000000089500000|100%|HC|  |TAMS 0x0000000089400000| PB 0x0000000089400000| Complete 
| 149|0x0000000089500000, 0x0000000089600000, 0x0000000089600000|100%| O|  |TAMS 0x0000000089500000| PB 0x0000000089500000| Untracked 
| 150|0x0000000089600000, 0x0000000089700000, 0x0000000089700000|100%| O|  |TAMS 0x0000000089600000| PB 0x0000000089600000| Untracked 
| 151|0x0000000089700000, 0x0000000089800000, 0x0000000089800000|100%| O|  |TAMS 0x0000000089700000| PB 0x0000000089700000| Untracked 
| 152|0x0000000089800000, 0x0000000089900000, 0x0000000089900000|100%| O|  |TAMS 0x0000000089800000| PB 0x0000000089800000| Untracked 
| 153|0x0000000089900000, 0x0000000089a00000, 0x0000000089a00000|100%|HS|  |TAMS 0x0000000089900000| PB 0x0000000089900000| Complete 
| 154|0x0000000089a00000, 0x0000000089b00000, 0x0000000089b00000|100%|HC|  |TAMS 0x0000000089a00000| PB 0x0000000089a00000| Complete 
| 155|0x0000000089b00000, 0x0000000089c00000, 0x0000000089c00000|100%|HC|  |TAMS 0x0000000089b00000| PB 0x0000000089b00000| Complete 
| 156|0x0000000089c00000, 0x0000000089d00000, 0x0000000089d00000|100%|HC|  |TAMS 0x0000000089c00000| PB 0x0000000089c00000| Complete 
| 157|0x0000000089d00000, 0x0000000089e00000, 0x0000000089e00000|100%|HS|  |TAMS 0x0000000089d00000| PB 0x0000000089d00000| Complete 
| 158|0x0000000089e00000, 0x0000000089f00000, 0x0000000089f00000|100%|HC|  |TAMS 0x0000000089e00000| PB 0x0000000089e00000| Complete 
| 159|0x0000000089f00000, 0x000000008a000000, 0x000000008a000000|100%|HC|  |TAMS 0x0000000089f00000| PB 0x0000000089f00000| Complete 
| 160|0x000000008a000000, 0x000000008a100000, 0x000000008a100000|100%|HC|  |TAMS 0x000000008a000000| PB 0x000000008a000000| Complete 
| 161|0x000000008a100000, 0x000000008a200000, 0x000000008a200000|100%|HS|  |TAMS 0x000000008a100000| PB 0x000000008a100000| Complete 
| 162|0x000000008a200000, 0x000000008a300000, 0x000000008a300000|100%|HS|  |TAMS 0x000000008a200000| PB 0x000000008a200000| Complete 
| 163|0x000000008a300000, 0x000000008a400000, 0x000000008a400000|100%|HC|  |TAMS 0x000000008a300000| PB 0x000000008a300000| Complete 
| 164|0x000000008a400000, 0x000000008a500000, 0x000000008a500000|100%|HC|  |TAMS 0x000000008a400000| PB 0x000000008a400000| Complete 
| 165|0x000000008a500000, 0x000000008a600000, 0x000000008a600000|100%|HS|  |TAMS 0x000000008a500000| PB 0x000000008a500000| Complete 
| 166|0x000000008a600000, 0x000000008a700000, 0x000000008a700000|100%|HC|  |TAMS 0x000000008a600000| PB 0x000000008a600000| Complete 
| 167|0x000000008a700000, 0x000000008a800000, 0x000000008a800000|100%|HC|  |TAMS 0x000000008a700000| PB 0x000000008a700000| Complete 
| 168|0x000000008a800000, 0x000000008a900000, 0x000000008a900000|100%| O|  |TAMS 0x000000008a800000| PB 0x000000008a800000| Untracked 
| 169|0x000000008a900000, 0x000000008aa00000, 0x000000008aa00000|100%| O|  |TAMS 0x000000008a900000| PB 0x000000008a900000| Untracked 
| 170|0x000000008aa00000, 0x000000008ab00000, 0x000000008ab00000|100%| O|  |TAMS 0x000000008aa00000| PB 0x000000008aa00000| Untracked 
| 171|0x000000008ab00000, 0x000000008ac00000, 0x000000008ac00000|100%|HS|  |TAMS 0x000000008ab00000| PB 0x000000008ab00000| Complete 
| 172|0x000000008ac00000, 0x000000008ad00000, 0x000000008ad00000|100%|HC|  |TAMS 0x000000008ac00000| PB 0x000000008ac00000| Complete 
| 173|0x000000008ad00000, 0x000000008ae00000, 0x000000008ae00000|100%|HC|  |TAMS 0x000000008ad00000| PB 0x000000008ad00000| Complete 
| 174|0x000000008ae00000, 0x000000008af00000, 0x000000008af00000|100%|HC|  |TAMS 0x000000008ae00000| PB 0x000000008ae00000| Complete 
| 175|0x000000008af00000, 0x000000008b000000, 0x000000008b000000|100%|HC|  |TAMS 0x000000008af00000| PB 0x000000008af00000| Complete 
| 176|0x000000008b000000, 0x000000008b100000, 0x000000008b100000|100%|HC|  |TAMS 0x000000008b000000| PB 0x000000008b000000| Complete 
| 177|0x000000008b100000, 0x000000008b200000, 0x000000008b200000|100%|HC|  |TAMS 0x000000008b100000| PB 0x000000008b100000| Complete 
| 178|0x000000008b200000, 0x000000008b300000, 0x000000008b300000|100%|HC|  |TAMS 0x000000008b200000| PB 0x000000008b200000| Complete 
| 179|0x000000008b300000, 0x000000008b400000, 0x000000008b400000|100%|HC|  |TAMS 0x000000008b300000| PB 0x000000008b300000| Complete 
| 180|0x000000008b400000, 0x000000008b500000, 0x000000008b500000|100%|HC|  |TAMS 0x000000008b400000| PB 0x000000008b400000| Complete 
| 181|0x000000008b500000, 0x000000008b600000, 0x000000008b600000|100%|HC|  |TAMS 0x000000008b500000| PB 0x000000008b500000| Complete 
| 182|0x000000008b600000, 0x000000008b700000, 0x000000008b700000|100%| O|  |TAMS 0x000000008b600000| PB 0x000000008b600000| Untracked 
| 183|0x000000008b700000, 0x000000008b800000, 0x000000008b800000|100%| O|  |TAMS 0x000000008b700000| PB 0x000000008b700000| Untracked 
| 184|0x000000008b800000, 0x000000008b900000, 0x000000008b900000|100%| O|  |TAMS 0x000000008b800000| PB 0x000000008b800000| Untracked 
| 185|0x000000008b900000, 0x000000008ba00000, 0x000000008ba00000|100%| O|  |TAMS 0x000000008b900000| PB 0x000000008b900000| Untracked 
| 186|0x000000008ba00000, 0x000000008bb00000, 0x000000008bb00000|100%| O|  |TAMS 0x000000008ba00000| PB 0x000000008ba00000| Untracked 
| 187|0x000000008bb00000, 0x000000008bc00000, 0x000000008bc00000|100%| O|  |TAMS 0x000000008bb00000| PB 0x000000008bb00000| Untracked 
| 188|0x000000008bc00000, 0x000000008bd00000, 0x000000008bd00000|100%| O|  |TAMS 0x000000008bc00000| PB 0x000000008bc00000| Untracked 
| 189|0x000000008bd00000, 0x000000008be00000, 0x000000008be00000|100%| O|  |TAMS 0x000000008bd00000| PB 0x000000008bd00000| Untracked 
| 190|0x000000008be00000, 0x000000008bf00000, 0x000000008bf00000|100%|HS|  |TAMS 0x000000008be00000| PB 0x000000008be00000| Complete 
| 191|0x000000008bf00000, 0x000000008c000000, 0x000000008c000000|100%|HC|  |TAMS 0x000000008bf00000| PB 0x000000008bf00000| Complete 
| 192|0x000000008c000000, 0x000000008c100000, 0x000000008c100000|100%|HC|  |TAMS 0x000000008c000000| PB 0x000000008c000000| Complete 
| 193|0x000000008c100000, 0x000000008c200000, 0x000000008c200000|100%|HC|  |TAMS 0x000000008c100000| PB 0x000000008c100000| Complete 
| 194|0x000000008c200000, 0x000000008c300000, 0x000000008c300000|100%|HC|  |TAMS 0x000000008c200000| PB 0x000000008c200000| Complete 
| 195|0x000000008c300000, 0x000000008c400000, 0x000000008c400000|100%|HC|  |TAMS 0x000000008c300000| PB 0x000000008c300000| Complete 
| 196|0x000000008c400000, 0x000000008c500000, 0x000000008c500000|100%|HC|  |TAMS 0x000000008c400000| PB 0x000000008c400000| Complete 
| 197|0x000000008c500000, 0x000000008c600000, 0x000000008c600000|100%|HC|  |TAMS 0x000000008c500000| PB 0x000000008c500000| Complete 
| 198|0x000000008c600000, 0x000000008c700000, 0x000000008c700000|100%|HC|  |TAMS 0x000000008c600000| PB 0x000000008c600000| Complete 
| 199|0x000000008c700000, 0x000000008c800000, 0x000000008c800000|100%|HC|  |TAMS 0x000000008c700000| PB 0x000000008c700000| Complete 
| 200|0x000000008c800000, 0x000000008c900000, 0x000000008c900000|100%|HC|  |TAMS 0x000000008c800000| PB 0x000000008c800000| Complete 
| 201|0x000000008c900000, 0x000000008ca00000, 0x000000008ca00000|100%|HC|  |TAMS 0x000000008c900000| PB 0x000000008c900000| Complete 
| 202|0x000000008ca00000, 0x000000008cb00000, 0x000000008cb00000|100%|HC|  |TAMS 0x000000008ca00000| PB 0x000000008ca00000| Complete 
| 203|0x000000008cb00000, 0x000000008cc00000, 0x000000008cc00000|100%|HC|  |TAMS 0x000000008cb00000| PB 0x000000008cb00000| Complete 
| 204|0x000000008cc00000, 0x000000008cd00000, 0x000000008cd00000|100%|HC|  |TAMS 0x000000008cc00000| PB 0x000000008cc00000| Complete 
| 205|0x000000008cd00000, 0x000000008ce00000, 0x000000008ce00000|100%|HC|  |TAMS 0x000000008cd00000| PB 0x000000008cd00000| Complete 
| 206|0x000000008ce00000, 0x000000008cf00000, 0x000000008cf00000|100%|HC|  |TAMS 0x000000008ce00000| PB 0x000000008ce00000| Complete 
| 207|0x000000008cf00000, 0x000000008d000000, 0x000000008d000000|100%|HC|  |TAMS 0x000000008cf00000| PB 0x000000008cf00000| Complete 
| 208|0x000000008d000000, 0x000000008d100000, 0x000000008d100000|100%|HC|  |TAMS 0x000000008d000000| PB 0x000000008d000000| Complete 
| 209|0x000000008d100000, 0x000000008d200000, 0x000000008d200000|100%|HC|  |TAMS 0x000000008d100000| PB 0x000000008d100000| Complete 
| 210|0x000000008d200000, 0x000000008d300000, 0x000000008d300000|100%|HC|  |TAMS 0x000000008d200000| PB 0x000000008d200000| Complete 
| 211|0x000000008d300000, 0x000000008d400000, 0x000000008d400000|100%|HC|  |TAMS 0x000000008d300000| PB 0x000000008d300000| Complete 
| 212|0x000000008d400000, 0x000000008d500000, 0x000000008d500000|100%|HC|  |TAMS 0x000000008d400000| PB 0x000000008d400000| Complete 
| 213|0x000000008d500000, 0x000000008d600000, 0x000000008d600000|100%|HC|  |TAMS 0x000000008d500000| PB 0x000000008d500000| Complete 
| 214|0x000000008d600000, 0x000000008d700000, 0x000000008d700000|100%|HC|  |TAMS 0x000000008d600000| PB 0x000000008d600000| Complete 
| 215|0x000000008d700000, 0x000000008d800000, 0x000000008d800000|100%|HC|  |TAMS 0x000000008d700000| PB 0x000000008d700000| Complete 
| 216|0x000000008d800000, 0x000000008d900000, 0x000000008d900000|100%|HC|  |TAMS 0x000000008d800000| PB 0x000000008d800000| Complete 
| 217|0x000000008d900000, 0x000000008da00000, 0x000000008da00000|100%|HC|  |TAMS 0x000000008d900000| PB 0x000000008d900000| Complete 
| 218|0x000000008da00000, 0x000000008db00000, 0x000000008db00000|100%|HC|  |TAMS 0x000000008da00000| PB 0x000000008da00000| Complete 
| 219|0x000000008db00000, 0x000000008dc00000, 0x000000008dc00000|100%|HC|  |TAMS 0x000000008db00000| PB 0x000000008db00000| Complete 
| 220|0x000000008dc00000, 0x000000008dd00000, 0x000000008dd00000|100%|HC|  |TAMS 0x000000008dc00000| PB 0x000000008dc00000| Complete 
| 221|0x000000008dd00000, 0x000000008de00000, 0x000000008de00000|100%|HC|  |TAMS 0x000000008dd00000| PB 0x000000008dd00000| Complete 
| 222|0x000000008de00000, 0x000000008df00000, 0x000000008df00000|100%|HC|  |TAMS 0x000000008de00000| PB 0x000000008de00000| Complete 
| 223|0x000000008df00000, 0x000000008e000000, 0x000000008e000000|100%|HC|  |TAMS 0x000000008df00000| PB 0x000000008df00000| Complete 
| 224|0x000000008e000000, 0x000000008e100000, 0x000000008e100000|100%|HS|  |TAMS 0x000000008e000000| PB 0x000000008e000000| Complete 
| 225|0x000000008e100000, 0x000000008e200000, 0x000000008e200000|100%|HC|  |TAMS 0x000000008e100000| PB 0x000000008e100000| Complete 
| 226|0x000000008e200000, 0x000000008e300000, 0x000000008e300000|100%|HC|  |TAMS 0x000000008e200000| PB 0x000000008e200000| Complete 
| 227|0x000000008e300000, 0x000000008e400000, 0x000000008e400000|100%|HC|  |TAMS 0x000000008e300000| PB 0x000000008e300000| Complete 
| 228|0x000000008e400000, 0x000000008e500000, 0x000000008e500000|100%|HC|  |TAMS 0x000000008e400000| PB 0x000000008e400000| Complete 
| 229|0x000000008e500000, 0x000000008e600000, 0x000000008e600000|100%|HC|  |TAMS 0x000000008e500000| PB 0x000000008e500000| Complete 
| 230|0x000000008e600000, 0x000000008e700000, 0x000000008e700000|100%|HC|  |TAMS 0x000000008e600000| PB 0x000000008e600000| Complete 
| 231|0x000000008e700000, 0x000000008e800000, 0x000000008e800000|100%|HC|  |TAMS 0x000000008e700000| PB 0x000000008e700000| Complete 
| 232|0x000000008e800000, 0x000000008e900000, 0x000000008e900000|100%|HC|  |TAMS 0x000000008e800000| PB 0x000000008e800000| Complete 
| 233|0x000000008e900000, 0x000000008ea00000, 0x000000008ea00000|100%|HC|  |TAMS 0x000000008e900000| PB 0x000000008e900000| Complete 
| 234|0x000000008ea00000, 0x000000008eb00000, 0x000000008eb00000|100%|HC|  |TAMS 0x000000008ea00000| PB 0x000000008ea00000| Complete 
| 235|0x000000008eb00000, 0x000000008ec00000, 0x000000008ec00000|100%|HC|  |TAMS 0x000000008eb00000| PB 0x000000008eb00000| Complete 
| 236|0x000000008ec00000, 0x000000008ed00000, 0x000000008ed00000|100%|HC|  |TAMS 0x000000008ec00000| PB 0x000000008ec00000| Complete 
| 237|0x000000008ed00000, 0x000000008ee00000, 0x000000008ee00000|100%|HC|  |TAMS 0x000000008ed00000| PB 0x000000008ed00000| Complete 
| 238|0x000000008ee00000, 0x000000008ef00000, 0x000000008ef00000|100%|HC|  |TAMS 0x000000008ee00000| PB 0x000000008ee00000| Complete 
| 239|0x000000008ef00000, 0x000000008f000000, 0x000000008f000000|100%|HC|  |TAMS 0x000000008ef00000| PB 0x000000008ef00000| Complete 
| 240|0x000000008f000000, 0x000000008f100000, 0x000000008f100000|100%|HC|  |TAMS 0x000000008f000000| PB 0x000000008f000000| Complete 
| 241|0x000000008f100000, 0x000000008f200000, 0x000000008f200000|100%|HC|  |TAMS 0x000000008f100000| PB 0x000000008f100000| Complete 
| 242|0x000000008f200000, 0x000000008f300000, 0x000000008f300000|100%|HC|  |TAMS 0x000000008f200000| PB 0x000000008f200000| Complete 
| 243|0x000000008f300000, 0x000000008f400000, 0x000000008f400000|100%|HC|  |TAMS 0x000000008f300000| PB 0x000000008f300000| Complete 
| 244|0x000000008f400000, 0x000000008f500000, 0x000000008f500000|100%|HC|  |TAMS 0x000000008f400000| PB 0x000000008f400000| Complete 
| 245|0x000000008f500000, 0x000000008f600000, 0x000000008f600000|100%|HS|  |TAMS 0x000000008f500000| PB 0x000000008f500000| Complete 
| 246|0x000000008f600000, 0x000000008f700000, 0x000000008f700000|100%|HC|  |TAMS 0x000000008f600000| PB 0x000000008f600000| Complete 
| 247|0x000000008f700000, 0x000000008f800000, 0x000000008f800000|100%|HC|  |TAMS 0x000000008f700000| PB 0x000000008f700000| Complete 
| 248|0x000000008f800000, 0x000000008f900000, 0x000000008f900000|100%|HC|  |TAMS 0x000000008f800000| PB 0x000000008f800000| Complete 
| 249|0x000000008f900000, 0x000000008fa00000, 0x000000008fa00000|100%|HC|  |TAMS 0x000000008f900000| PB 0x000000008f900000| Complete 
| 250|0x000000008fa00000, 0x000000008fb00000, 0x000000008fb00000|100%|HS|  |TAMS 0x000000008fa00000| PB 0x000000008fa00000| Complete 
| 251|0x000000008fb00000, 0x000000008fc00000, 0x000000008fc00000|100%|HC|  |TAMS 0x000000008fb00000| PB 0x000000008fb00000| Complete 
| 252|0x000000008fc00000, 0x000000008fd00000, 0x000000008fd00000|100%|HC|  |TAMS 0x000000008fc00000| PB 0x000000008fc00000| Complete 
| 253|0x000000008fd00000, 0x000000008fe00000, 0x000000008fe00000|100%|HC|  |TAMS 0x000000008fd00000| PB 0x000000008fd00000| Complete 
| 254|0x000000008fe00000, 0x000000008ff00000, 0x000000008ff00000|100%|HC|  |TAMS 0x000000008fe00000| PB 0x000000008fe00000| Complete 
| 255|0x000000008ff00000, 0x0000000090000000, 0x0000000090000000|100%|HS|  |TAMS 0x000000008ff00000| PB 0x000000008ff00000| Complete 
| 256|0x0000000090000000, 0x0000000090100000, 0x0000000090100000|100%|HC|  |TAMS 0x0000000090000000| PB 0x0000000090000000| Complete 
| 257|0x0000000090100000, 0x0000000090200000, 0x0000000090200000|100%|HC|  |TAMS 0x0000000090100000| PB 0x0000000090100000| Complete 
| 258|0x0000000090200000, 0x0000000090300000, 0x0000000090300000|100%|HC|  |TAMS 0x0000000090200000| PB 0x0000000090200000| Complete 
| 259|0x0000000090300000, 0x0000000090400000, 0x0000000090400000|100%|HC|  |TAMS 0x0000000090300000| PB 0x0000000090300000| Complete 
| 260|0x0000000090400000, 0x0000000090500000, 0x0000000090500000|100%|HC|  |TAMS 0x0000000090400000| PB 0x0000000090400000| Complete 
| 261|0x0000000090500000, 0x0000000090600000, 0x0000000090600000|100%|HC|  |TAMS 0x0000000090500000| PB 0x0000000090500000| Complete 
| 262|0x0000000090600000, 0x0000000090700000, 0x0000000090700000|100%|HC|  |TAMS 0x0000000090600000| PB 0x0000000090600000| Complete 
| 263|0x0000000090700000, 0x0000000090800000, 0x0000000090800000|100%|HC|  |TAMS 0x0000000090700000| PB 0x0000000090700000| Complete 
| 264|0x0000000090800000, 0x0000000090900000, 0x0000000090900000|100%|HC|  |TAMS 0x0000000090800000| PB 0x0000000090800000| Complete 
| 265|0x0000000090900000, 0x0000000090a00000, 0x0000000090a00000|100%|HC|  |TAMS 0x0000000090900000| PB 0x0000000090900000| Complete 
| 266|0x0000000090a00000, 0x0000000090b00000, 0x0000000090b00000|100%|HS|  |TAMS 0x0000000090a00000| PB 0x0000000090a00000| Complete 
| 267|0x0000000090b00000, 0x0000000090c00000, 0x0000000090c00000|100%|HC|  |TAMS 0x0000000090b00000| PB 0x0000000090b00000| Complete 
| 268|0x0000000090c00000, 0x0000000090d00000, 0x0000000090d00000|100%|HC|  |TAMS 0x0000000090c00000| PB 0x0000000090c00000| Complete 
| 269|0x0000000090d00000, 0x0000000090e00000, 0x0000000090e00000|100%|HC|  |TAMS 0x0000000090d00000| PB 0x0000000090d00000| Complete 
| 270|0x0000000090e00000, 0x0000000090f00000, 0x0000000090f00000|100%|HC|  |TAMS 0x0000000090e00000| PB 0x0000000090e00000| Complete 
| 271|0x0000000090f00000, 0x0000000091000000, 0x0000000091000000|100%|HC|  |TAMS 0x0000000090f00000| PB 0x0000000090f00000| Complete 
| 272|0x0000000091000000, 0x0000000091100000, 0x0000000091100000|100%|HS|  |TAMS 0x0000000091000000| PB 0x0000000091000000| Complete 
| 273|0x0000000091100000, 0x0000000091200000, 0x0000000091200000|100%|HC|  |TAMS 0x0000000091100000| PB 0x0000000091100000| Complete 
| 274|0x0000000091200000, 0x0000000091300000, 0x0000000091300000|100%|HC|  |TAMS 0x0000000091200000| PB 0x0000000091200000| Complete 
| 275|0x0000000091300000, 0x0000000091400000, 0x0000000091400000|100%|HC|  |TAMS 0x0000000091300000| PB 0x0000000091300000| Complete 
| 276|0x0000000091400000, 0x0000000091500000, 0x0000000091500000|100%|HC|  |TAMS 0x0000000091400000| PB 0x0000000091400000| Complete 
| 277|0x0000000091500000, 0x0000000091600000, 0x0000000091600000|100%|HC|  |TAMS 0x0000000091500000| PB 0x0000000091500000| Complete 
| 278|0x0000000091600000, 0x0000000091700000, 0x0000000091700000|100%|HC|  |TAMS 0x0000000091600000| PB 0x0000000091600000| Complete 
| 279|0x0000000091700000, 0x0000000091800000, 0x0000000091800000|100%|HC|  |TAMS 0x0000000091700000| PB 0x0000000091700000| Complete 
| 280|0x0000000091800000, 0x0000000091900000, 0x0000000091900000|100%|HC|  |TAMS 0x0000000091800000| PB 0x0000000091800000| Complete 
| 281|0x0000000091900000, 0x0000000091a00000, 0x0000000091a00000|100%|HC|  |TAMS 0x0000000091900000| PB 0x0000000091900000| Complete 
| 282|0x0000000091a00000, 0x0000000091b00000, 0x0000000091b00000|100%|HC|  |TAMS 0x0000000091a00000| PB 0x0000000091a00000| Complete 
| 283|0x0000000091b00000, 0x0000000091c00000, 0x0000000091c00000|100%|HS|  |TAMS 0x0000000091b00000| PB 0x0000000091b00000| Complete 
| 284|0x0000000091c00000, 0x0000000091d00000, 0x0000000091d00000|100%|HC|  |TAMS 0x0000000091c00000| PB 0x0000000091c00000| Complete 
| 285|0x0000000091d00000, 0x0000000091e00000, 0x0000000091e00000|100%|HC|  |TAMS 0x0000000091d00000| PB 0x0000000091d00000| Complete 
| 286|0x0000000091e00000, 0x0000000091f00000, 0x0000000091f00000|100%|HC|  |TAMS 0x0000000091e00000| PB 0x0000000091e00000| Complete 
| 287|0x0000000091f00000, 0x0000000092000000, 0x0000000092000000|100%|HC|  |TAMS 0x0000000091f00000| PB 0x0000000091f00000| Complete 
| 288|0x0000000092000000, 0x0000000092100000, 0x0000000092100000|100%|HC|  |TAMS 0x0000000092000000| PB 0x0000000092000000| Complete 
| 289|0x0000000092100000, 0x0000000092200000, 0x0000000092200000|100%|HC|  |TAMS 0x0000000092100000| PB 0x0000000092100000| Complete 
| 290|0x0000000092200000, 0x0000000092300000, 0x0000000092300000|100%|HC|  |TAMS 0x0000000092200000| PB 0x0000000092200000| Complete 
| 291|0x0000000092300000, 0x0000000092400000, 0x0000000092400000|100%|HC|  |TAMS 0x0000000092300000| PB 0x0000000092300000| Complete 
| 292|0x0000000092400000, 0x0000000092500000, 0x0000000092500000|100%|HC|  |TAMS 0x0000000092400000| PB 0x0000000092400000| Complete 
| 293|0x0000000092500000, 0x0000000092600000, 0x0000000092600000|100%|HS|  |TAMS 0x0000000092500000| PB 0x0000000092500000| Complete 
| 294|0x0000000092600000, 0x0000000092700000, 0x0000000092700000|100%|HC|  |TAMS 0x0000000092600000| PB 0x0000000092600000| Complete 
| 295|0x0000000092700000, 0x0000000092800000, 0x0000000092800000|100%|HC|  |TAMS 0x0000000092700000| PB 0x0000000092700000| Complete 
| 296|0x0000000092800000, 0x0000000092900000, 0x0000000092900000|100%|HC|  |TAMS 0x0000000092800000| PB 0x0000000092800000| Complete 
| 297|0x0000000092900000, 0x0000000092a00000, 0x0000000092a00000|100%|HS|  |TAMS 0x0000000092900000| PB 0x0000000092900000| Complete 
| 298|0x0000000092a00000, 0x0000000092b00000, 0x0000000092b00000|100%|HC|  |TAMS 0x0000000092a00000| PB 0x0000000092a00000| Complete 
| 299|0x0000000092b00000, 0x0000000092c00000, 0x0000000092c00000|100%|HC|  |TAMS 0x0000000092b00000| PB 0x0000000092b00000| Complete 
| 300|0x0000000092c00000, 0x0000000092d00000, 0x0000000092d00000|100%|HC|  |TAMS 0x0000000092c00000| PB 0x0000000092c00000| Complete 
| 301|0x0000000092d00000, 0x0000000092e00000, 0x0000000092e00000|100%|HC|  |TAMS 0x0000000092d00000| PB 0x0000000092d00000| Complete 
| 302|0x0000000092e00000, 0x0000000092f00000, 0x0000000092f00000|100%|HC|  |TAMS 0x0000000092e00000| PB 0x0000000092e00000| Complete 
| 303|0x0000000092f00000, 0x0000000093000000, 0x0000000093000000|100%|HS|  |TAMS 0x0000000092f00000| PB 0x0000000092f00000| Complete 
| 304|0x0000000093000000, 0x0000000093100000, 0x0000000093100000|100%|HC|  |TAMS 0x0000000093000000| PB 0x0000000093000000| Complete 
| 305|0x0000000093100000, 0x0000000093200000, 0x0000000093200000|100%|HC|  |TAMS 0x0000000093100000| PB 0x0000000093100000| Complete 
| 306|0x0000000093200000, 0x0000000093300000, 0x0000000093300000|100%|HC|  |TAMS 0x0000000093200000| PB 0x0000000093200000| Complete 
| 307|0x0000000093300000, 0x0000000093400000, 0x0000000093400000|100%|HC|  |TAMS 0x0000000093300000| PB 0x0000000093300000| Complete 
| 308|0x0000000093400000, 0x0000000093500000, 0x0000000093500000|100%|HC|  |TAMS 0x0000000093400000| PB 0x0000000093400000| Complete 
| 309|0x0000000093500000, 0x0000000093600000, 0x0000000093600000|100%|HS|  |TAMS 0x0000000093500000| PB 0x0000000093500000| Complete 
| 310|0x0000000093600000, 0x0000000093700000, 0x0000000093700000|100%|HC|  |TAMS 0x0000000093600000| PB 0x0000000093600000| Complete 
| 311|0x0000000093700000, 0x0000000093800000, 0x0000000093800000|100%|HC|  |TAMS 0x0000000093700000| PB 0x0000000093700000| Complete 
| 312|0x0000000093800000, 0x0000000093900000, 0x0000000093900000|100%|HC|  |TAMS 0x0000000093800000| PB 0x0000000093800000| Complete 
| 313|0x0000000093900000, 0x0000000093a00000, 0x0000000093a00000|100%|HC|  |TAMS 0x0000000093900000| PB 0x0000000093900000| Complete 
| 314|0x0000000093a00000, 0x0000000093b00000, 0x0000000093b00000|100%|HS|  |TAMS 0x0000000093a00000| PB 0x0000000093a00000| Complete 
| 315|0x0000000093b00000, 0x0000000093c00000, 0x0000000093c00000|100%|HC|  |TAMS 0x0000000093b00000| PB 0x0000000093b00000| Complete 
| 316|0x0000000093c00000, 0x0000000093d00000, 0x0000000093d00000|100%|HS|  |TAMS 0x0000000093c00000| PB 0x0000000093c00000| Complete 
| 317|0x0000000093d00000, 0x0000000093e00000, 0x0000000093e00000|100%|HC|  |TAMS 0x0000000093d00000| PB 0x0000000093d00000| Complete 
| 318|0x0000000093e00000, 0x0000000093f00000, 0x0000000093f00000|100%|HS|  |TAMS 0x0000000093e00000| PB 0x0000000093e00000| Complete 
| 319|0x0000000093f00000, 0x0000000094000000, 0x0000000094000000|100%|HC|  |TAMS 0x0000000093f00000| PB 0x0000000093f00000| Complete 
| 320|0x0000000094000000, 0x0000000094100000, 0x0000000094100000|100%|HS|  |TAMS 0x0000000094000000| PB 0x0000000094000000| Complete 
| 321|0x0000000094100000, 0x0000000094200000, 0x0000000094200000|100%|HC|  |TAMS 0x0000000094100000| PB 0x0000000094100000| Complete 
| 322|0x0000000094200000, 0x0000000094300000, 0x0000000094300000|100%|HS|  |TAMS 0x0000000094200000| PB 0x0000000094200000| Complete 
| 323|0x0000000094300000, 0x0000000094400000, 0x0000000094400000|100%|HC|  |TAMS 0x0000000094300000| PB 0x0000000094300000| Complete 
| 324|0x0000000094400000, 0x0000000094500000, 0x0000000094500000|100%|HS|  |TAMS 0x0000000094400000| PB 0x0000000094400000| Complete 
| 325|0x0000000094500000, 0x0000000094600000, 0x0000000094600000|100%|HC|  |TAMS 0x0000000094500000| PB 0x0000000094500000| Complete 
| 326|0x0000000094600000, 0x0000000094700000, 0x0000000094700000|100%|HS|  |TAMS 0x0000000094600000| PB 0x0000000094600000| Complete 
| 327|0x0000000094700000, 0x0000000094800000, 0x0000000094800000|100%|HC|  |TAMS 0x0000000094700000| PB 0x0000000094700000| Complete 
| 328|0x0000000094800000, 0x0000000094900000, 0x0000000094900000|100%|HS|  |TAMS 0x0000000094800000| PB 0x0000000094800000| Complete 
| 329|0x0000000094900000, 0x0000000094a00000, 0x0000000094a00000|100%|HC|  |TAMS 0x0000000094900000| PB 0x0000000094900000| Complete 
| 330|0x0000000094a00000, 0x0000000094b00000, 0x0000000094b00000|100%|HS|  |TAMS 0x0000000094a00000| PB 0x0000000094a00000| Complete 
| 331|0x0000000094b00000, 0x0000000094c00000, 0x0000000094c00000|100%|HC|  |TAMS 0x0000000094b00000| PB 0x0000000094b00000| Complete 
| 332|0x0000000094c00000, 0x0000000094d00000, 0x0000000094d00000|100%|HS|  |TAMS 0x0000000094c00000| PB 0x0000000094c00000| Complete 
| 333|0x0000000094d00000, 0x0000000094e00000, 0x0000000094e00000|100%|HC|  |TAMS 0x0000000094d00000| PB 0x0000000094d00000| Complete 
| 334|0x0000000094e00000, 0x0000000094f00000, 0x0000000094f00000|100%|HS|  |TAMS 0x0000000094e00000| PB 0x0000000094e00000| Complete 
| 335|0x0000000094f00000, 0x0000000095000000, 0x0000000095000000|100%|HC|  |TAMS 0x0000000094f00000| PB 0x0000000094f00000| Complete 
| 336|0x0000000095000000, 0x0000000095100000, 0x0000000095100000|100%|HS|  |TAMS 0x0000000095000000| PB 0x0000000095000000| Complete 
| 337|0x0000000095100000, 0x0000000095200000, 0x0000000095200000|100%|HC|  |TAMS 0x0000000095100000| PB 0x0000000095100000| Complete 
| 338|0x0000000095200000, 0x0000000095300000, 0x0000000095300000|100%|HS|  |TAMS 0x0000000095200000| PB 0x0000000095200000| Complete 
| 339|0x0000000095300000, 0x0000000095400000, 0x0000000095400000|100%|HC|  |TAMS 0x0000000095300000| PB 0x0000000095300000| Complete 
| 340|0x0000000095400000, 0x0000000095500000, 0x0000000095500000|100%|HS|  |TAMS 0x0000000095400000| PB 0x0000000095400000| Complete 
| 341|0x0000000095500000, 0x0000000095600000, 0x0000000095600000|100%|HC|  |TAMS 0x0000000095500000| PB 0x0000000095500000| Complete 
| 342|0x0000000095600000, 0x0000000095700000, 0x0000000095700000|100%|HS|  |TAMS 0x0000000095600000| PB 0x0000000095600000| Complete 
| 343|0x0000000095700000, 0x0000000095800000, 0x0000000095800000|100%|HC|  |TAMS 0x0000000095700000| PB 0x0000000095700000| Complete 
| 344|0x0000000095800000, 0x0000000095900000, 0x0000000095900000|100%|HS|  |TAMS 0x0000000095800000| PB 0x0000000095800000| Complete 
| 345|0x0000000095900000, 0x0000000095a00000, 0x0000000095a00000|100%|HC|  |TAMS 0x0000000095900000| PB 0x0000000095900000| Complete 
| 346|0x0000000095a00000, 0x0000000095b00000, 0x0000000095b00000|100%|HS|  |TAMS 0x0000000095a00000| PB 0x0000000095a00000| Complete 
| 347|0x0000000095b00000, 0x0000000095c00000, 0x0000000095c00000|100%|HC|  |TAMS 0x0000000095b00000| PB 0x0000000095b00000| Complete 
| 348|0x0000000095c00000, 0x0000000095d00000, 0x0000000095d00000|100%|HS|  |TAMS 0x0000000095c00000| PB 0x0000000095c00000| Complete 
| 349|0x0000000095d00000, 0x0000000095e00000, 0x0000000095e00000|100%|HC|  |TAMS 0x0000000095d00000| PB 0x0000000095d00000| Complete 
| 350|0x0000000095e00000, 0x0000000095f00000, 0x0000000095f00000|100%|HS|  |TAMS 0x0000000095e00000| PB 0x0000000095e00000| Complete 
| 351|0x0000000095f00000, 0x0000000096000000, 0x0000000096000000|100%|HC|  |TAMS 0x0000000095f00000| PB 0x0000000095f00000| Complete 
| 352|0x0000000096000000, 0x0000000096100000, 0x0000000096100000|100%|HS|  |TAMS 0x0000000096000000| PB 0x0000000096000000| Complete 
| 353|0x0000000096100000, 0x0000000096200000, 0x0000000096200000|100%|HC|  |TAMS 0x0000000096100000| PB 0x0000000096100000| Complete 
| 354|0x0000000096200000, 0x0000000096300000, 0x0000000096300000|100%|HS|  |TAMS 0x0000000096200000| PB 0x0000000096200000| Complete 
| 355|0x0000000096300000, 0x0000000096400000, 0x0000000096400000|100%|HC|  |TAMS 0x0000000096300000| PB 0x0000000096300000| Complete 
| 356|0x0000000096400000, 0x0000000096500000, 0x0000000096500000|100%|HS|  |TAMS 0x0000000096400000| PB 0x0000000096400000| Complete 
| 357|0x0000000096500000, 0x0000000096600000, 0x0000000096600000|100%|HC|  |TAMS 0x0000000096500000| PB 0x0000000096500000| Complete 
| 358|0x0000000096600000, 0x0000000096700000, 0x0000000096700000|100%|HS|  |TAMS 0x0000000096600000| PB 0x0000000096600000| Complete 
| 359|0x0000000096700000, 0x0000000096800000, 0x0000000096800000|100%|HC|  |TAMS 0x0000000096700000| PB 0x0000000096700000| Complete 
| 360|0x0000000096800000, 0x0000000096900000, 0x0000000096900000|100%|HS|  |TAMS 0x0000000096800000| PB 0x0000000096800000| Complete 
| 361|0x0000000096900000, 0x0000000096a00000, 0x0000000096a00000|100%|HC|  |TAMS 0x0000000096900000| PB 0x0000000096900000| Complete 
| 362|0x0000000096a00000, 0x0000000096b00000, 0x0000000096b00000|100%|HS|  |TAMS 0x0000000096a00000| PB 0x0000000096a00000| Complete 
| 363|0x0000000096b00000, 0x0000000096c00000, 0x0000000096c00000|100%|HC|  |TAMS 0x0000000096b00000| PB 0x0000000096b00000| Complete 
| 364|0x0000000096c00000, 0x0000000096d00000, 0x0000000096d00000|100%|HS|  |TAMS 0x0000000096c00000| PB 0x0000000096c00000| Complete 
| 365|0x0000000096d00000, 0x0000000096e00000, 0x0000000096e00000|100%|HC|  |TAMS 0x0000000096d00000| PB 0x0000000096d00000| Complete 
| 366|0x0000000096e00000, 0x0000000096f00000, 0x0000000096f00000|100%|HS|  |TAMS 0x0000000096e00000| PB 0x0000000096e00000| Complete 
| 367|0x0000000096f00000, 0x0000000097000000, 0x0000000097000000|100%|HC|  |TAMS 0x0000000096f00000| PB 0x0000000096f00000| Complete 
| 368|0x0000000097000000, 0x0000000097100000, 0x0000000097100000|100%|HS|  |TAMS 0x0000000097000000| PB 0x0000000097000000| Complete 
| 369|0x0000000097100000, 0x0000000097200000, 0x0000000097200000|100%|HC|  |TAMS 0x0000000097100000| PB 0x0000000097100000| Complete 
| 370|0x0000000097200000, 0x0000000097300000, 0x0000000097300000|100%|HS|  |TAMS 0x0000000097200000| PB 0x0000000097200000| Complete 
| 371|0x0000000097300000, 0x0000000097400000, 0x0000000097400000|100%|HC|  |TAMS 0x0000000097300000| PB 0x0000000097300000| Complete 
| 372|0x0000000097400000, 0x0000000097500000, 0x0000000097500000|100%|HS|  |TAMS 0x0000000097400000| PB 0x0000000097400000| Complete 
| 373|0x0000000097500000, 0x0000000097600000, 0x0000000097600000|100%|HC|  |TAMS 0x0000000097500000| PB 0x0000000097500000| Complete 
| 374|0x0000000097600000, 0x0000000097700000, 0x0000000097700000|100%|HS|  |TAMS 0x0000000097600000| PB 0x0000000097600000| Complete 
| 375|0x0000000097700000, 0x0000000097800000, 0x0000000097800000|100%|HC|  |TAMS 0x0000000097700000| PB 0x0000000097700000| Complete 
| 376|0x0000000097800000, 0x0000000097900000, 0x0000000097900000|100%|HS|  |TAMS 0x0000000097800000| PB 0x0000000097800000| Complete 
| 377|0x0000000097900000, 0x0000000097a00000, 0x0000000097a00000|100%|HC|  |TAMS 0x0000000097900000| PB 0x0000000097900000| Complete 
| 378|0x0000000097a00000, 0x0000000097b00000, 0x0000000097b00000|100%|HS|  |TAMS 0x0000000097a00000| PB 0x0000000097a00000| Complete 
| 379|0x0000000097b00000, 0x0000000097c00000, 0x0000000097c00000|100%|HC|  |TAMS 0x0000000097b00000| PB 0x0000000097b00000| Complete 
| 380|0x0000000097c00000, 0x0000000097d00000, 0x0000000097d00000|100%|HS|  |TAMS 0x0000000097c00000| PB 0x0000000097c00000| Complete 
| 381|0x0000000097d00000, 0x0000000097e00000, 0x0000000097e00000|100%|HC|  |TAMS 0x0000000097d00000| PB 0x0000000097d00000| Complete 
| 382|0x0000000097e00000, 0x0000000097f00000, 0x0000000097f00000|100%|HS|  |TAMS 0x0000000097e00000| PB 0x0000000097e00000| Complete 
| 383|0x0000000097f00000, 0x0000000098000000, 0x0000000098000000|100%|HC|  |TAMS 0x0000000097f00000| PB 0x0000000097f00000| Complete 
| 384|0x0000000098000000, 0x0000000098100000, 0x0000000098100000|100%|HS|  |TAMS 0x0000000098000000| PB 0x0000000098000000| Complete 
| 385|0x0000000098100000, 0x0000000098200000, 0x0000000098200000|100%|HC|  |TAMS 0x0000000098100000| PB 0x0000000098100000| Complete 
| 386|0x0000000098200000, 0x0000000098300000, 0x0000000098300000|100%|HS|  |TAMS 0x0000000098200000| PB 0x0000000098200000| Complete 
| 387|0x0000000098300000, 0x0000000098400000, 0x0000000098400000|100%|HC|  |TAMS 0x0000000098300000| PB 0x0000000098300000| Complete 
| 388|0x0000000098400000, 0x0000000098500000, 0x0000000098500000|100%|HS|  |TAMS 0x0000000098400000| PB 0x0000000098400000| Complete 
| 389|0x0000000098500000, 0x0000000098600000, 0x0000000098600000|100%|HC|  |TAMS 0x0000000098500000| PB 0x0000000098500000| Complete 
| 390|0x0000000098600000, 0x0000000098700000, 0x0000000098700000|100%|HS|  |TAMS 0x0000000098600000| PB 0x0000000098600000| Complete 
| 391|0x0000000098700000, 0x0000000098800000, 0x0000000098800000|100%|HC|  |TAMS 0x0000000098700000| PB 0x0000000098700000| Complete 
| 392|0x0000000098800000, 0x0000000098900000, 0x0000000098900000|100%|HS|  |TAMS 0x0000000098800000| PB 0x0000000098800000| Complete 
| 393|0x0000000098900000, 0x0000000098a00000, 0x0000000098a00000|100%|HC|  |TAMS 0x0000000098900000| PB 0x0000000098900000| Complete 
| 394|0x0000000098a00000, 0x0000000098b00000, 0x0000000098b00000|100%|HS|  |TAMS 0x0000000098a00000| PB 0x0000000098a00000| Complete 
| 395|0x0000000098b00000, 0x0000000098c00000, 0x0000000098c00000|100%|HC|  |TAMS 0x0000000098b00000| PB 0x0000000098b00000| Complete 
| 396|0x0000000098c00000, 0x0000000098d00000, 0x0000000098d00000|100%|HS|  |TAMS 0x0000000098c00000| PB 0x0000000098c00000| Complete 
| 397|0x0000000098d00000, 0x0000000098e00000, 0x0000000098e00000|100%|HC|  |TAMS 0x0000000098d00000| PB 0x0000000098d00000| Complete 
| 398|0x0000000098e00000, 0x0000000098f00000, 0x0000000098f00000|100%|HS|  |TAMS 0x0000000098e00000| PB 0x0000000098e00000| Complete 
| 399|0x0000000098f00000, 0x0000000099000000, 0x0000000099000000|100%|HC|  |TAMS 0x0000000098f00000| PB 0x0000000098f00000| Complete 
| 400|0x0000000099000000, 0x0000000099100000, 0x0000000099100000|100%|HS|  |TAMS 0x0000000099000000| PB 0x0000000099000000| Complete 
| 401|0x0000000099100000, 0x0000000099200000, 0x0000000099200000|100%|HC|  |TAMS 0x0000000099100000| PB 0x0000000099100000| Complete 
| 402|0x0000000099200000, 0x0000000099300000, 0x0000000099300000|100%|HS|  |TAMS 0x0000000099200000| PB 0x0000000099200000| Complete 
| 403|0x0000000099300000, 0x0000000099400000, 0x0000000099400000|100%|HC|  |TAMS 0x0000000099300000| PB 0x0000000099300000| Complete 
| 404|0x0000000099400000, 0x0000000099500000, 0x0000000099500000|100%|HS|  |TAMS 0x0000000099400000| PB 0x0000000099400000| Complete 
| 405|0x0000000099500000, 0x0000000099600000, 0x0000000099600000|100%|HC|  |TAMS 0x0000000099500000| PB 0x0000000099500000| Complete 
| 406|0x0000000099600000, 0x0000000099700000, 0x0000000099700000|100%|HS|  |TAMS 0x0000000099600000| PB 0x0000000099600000| Complete 
| 407|0x0000000099700000, 0x0000000099800000, 0x0000000099800000|100%|HC|  |TAMS 0x0000000099700000| PB 0x0000000099700000| Complete 
| 408|0x0000000099800000, 0x0000000099900000, 0x0000000099900000|100%|HS|  |TAMS 0x0000000099800000| PB 0x0000000099800000| Complete 
| 409|0x0000000099900000, 0x0000000099a00000, 0x0000000099a00000|100%|HC|  |TAMS 0x0000000099900000| PB 0x0000000099900000| Complete 
| 410|0x0000000099a00000, 0x0000000099b00000, 0x0000000099b00000|100%|HS|  |TAMS 0x0000000099a00000| PB 0x0000000099a00000| Complete 
| 411|0x0000000099b00000, 0x0000000099c00000, 0x0000000099c00000|100%|HC|  |TAMS 0x0000000099b00000| PB 0x0000000099b00000| Complete 
| 412|0x0000000099c00000, 0x0000000099d00000, 0x0000000099d00000|100%|HS|  |TAMS 0x0000000099c00000| PB 0x0000000099c00000| Complete 
| 413|0x0000000099d00000, 0x0000000099e00000, 0x0000000099e00000|100%|HC|  |TAMS 0x0000000099d00000| PB 0x0000000099d00000| Complete 
| 414|0x0000000099e00000, 0x0000000099f00000, 0x0000000099f00000|100%|HS|  |TAMS 0x0000000099e00000| PB 0x0000000099e00000| Complete 
| 415|0x0000000099f00000, 0x000000009a000000, 0x000000009a000000|100%|HC|  |TAMS 0x0000000099f00000| PB 0x0000000099f00000| Complete 
| 416|0x000000009a000000, 0x000000009a100000, 0x000000009a100000|100%|HS|  |TAMS 0x000000009a000000| PB 0x000000009a000000| Complete 
| 417|0x000000009a100000, 0x000000009a200000, 0x000000009a200000|100%|HC|  |TAMS 0x000000009a100000| PB 0x000000009a100000| Complete 
| 418|0x000000009a200000, 0x000000009a300000, 0x000000009a300000|100%|HS|  |TAMS 0x000000009a200000| PB 0x000000009a200000| Complete 
| 419|0x000000009a300000, 0x000000009a400000, 0x000000009a400000|100%|HC|  |TAMS 0x000000009a300000| PB 0x000000009a300000| Complete 
| 420|0x000000009a400000, 0x000000009a500000, 0x000000009a500000|100%|HS|  |TAMS 0x000000009a400000| PB 0x000000009a400000| Complete 
| 421|0x000000009a500000, 0x000000009a600000, 0x000000009a600000|100%|HC|  |TAMS 0x000000009a500000| PB 0x000000009a500000| Complete 
| 422|0x000000009a600000, 0x000000009a700000, 0x000000009a700000|100%|HS|  |TAMS 0x000000009a600000| PB 0x000000009a600000| Complete 
| 423|0x000000009a700000, 0x000000009a800000, 0x000000009a800000|100%|HC|  |TAMS 0x000000009a700000| PB 0x000000009a700000| Complete 
| 424|0x000000009a800000, 0x000000009a900000, 0x000000009a900000|100%|HS|  |TAMS 0x000000009a800000| PB 0x000000009a800000| Complete 
| 425|0x000000009a900000, 0x000000009aa00000, 0x000000009aa00000|100%|HC|  |TAMS 0x000000009a900000| PB 0x000000009a900000| Complete 
| 426|0x000000009aa00000, 0x000000009ab00000, 0x000000009ab00000|100%|HS|  |TAMS 0x000000009aa00000| PB 0x000000009aa00000| Complete 
| 427|0x000000009ab00000, 0x000000009ac00000, 0x000000009ac00000|100%|HC|  |TAMS 0x000000009ab00000| PB 0x000000009ab00000| Complete 
| 428|0x000000009ac00000, 0x000000009ad00000, 0x000000009ad00000|100%|HS|  |TAMS 0x000000009ac00000| PB 0x000000009ac00000| Complete 
| 429|0x000000009ad00000, 0x000000009ae00000, 0x000000009ae00000|100%|HC|  |TAMS 0x000000009ad00000| PB 0x000000009ad00000| Complete 
| 430|0x000000009ae00000, 0x000000009af00000, 0x000000009af00000|100%|HS|  |TAMS 0x000000009ae00000| PB 0x000000009ae00000| Complete 
| 431|0x000000009af00000, 0x000000009b000000, 0x000000009b000000|100%|HC|  |TAMS 0x000000009af00000| PB 0x000000009af00000| Complete 
| 432|0x000000009b000000, 0x000000009b100000, 0x000000009b100000|100%|HS|  |TAMS 0x000000009b000000| PB 0x000000009b000000| Complete 
| 433|0x000000009b100000, 0x000000009b200000, 0x000000009b200000|100%|HC|  |TAMS 0x000000009b100000| PB 0x000000009b100000| Complete 
| 434|0x000000009b200000, 0x000000009b300000, 0x000000009b300000|100%|HS|  |TAMS 0x000000009b200000| PB 0x000000009b200000| Complete 
| 435|0x000000009b300000, 0x000000009b400000, 0x000000009b400000|100%|HC|  |TAMS 0x000000009b300000| PB 0x000000009b300000| Complete 
| 436|0x000000009b400000, 0x000000009b4f4650, 0x000000009b500000| 95%| E|  |TAMS 0x000000009b400000| PB 0x000000009b400000| Complete 
| 437|0x000000009b500000, 0x000000009b600000, 0x000000009b600000|100%| E|CS|TAMS 0x000000009b500000| PB 0x000000009b500000| Complete 
| 438|0x000000009b600000, 0x000000009b6fff80, 0x000000009b700000| 99%| E|  |TAMS 0x000000009b600000| PB 0x000000009b600000| Complete 
| 439|0x000000009b700000, 0x000000009b800000, 0x000000009b800000|100%| E|CS|TAMS 0x000000009b700000| PB 0x000000009b700000| Complete 
| 440|0x000000009b800000, 0x000000009b900000, 0x000000009b900000|100%| E|CS|TAMS 0x000000009b800000| PB 0x000000009b800000| Complete 
| 441|0x000000009b900000, 0x000000009ba00000, 0x000000009ba00000|100%| E|CS|TAMS 0x000000009b900000| PB 0x000000009b900000| Complete 
| 442|0x000000009ba00000, 0x000000009bb00000, 0x000000009bb00000|100%| E|CS|TAMS 0x000000009ba00000| PB 0x000000009ba00000| Complete 
| 443|0x000000009bb00000, 0x000000009bc00000, 0x000000009bc00000|100%| E|CS|TAMS 0x000000009bb00000| PB 0x000000009bb00000| Complete 
| 444|0x000000009bc00000, 0x000000009bd00000, 0x000000009bd00000|100%| E|CS|TAMS 0x000000009bc00000| PB 0x000000009bc00000| Complete 
| 445|0x000000009bd00000, 0x000000009be00000, 0x000000009be00000|100%| E|CS|TAMS 0x000000009bd00000| PB 0x000000009bd00000| Complete 
| 446|0x000000009be00000, 0x000000009bf00000, 0x000000009bf00000|100%| E|CS|TAMS 0x000000009be00000| PB 0x000000009be00000| Complete 
| 447|0x000000009bf00000, 0x000000009c000000, 0x000000009c000000|100%| E|CS|TAMS 0x000000009bf00000| PB 0x000000009bf00000| Complete 
| 448|0x000000009c000000, 0x000000009c100000, 0x000000009c100000|100%| E|CS|TAMS 0x000000009c000000| PB 0x000000009c000000| Complete 
| 449|0x000000009c100000, 0x000000009c200000, 0x000000009c200000|100%| E|CS|TAMS 0x000000009c100000| PB 0x000000009c100000| Complete 
| 450|0x000000009c200000, 0x000000009c300000, 0x000000009c300000|100%| E|CS|TAMS 0x000000009c200000| PB 0x000000009c200000| Complete 
| 451|0x000000009c300000, 0x000000009c400000, 0x000000009c400000|100%| E|CS|TAMS 0x000000009c300000| PB 0x000000009c300000| Complete 
| 452|0x000000009c400000, 0x000000009c500000, 0x000000009c500000|100%| E|CS|TAMS 0x000000009c400000| PB 0x000000009c400000| Complete 
| 453|0x000000009c500000, 0x000000009c600000, 0x000000009c600000|100%| E|CS|TAMS 0x000000009c500000| PB 0x000000009c500000| Complete 
| 454|0x000000009c600000, 0x000000009c700000, 0x000000009c700000|100%| E|CS|TAMS 0x000000009c600000| PB 0x000000009c600000| Complete 
| 455|0x000000009c700000, 0x000000009c800000, 0x000000009c800000|100%| E|CS|TAMS 0x000000009c700000| PB 0x000000009c700000| Complete 
| 456|0x000000009c800000, 0x000000009c900000, 0x000000009c900000|100%| E|CS|TAMS 0x000000009c800000| PB 0x000000009c800000| Complete 
| 457|0x000000009c900000, 0x000000009ca00000, 0x000000009ca00000|100%| E|CS|TAMS 0x000000009c900000| PB 0x000000009c900000| Complete 
| 458|0x000000009ca00000, 0x000000009cb00000, 0x000000009cb00000|100%| E|CS|TAMS 0x000000009ca00000| PB 0x000000009ca00000| Complete 
| 459|0x000000009cb00000, 0x000000009cc00000, 0x000000009cc00000|100%| E|CS|TAMS 0x000000009cb00000| PB 0x000000009cb00000| Complete 
| 460|0x000000009cc00000, 0x000000009cd00000, 0x000000009cd00000|100%| E|CS|TAMS 0x000000009cc00000| PB 0x000000009cc00000| Complete 
|2020|0x00000000fe400000, 0x00000000fe500000, 0x00000000fe500000|100%| O|  |TAMS 0x00000000fe400000| PB 0x00000000fe400000| Untracked 
|2021|0x00000000fe500000, 0x00000000fe600000, 0x00000000fe600000|100%| E|CS|TAMS 0x00000000fe500000| PB 0x00000000fe500000| Complete 
|2022|0x00000000fe600000, 0x00000000fe700000, 0x00000000fe700000|100%| E|CS|TAMS 0x00000000fe600000| PB 0x00000000fe600000| Complete 
|2023|0x00000000fe700000, 0x00000000fe800000, 0x00000000fe800000|100%| O|  |TAMS 0x00000000fe700000| PB 0x00000000fe700000| Untracked 
|2024|0x00000000fe800000, 0x00000000fe900000, 0x00000000fe900000|100%| O|  |TAMS 0x00000000fe800000| PB 0x00000000fe800000| Untracked 
|2025|0x00000000fe900000, 0x00000000fe97c900, 0x00000000fea00000| 48%| S|CS|TAMS 0x00000000fe900000| PB 0x00000000fe900000| Complete 
|2026|0x00000000fea00000, 0x00000000feb00000, 0x00000000feb00000|100%| O|  |TAMS 0x00000000fea00000| PB 0x00000000fea00000| Untracked 
|2027|0x00000000feb00000, 0x00000000fec00000, 0x00000000fec00000|100%| O|  |TAMS 0x00000000feb00000| PB 0x00000000feb00000| Untracked 
|2028|0x00000000fec00000, 0x00000000fed00000, 0x00000000fed00000|100%| O|  |TAMS 0x00000000fec00000| PB 0x00000000fec00000| Untracked 
|2029|0x00000000fed00000, 0x00000000fee00000, 0x00000000fee00000|100%| O|  |TAMS 0x00000000fed00000| PB 0x00000000fed00000| Untracked 
|2030|0x00000000fee00000, 0x00000000fef00000, 0x00000000fef00000|100%| O|  |TAMS 0x00000000fee00000| PB 0x00000000fee00000| Untracked 
|2031|0x00000000fef00000, 0x00000000ff000000, 0x00000000ff000000|100%| O|  |TAMS 0x00000000fef00000| PB 0x00000000fef00000| Untracked 
|2032|0x00000000ff000000, 0x00000000ff100000, 0x00000000ff100000|100%| S|CS|TAMS 0x00000000ff000000| PB 0x00000000ff000000| Complete 
|2033|0x00000000ff100000, 0x00000000ff200000, 0x00000000ff200000|100%| O|  |TAMS 0x00000000ff100000| PB 0x00000000ff100000| Untracked 
|2034|0x00000000ff200000, 0x00000000ff300000, 0x00000000ff300000|100%| S|CS|TAMS 0x00000000ff200000| PB 0x00000000ff200000| Complete 
|2035|0x00000000ff300000, 0x00000000ff400000, 0x00000000ff400000|100%| E|CS|TAMS 0x00000000ff300000| PB 0x00000000ff300000| Complete 
|2036|0x00000000ff400000, 0x00000000ff500000, 0x00000000ff500000|100%| O|  |TAMS 0x00000000ff400000| PB 0x00000000ff400000| Untracked 
|2037|0x00000000ff500000, 0x00000000ff600000, 0x00000000ff600000|100%| E|CS|TAMS 0x00000000ff500000| PB 0x00000000ff500000| Complete 
|2038|0x00000000ff600000, 0x00000000ff700000, 0x00000000ff700000|100%| E|CS|TAMS 0x00000000ff600000| PB 0x00000000ff600000| Complete 
|2039|0x00000000ff700000, 0x00000000ff800000, 0x00000000ff800000|100%| E|CS|TAMS 0x00000000ff700000| PB 0x00000000ff700000| Complete 
|2040|0x00000000ff800000, 0x00000000ff900000, 0x00000000ff900000|100%| O|  |TAMS 0x00000000ff800000| PB 0x00000000ff800000| Untracked 
|2041|0x00000000ff900000, 0x00000000ffa00000, 0x00000000ffa00000|100%| O|  |TAMS 0x00000000ff900000| PB 0x00000000ff900000| Untracked 
|2042|0x00000000ffa00000, 0x00000000ffb00000, 0x00000000ffb00000|100%| O|  |TAMS 0x00000000ffa00000| PB 0x00000000ffa00000| Untracked 
|2043|0x00000000ffb00000, 0x00000000ffc00000, 0x00000000ffc00000|100%| O|  |TAMS 0x00000000ffb00000| PB 0x00000000ffb00000| Untracked 
|2044|0x00000000ffc00000, 0x00000000ffd00000, 0x00000000ffd00000|100%| O|  |TAMS 0x00000000ffc00000| PB 0x00000000ffc00000| Untracked 
|2045|0x00000000ffd00000, 0x00000000ffe00000, 0x00000000ffe00000|100%| O|  |TAMS 0x00000000ffd00000| PB 0x00000000ffd00000| Untracked 
|2046|0x00000000ffe00000, 0x00000000fff00000, 0x00000000fff00000|100%| O|  |TAMS 0x00000000ffe00000| PB 0x00000000ffe00000| Untracked 
|2047|0x00000000fff00000, 0x0000000100000000, 0x0000000100000000|100%| O|  |TAMS 0x00000000fff00000| PB 0x00000000fff00000| Untracked 

Card table byte_map: [0x0000022a77770000,0x0000022a77b70000] _byte_map_base: 0x0000022a77370000

Marking Bits: (CMBitMap*) 0x0000022a73f5ba50
 Bits: [0x0000022a77b70000, 0x0000022a79b70000)

Polling page: 0x0000022a71ec0000

Metaspace:

Usage:
  Non-class:    126.25 MB used.
      Class:     19.86 MB used.
       Both:    146.10 MB used.

Virtual space:
  Non-class space:      192.00 MB reserved,     127.38 MB ( 66%) committed,  3 nodes.
      Class space:        1.00 GB reserved,      21.00 MB (  2%) committed,  1 nodes.
             Both:        1.19 GB reserved,     148.38 MB ( 12%) committed. 

Chunk freelists:
   Non-Class:  15.73 MB
       Class:  11.04 MB
        Both:  26.78 MB

MaxMetaspaceSize: unlimited
CompressedClassSpaceSize: 1.00 GB
Initial GC threshold: 21.00 MB
Current GC threshold: 247.19 MB
CDS: off
 - commit_granule_bytes: 65536.
 - commit_granule_words: 8192.
 - virtual_space_node_default_size: 8388608.
 - enlarge_chunks_in_place: 1.
 - use_allocation_guard: 0.


Internal statistics:

num_allocs_failed_limit: 12.
num_arena_births: 4580.
num_arena_deaths: 36.
num_vsnodes_births: 4.
num_vsnodes_deaths: 0.
num_space_committed: 2369.
num_space_uncommitted: 0.
num_chunks_returned_to_freelist: 63.
num_chunks_taken_from_freelist: 10864.
num_chunk_merges: 26.
num_chunk_splits: 7175.
num_chunks_enlarged: 4680.
num_inconsistent_stats: 0.

CodeHeap 'non-profiled nmethods': size=120000Kb used=15395Kb max_used=16012Kb free=104604Kb
 bounds [0x0000022a07ad0000, 0x0000022a08b10000, 0x0000022a0f000000]
CodeHeap 'profiled nmethods': size=120000Kb used=39344Kb max_used=46175Kb free=80655Kb
 bounds [0x0000022a00000000, 0x0000022a02d70000, 0x0000022a07530000]
CodeHeap 'non-nmethods': size=5760Kb used=2226Kb max_used=2357Kb free=3533Kb
 bounds [0x0000022a07530000, 0x0000022a077a0000, 0x0000022a07ad0000]
 total_blobs=20539 nmethods=19602 adapters=839
 compilation: enabled
              stopped_count=0, restarted_count=0
 full_count=0

Compilation events (20 events):
Event: 166.869 Thread 0x0000022a7c7e18c0 27283       3       org.gradle.internal.hash.HashingOutputStream::hash (10 bytes)
Event: 166.869 Thread 0x0000022a7c7e18c0 nmethod 27283 0x0000022a01422e90 code [0x0000022a014230a0, 0x0000022a014236b0]
Event: 166.870 Thread 0x0000022a7c7e18c0 27278       3       org.gradle.internal.hash.Hashing$MessageDigestHashFunction::hashStream (16 bytes)
Event: 166.871 Thread 0x0000022a7c7e18c0 nmethod 27278 0x0000022a00f91690 code [0x0000022a00f91980, 0x0000022a00f929f8]
Event: 166.871 Thread 0x0000022a7c7e18c0 27279       3       org.gradle.internal.hash.Hashing$MessageDigestHashFunction::primitiveStreamHasher (12 bytes)
Event: 166.872 Thread 0x0000022a7c7e18c0 nmethod 27279 0x0000022a00a80910 code [0x0000022a00a80b80, 0x0000022a00a817b0]
Event: 166.873 Thread 0x0000022a7c7e18c0 27285   !   3       org.gradle.api.internal.file.archive.impl.FileZipInput$FileZipEntry::withInputStream (28 bytes)
Event: 166.874 Thread 0x0000022a7c7e18c0 nmethod 27285 0x0000022a003d5890 code [0x0000022a003d5b40, 0x0000022a003d6928]
Event: 166.880 Thread 0x0000022a7c7e18c0 27286   !   3       org.gradle.internal.snapshot.impl.JavaSerializedValueSnapshot::javaDeserialized (55 bytes)
Event: 166.881 Thread 0x0000022a7c7e18c0 nmethod 27286 0x0000022a00a30e10 code [0x0000022a00a310e0, 0x0000022a00a31d58]
Event: 166.881 Thread 0x0000022a7c7e18c0 27287       3       org.gradle.internal.serialize.ClassLoaderObjectInputStream::<init> (11 bytes)
Event: 166.881 Thread 0x0000022a7c7e18c0 nmethod 27287 0x0000022a00f6ed90 code [0x0000022a00f6ef40, 0x0000022a00f6f0e0]
Event: 166.881 Thread 0x0000022a7c7e18c0 27288       3       java.io.ObjectInputStream::<init> (98 bytes)
Event: 166.882 Thread 0x0000022a7c7e18c0 nmethod 27288 0x0000022a00a6fd10 code [0x0000022a00a6ffc0, 0x0000022a00a70bf8]
Event: 166.882 Thread 0x0000022a7c7e18c0 27289       3       java.io.ObjectInputStream::verifySubclass (47 bytes)
Event: 166.883 Thread 0x0000022a7c7e18c0 nmethod 27289 0x0000022a021f4490 code [0x0000022a021f4640, 0x0000022a021f48c0]
Event: 166.883 Thread 0x0000022a7c7e18c0 27290       3       java.io.ObjectInputFilter$Config::getSerialFilterFactory (21 bytes)
Event: 166.883 Thread 0x0000022a7c7e18c0 nmethod 27290 0x0000022a0294f210 code [0x0000022a0294f3e0, 0x0000022a0294f680]
Event: 166.883 Thread 0x0000022a7c7e18c0 27291       3       java.io.ObjectInputFilter$Config::getSerialFilter (21 bytes)
Event: 166.883 Thread 0x0000022a7c7e18c0 nmethod 27291 0x0000022a010b4310 code [0x0000022a010b44a0, 0x0000022a010b45a8]

GC Heap History (20 events):
Event: 142.282 GC heap before
{Heap before GC invocations=54 (full 0):
 garbage-first heap   total 499712K, used 429802K [0x0000000080000000, 0x0000000100000000)
  region size 1024K, 292 young (299008K), 2 survivors (2048K)
 Metaspace       used 123995K, committed 126272K, reserved 1179648K
  class space    used 16799K, committed 17984K, reserved 1048576K
}
Event: 142.325 GC heap after
{Heap after GC invocations=55 (full 0):
 garbage-first heap   total 499712K, used 154841K [0x0000000080000000, 0x0000000100000000)
  region size 1024K, 26 young (26624K), 26 survivors (26624K)
 Metaspace       used 123995K, committed 126272K, reserved 1179648K
  class space    used 16799K, committed 17984K, reserved 1048576K
}
Event: 146.927 GC heap before
{Heap before GC invocations=55 (full 0):
 garbage-first heap   total 499712K, used 398553K [0x0000000080000000, 0x0000000100000000)
  region size 1024K, 265 young (271360K), 26 survivors (26624K)
 Metaspace       used 134507K, committed 136768K, reserved 1179648K
  class space    used 18238K, committed 19392K, reserved 1048576K
}
Event: 146.998 GC heap after
{Heap after GC invocations=56 (full 0):
 garbage-first heap   total 499712K, used 166712K [0x0000000080000000, 0x0000000100000000)
  region size 1024K, 18 young (18432K), 18 survivors (18432K)
 Metaspace       used 134507K, committed 136768K, reserved 1179648K
  class space    used 18238K, committed 19392K, reserved 1048576K
}
Event: 149.860 GC heap before
{Heap before GC invocations=56 (full 0):
 garbage-first heap   total 499712K, used 418616K [0x0000000080000000, 0x0000000100000000)
  region size 1024K, 265 young (271360K), 18 survivors (18432K)
 Metaspace       used 145027K, committed 147392K, reserved 1179648K
  class space    used 19793K, committed 20992K, reserved 1048576K
}
Event: 149.886 GC heap after
{Heap after GC invocations=57 (full 0):
 garbage-first heap   total 499712K, used 176391K [0x0000000080000000, 0x0000000100000000)
  region size 1024K, 27 young (27648K), 27 survivors (27648K)
 Metaspace       used 145027K, committed 147392K, reserved 1179648K
  class space    used 19793K, committed 20992K, reserved 1048576K
}
Event: 150.313 GC heap before
{Heap before GC invocations=57 (full 0):
 garbage-first heap   total 499712K, used 278791K [0x0000000080000000, 0x0000000100000000)
  region size 1024K, 128 young (131072K), 27 survivors (27648K)
 Metaspace       used 146165K, committed 148544K, reserved 1179648K
  class space    used 19983K, committed 21184K, reserved 1048576K
}
Event: 150.363 GC heap after
{Heap after GC invocations=58 (full 0):
 garbage-first heap   total 499712K, used 175640K [0x0000000080000000, 0x0000000100000000)
  region size 1024K, 11 young (11264K), 11 survivors (11264K)
 Metaspace       used 146165K, committed 148544K, reserved 1179648K
  class space    used 19983K, committed 21184K, reserved 1048576K
}
Event: 152.227 GC heap before
{Heap before GC invocations=59 (full 0):
 garbage-first heap   total 499712K, used 452120K [0x0000000080000000, 0x0000000100000000)
  region size 1024K, 282 young (288768K), 11 survivors (11264K)
 Metaspace       used 147091K, committed 149504K, reserved 1179648K
  class space    used 20112K, committed 21312K, reserved 1048576K
}
Event: 152.250 GC heap after
{Heap after GC invocations=60 (full 0):
 garbage-first heap   total 499712K, used 183832K [0x0000000080000000, 0x0000000100000000)
  region size 1024K, 19 young (19456K), 19 survivors (19456K)
 Metaspace       used 147091K, committed 149504K, reserved 1179648K
  class space    used 20112K, committed 21312K, reserved 1048576K
}
Event: 153.181 GC heap before
{Heap before GC invocations=60 (full 0):
 garbage-first heap   total 499712K, used 454168K [0x0000000080000000, 0x0000000100000000)
  region size 1024K, 283 young (289792K), 19 survivors (19456K)
 Metaspace       used 147392K, committed 149760K, reserved 1179648K
  class space    used 20130K, committed 21312K, reserved 1048576K
}
Event: 153.215 GC heap after
{Heap after GC invocations=61 (full 0):
 garbage-first heap   total 499712K, used 179493K [0x0000000080000000, 0x0000000100000000)
  region size 1024K, 21 young (21504K), 21 survivors (21504K)
 Metaspace       used 147392K, committed 149760K, reserved 1179648K
  class space    used 20130K, committed 21312K, reserved 1048576K
}
Event: 154.080 GC heap before
{Heap before GC invocations=61 (full 0):
 garbage-first heap   total 499712K, used 451877K [0x0000000080000000, 0x0000000100000000)
  region size 1024K, 287 young (293888K), 21 survivors (21504K)
 Metaspace       used 147536K, committed 149888K, reserved 1179648K
  class space    used 20143K, committed 21312K, reserved 1048576K
}
Event: 154.114 GC heap after
{Heap after GC invocations=62 (full 0):
 garbage-first heap   total 499712K, used 179164K [0x0000000080000000, 0x0000000100000000)
  region size 1024K, 13 young (13312K), 13 survivors (13312K)
 Metaspace       used 147536K, committed 149888K, reserved 1179648K
  class space    used 20143K, committed 21312K, reserved 1048576K
}
Event: 155.677 GC heap before
{Heap before GC invocations=63 (full 0):
 garbage-first heap   total 499712K, used 464860K [0x0000000080000000, 0x0000000100000000)
  region size 1024K, 288 young (294912K), 13 survivors (13312K)
 Metaspace       used 147687K, committed 150016K, reserved 1179648K
  class space    used 20142K, committed 21312K, reserved 1048576K
}
Event: 155.690 GC heap after
{Heap after GC invocations=64 (full 0):
 garbage-first heap   total 499712K, used 178176K [0x0000000080000000, 0x0000000100000000)
  region size 1024K, 12 young (12288K), 12 survivors (12288K)
 Metaspace       used 147687K, committed 150016K, reserved 1179648K
  class space    used 20142K, committed 21312K, reserved 1048576K
}
Event: 160.517 GC heap before
{Heap before GC invocations=64 (full 0):
 garbage-first heap   total 499712K, used 467968K [0x0000000080000000, 0x0000000100000000)
  region size 1024K, 289 young (295936K), 12 survivors (12288K)
 Metaspace       used 149506K, committed 151872K, reserved 1245184K
  class space    used 20325K, committed 21504K, reserved 1048576K
}
Event: 160.748 GC heap after
{Heap after GC invocations=65 (full 0):
 garbage-first heap   total 500736K, used 191097K [0x0000000080000000, 0x0000000100000000)
  region size 1024K, 26 young (26624K), 26 survivors (26624K)
 Metaspace       used 149506K, committed 151872K, reserved 1245184K
  class space    used 20325K, committed 21504K, reserved 1048576K
}
Event: 160.817 GC heap before
{Heap before GC invocations=65 (full 0):
 garbage-first heap   total 500736K, used 194169K [0x0000000080000000, 0x0000000100000000)
  region size 1024K, 30 young (30720K), 26 survivors (26624K)
 Metaspace       used 149506K, committed 151872K, reserved 1245184K
  class space    used 20325K, committed 21504K, reserved 1048576K
}
Event: 161.014 GC heap after
{Heap after GC invocations=66 (full 0):
 garbage-first heap   total 500736K, used 189938K [0x0000000080000000, 0x0000000100000000)
  region size 1024K, 3 young (3072K), 3 survivors (3072K)
 Metaspace       used 149506K, committed 151872K, reserved 1245184K
  class space    used 20325K, committed 21504K, reserved 1048576K
}

Dll operation events (3 events):
Event: 0.024 Loaded shared library C:\Program Files\Android\Android Studio\jbr\bin\java.dll
Event: 0.032 Loaded shared library C:\Program Files\Android\Android Studio\jbr\bin\zip.dll
Event: 0.791 Loaded shared library C:\Program Files\Android\Android Studio\jbr\bin\verify.dll

Deoptimization events (20 events):
Event: 164.347 Thread 0x0000022a150e90f0 Uncommon trap: trap_request=0xffffff45 fr.pc=0x0000022a07e85800 relative=0x00000000000008a0
Event: 164.347 Thread 0x0000022a150e90f0 Uncommon trap: reason=unstable_if action=reinterpret pc=0x0000022a07e85800 method=org.gradle.internal.snapshot.PathUtil.equalChars(CCLorg/gradle/internal/snapshot/CaseSensitivity;)Z @ 40 c2
Event: 164.347 Thread 0x0000022a150e90f0 DEOPT PACKING pc=0x0000022a07e85800 sp=0x0000003a827fc350
Event: 164.347 Thread 0x0000022a150e90f0 DEOPT UNPACKING pc=0x0000022a075846a2 sp=0x0000003a827fc260 mode 2
Event: 164.679 Thread 0x0000022a150e90f0 Uncommon trap: trap_request=0xffffffde fr.pc=0x0000022a07d4c78c relative=0x000000000000098c
Event: 164.679 Thread 0x0000022a150e90f0 Uncommon trap: reason=class_check action=maybe_recompile pc=0x0000022a07d4c78c method=com.google.common.collect.AbstractMapBasedMultimap.createMaybeNavigableKeySet()Ljava/util/Set; @ 4 c2
Event: 164.679 Thread 0x0000022a150e90f0 DEOPT PACKING pc=0x0000022a07d4c78c sp=0x0000003a827f8910
Event: 164.679 Thread 0x0000022a150e90f0 DEOPT UNPACKING pc=0x0000022a075846a2 sp=0x0000003a827f8810 mode 2
Event: 164.679 Thread 0x0000022a150e90f0 Uncommon trap: trap_request=0xffffffde fr.pc=0x0000022a07bfe93c relative=0x00000000000004dc
Event: 164.679 Thread 0x0000022a150e90f0 Uncommon trap: reason=class_check action=maybe_recompile pc=0x0000022a07bfe93c method=com.google.common.collect.AbstractMapBasedMultimap$KeySet.iterator()Ljava/util/Iterator; @ 4 c2
Event: 164.679 Thread 0x0000022a150e90f0 DEOPT PACKING pc=0x0000022a07bfe93c sp=0x0000003a827f8910
Event: 164.679 Thread 0x0000022a150e90f0 DEOPT UNPACKING pc=0x0000022a075846a2 sp=0x0000003a827f88d8 mode 2
Event: 164.679 Thread 0x0000022a150e90f0 Uncommon trap: trap_request=0xffffffde fr.pc=0x0000022a0814b18c relative=0x00000000000012cc
Event: 164.679 Thread 0x0000022a150e90f0 Uncommon trap: reason=class_check action=maybe_recompile pc=0x0000022a0814b18c method=org.gradle.internal.component.model.GraphVariantSelector.filterVariantsByRequestedCapabilities(Lorg/gradle/internal/component/model/ComponentGraphResolveMetadata;Ljava/u
Event: 164.679 Thread 0x0000022a150e90f0 DEOPT PACKING pc=0x0000022a0814b18c sp=0x0000003a827f8e30
Event: 164.679 Thread 0x0000022a150e90f0 DEOPT UNPACKING pc=0x0000022a075846a2 sp=0x0000003a827f8e38 mode 2
Event: 164.751 Thread 0x0000022a150e90f0 Uncommon trap: trap_request=0xffffffde fr.pc=0x0000022a0814b18c relative=0x00000000000012cc
Event: 165.709 Thread 0x0000022a150e90f0 Uncommon trap: reason=class_check action=maybe_recompile pc=0x0000022a0814b18c method=org.gradle.internal.component.model.GraphVariantSelector.filterVariantsByRequestedCapabilities(Lorg/gradle/internal/component/model/ComponentGraphResolveMetadata;Ljava/u
Event: 165.725 Thread 0x0000022a150e90f0 DEOPT PACKING pc=0x0000022a0814b18c sp=0x0000003a827f9c70
Event: 165.725 Thread 0x0000022a150e90f0 DEOPT UNPACKING pc=0x0000022a075846a2 sp=0x0000003a827f9c50 mode 2

Classes loaded (20 events):
Event: 151.243 Loading class java/util/zip/Adler32
Event: 151.247 Loading class java/util/zip/Adler32 done
Event: 151.409 Loading class java/nio/file/Files$2
Event: 151.411 Loading class java/nio/file/Files$2 done
Event: 151.693 Loading class java/util/concurrent/ConcurrentHashMap$TreeNode
Event: 151.734 Loading class java/util/concurrent/ConcurrentHashMap$TreeNode done
Event: 151.734 Loading class java/util/concurrent/ConcurrentHashMap$TreeBin
Event: 151.736 Loading class java/util/concurrent/ConcurrentHashMap$TreeBin done
Event: 157.290 Loading class java/nio/file/FileTreeIterator
Event: 157.296 Loading class java/nio/file/FileTreeIterator done
Event: 158.274 Loading class java/util/AbstractList$RandomAccessSubList
Event: 158.274 Loading class java/util/AbstractList$RandomAccessSubList done
Event: 158.312 Loading class java/nio/HeapShortBuffer
Event: 158.315 Loading class java/nio/HeapShortBuffer done
Event: 159.517 Loading class java/nio/channels/Channels$WritableByteChannelImpl
Event: 159.517 Loading class java/nio/channels/Channels$WritableByteChannelImpl done
Event: 159.524 Loading class java/util/Collections$UnmodifiableSortedMap
Event: 159.531 Loading class java/util/Collections$UnmodifiableSortedMap done
Event: 159.531 Loading class java/nio/StringCharBuffer
Event: 159.546 Loading class java/nio/StringCharBuffer done

Classes unloaded (18 events):
Event: 154.367 Thread 0x0000022a7c5b53f0 Unloading class 0x0000000101258c00 'java/lang/invoke/LambdaForm$DMH+0x0000000101258c00'
Event: 154.367 Thread 0x0000022a7c5b53f0 Unloading class 0x0000000101258400 'java/lang/invoke/LambdaForm$DMH+0x0000000101258400'
Event: 154.367 Thread 0x0000022a7c5b53f0 Unloading class 0x0000000101258800 'java/lang/invoke/LambdaForm$DMH+0x0000000101258800'
Event: 154.367 Thread 0x0000022a7c5b53f0 Unloading class 0x0000000101259000 'java/lang/invoke/LambdaForm$DMH+0x0000000101259000'
Event: 161.236 Thread 0x0000022a7c5b53f0 Unloading class 0x00000001013f1000 'java/lang/invoke/LambdaForm$DMH+0x00000001013f1000'
Event: 161.236 Thread 0x0000022a7c5b53f0 Unloading class 0x00000001013f0c00 'java/lang/invoke/LambdaForm$DMH+0x00000001013f0c00'
Event: 161.236 Thread 0x0000022a7c5b53f0 Unloading class 0x00000001013f0800 'java/lang/invoke/LambdaForm$DMH+0x00000001013f0800'
Event: 161.236 Thread 0x0000022a7c5b53f0 Unloading class 0x00000001013f0000 'java/lang/invoke/LambdaForm$DMH+0x00000001013f0000'
Event: 161.236 Thread 0x0000022a7c5b53f0 Unloading class 0x00000001013b4400 'java/lang/invoke/LambdaForm$DMH+0x00000001013b4400'
Event: 161.236 Thread 0x0000022a7c5b53f0 Unloading class 0x00000001013b4000 'java/lang/invoke/LambdaForm$DMH+0x00000001013b4000'
Event: 161.236 Thread 0x0000022a7c5b53f0 Unloading class 0x0000000101326000 'java/lang/invoke/LambdaForm$DMH+0x0000000101326000'
Event: 161.236 Thread 0x0000022a7c5b53f0 Unloading class 0x0000000101325400 'java/lang/invoke/LambdaForm$DMH+0x0000000101325400'
Event: 161.236 Thread 0x0000022a7c5b53f0 Unloading class 0x0000000101325c00 'java/lang/invoke/LambdaForm$DMH+0x0000000101325c00'
Event: 161.236 Thread 0x0000022a7c5b53f0 Unloading class 0x0000000101325800 'java/lang/invoke/LambdaForm$DMH+0x0000000101325800'
Event: 161.236 Thread 0x0000022a7c5b53f0 Unloading class 0x0000000101325000 'java/lang/invoke/LambdaForm$DMH+0x0000000101325000'
Event: 161.236 Thread 0x0000022a7c5b53f0 Unloading class 0x0000000101324000 'java/lang/invoke/LambdaForm$DMH+0x0000000101324000'
Event: 161.236 Thread 0x0000022a7c5b53f0 Unloading class 0x0000000101324400 'java/lang/invoke/LambdaForm$DMH+0x0000000101324400'
Event: 161.236 Thread 0x0000022a7c5b53f0 Unloading class 0x0000000101324800 'java/lang/invoke/LambdaForm$DMH+0x0000000101324800'

Classes redefined (0 events):
No events

Internal exceptions (20 events):
Event: 157.121 Thread 0x0000022a7efb4040 Exception <a 'sun/nio/fs/WindowsException'{0x0000000094abf148}> (0x0000000094abf148) 
thrown [s\src\hotspot\share\prims\jni.cpp, line 535]
Event: 157.247 Thread 0x0000022a131638a0 Exception <a 'sun/nio/fs/WindowsException'{0x000000009430caf8}> (0x000000009430caf8) 
thrown [s\src\hotspot\share\prims\jni.cpp, line 535]
Event: 157.247 Thread 0x0000022a131638a0 Exception <a 'sun/nio/fs/WindowsException'{0x000000009430ccf0}> (0x000000009430ccf0) 
thrown [s\src\hotspot\share\prims\jni.cpp, line 535]
Event: 157.331 Thread 0x0000022a150e83d0 Exception <a 'sun/nio/fs/WindowsException'{0x00000000942943f0}> (0x00000000942943f0) 
thrown [s\src\hotspot\share\prims\jni.cpp, line 535]
Event: 158.280 Thread 0x0000022a1cb28c50 Exception <a 'java/lang/NoSuchMethodError'{0x00000000917ca528}: 'long java.lang.invoke.DirectMethodHandle$Holder.invokeStatic(java.lang.Object, java.lang.Object, java.lang.Object)'> (0x00000000917ca528) 
thrown [s\src\hotspot\share\interpreter\linkResolver.cpp, line 784]
Event: 158.313 Thread 0x0000022a150e83d0 Exception <a 'sun/nio/fs/WindowsException'{0x0000000091358e18}> (0x0000000091358e18) 
thrown [s\src\hotspot\share\prims\jni.cpp, line 535]
Event: 158.313 Thread 0x0000022a150e83d0 Exception <a 'sun/nio/fs/WindowsException'{0x000000009135ad68}> (0x000000009135ad68) 
thrown [s\src\hotspot\share\prims\jni.cpp, line 535]
Event: 158.316 Thread 0x0000022a150e83d0 Exception <a 'sun/nio/fs/WindowsException'{0x000000009135cdc0}> (0x000000009135cdc0) 
thrown [s\src\hotspot\share\prims\jni.cpp, line 535]
Event: 158.798 Thread 0x0000022a150e83d0 Exception <a 'sun/nio/fs/WindowsException'{0x000000008f34cdf0}> (0x000000008f34cdf0) 
thrown [s\src\hotspot\share\prims\jni.cpp, line 535]
Event: 158.798 Thread 0x0000022a150e83d0 Exception <a 'sun/nio/fs/WindowsException'{0x000000008f34df58}> (0x000000008f34df58) 
thrown [s\src\hotspot\share\prims\jni.cpp, line 535]
Event: 158.798 Thread 0x0000022a150e83d0 Exception <a 'sun/nio/fs/WindowsException'{0x000000008f34e0b0}> (0x000000008f34e0b0) 
thrown [s\src\hotspot\share\prims\jni.cpp, line 535]
Event: 158.845 Thread 0x0000022a150e9780 Exception <a 'sun/nio/fs/WindowsException'{0x000000008f1f6268}> (0x000000008f1f6268) 
thrown [s\src\hotspot\share\prims\jni.cpp, line 535]
Event: 158.973 Thread 0x0000022a147df190 Exception <a 'sun/nio/fs/WindowsException'{0x000000008ecaefc0}> (0x000000008ecaefc0) 
thrown [s\src\hotspot\share\prims\jni.cpp, line 535]
Event: 159.228 Thread 0x0000022a1cb27f30 Exception <a 'sun/nio/fs/WindowsException'{0x000000008e3567e8}> (0x000000008e3567e8) 
thrown [s\src\hotspot\share\prims\jni.cpp, line 535]
Event: 159.313 Thread 0x0000022a150e9e10 Exception <a 'sun/nio/fs/WindowsException'{0x000000008e4cf618}> (0x000000008e4cf618) 
thrown [s\src\hotspot\share\prims\jni.cpp, line 535]
Event: 159.314 Thread 0x0000022a150e9e10 Exception <a 'java/lang/NoSuchMethodError'{0x000000008e4d09a8}: 'int java.lang.invoke.Invokers$Holder.invokeExact_MT(java.lang.Object, java.lang.Object, java.lang.Object)'> (0x000000008e4d09a8) 
thrown [s\src\hotspot\share\interpreter\linkResolver.cpp, line 784]
Event: 159.395 Thread 0x0000022a150e9e10 Exception <a 'sun/nio/fs/WindowsException'{0x000000008dfbb3f0}> (0x000000008dfbb3f0) 
thrown [s\src\hotspot\share\prims\jni.cpp, line 535]
Event: 160.311 Thread 0x0000022a1cb25140 Exception <a 'sun/nio/fs/WindowsException'{0x000000008c6781c0}> (0x000000008c6781c0) 
thrown [s\src\hotspot\share\prims\jni.cpp, line 535]
Event: 160.311 Thread 0x0000022a1cb25140 Exception <a 'sun/nio/fs/WindowsException'{0x000000008c6783a8}> (0x000000008c6783a8) 
thrown [s\src\hotspot\share\prims\jni.cpp, line 535]
Event: 161.090 Thread 0x0000022a1cb28c50 Exception <a 'sun/nio/fs/WindowsException'{0x00000000ff7eca40}> (0x00000000ff7eca40) 
thrown [s\src\hotspot\share\prims\jni.cpp, line 535]

ZGC Phase Switch (0 events):
No events

VM Operations (20 events):
Event: 159.970 Executing VM operation: Cleanup done
Event: 160.504 Executing VM operation: G1CollectForAllocation (G1 Evacuation Pause)
Event: 160.749 Executing VM operation: G1CollectForAllocation (G1 Evacuation Pause) done
Event: 160.817 Executing VM operation: G1TryInitiateConcMark (G1 Humongous Allocation)
Event: 161.015 Executing VM operation: G1TryInitiateConcMark (G1 Humongous Allocation) done
Event: 161.235 Executing VM operation: G1PauseRemark
Event: 161.287 Executing VM operation: G1PauseRemark done
Event: 161.414 Executing VM operation: G1PauseCleanup
Event: 161.415 Executing VM operation: G1PauseCleanup done
Event: 163.415 Executing VM operation: Cleanup
Event: 163.415 Executing VM operation: Cleanup done
Event: 164.428 Executing VM operation: Cleanup
Event: 164.428 Executing VM operation: Cleanup done
Event: 165.430 Executing VM operation: Cleanup
Event: 165.725 Executing VM operation: Cleanup done
Event: 165.769 Executing VM operation: HandshakeAllThreads (Deoptimize)
Event: 165.770 Executing VM operation: HandshakeAllThreads (Deoptimize) done
Event: 166.784 Executing VM operation: Cleanup
Event: 166.816 Executing VM operation: Cleanup done
Event: 167.827 Executing VM operation: Cleanup

Events (20 events):
Event: 161.279 Thread 0x0000022a7c5b53f0 flushing nmethod 0x0000022a08859090
Event: 161.279 Thread 0x0000022a7c5b53f0 flushing nmethod 0x0000022a08849810
Event: 161.279 Thread 0x0000022a7c5b53f0 flushing nmethod 0x0000022a08244490
Event: 161.280 Thread 0x0000022a7c5b53f0 flushing nmethod 0x0000022a07fd4b10
Event: 161.280 Thread 0x0000022a7c5b53f0 flushing nmethod 0x0000022a08542890
Event: 161.280 Thread 0x0000022a7c5b53f0 flushing nmethod 0x0000022a082bcd90
Event: 161.280 Thread 0x0000022a7c5b53f0 flushing nmethod 0x0000022a0822e710
Event: 161.280 Thread 0x0000022a7c5b53f0 flushing nmethod 0x0000022a07ed5110
Event: 161.280 Thread 0x0000022a7c5b53f0 flushing nmethod 0x0000022a07ed4390
Event: 161.280 Thread 0x0000022a7c5b53f0 flushing nmethod 0x0000022a083d1b10
Event: 161.280 Thread 0x0000022a7c5b53f0 flushing nmethod 0x0000022a08303410
Event: 161.280 Thread 0x0000022a7c5b53f0 flushing nmethod 0x0000022a07dc9010
Event: 161.689 Thread 0x0000022a7cf42460 Thread exited: 0x0000022a7cf42460
Event: 162.257 Thread 0x0000022a235a4470 Thread added: 0x0000022a235a4470
Event: 162.258 Thread 0x0000022a235a6bd0 Thread added: 0x0000022a235a6bd0
Event: 162.262 Thread 0x0000022a235a7f80 Thread added: 0x0000022a235a7f80
Event: 162.263 Thread 0x0000022a235a8ca0 Thread added: 0x0000022a235a8ca0
Event: 162.415 Thread 0x0000022a13d99940 Thread exited: 0x0000022a13d99940
Event: 162.438 Thread 0x0000022a7f382560 Thread exited: 0x0000022a7f382560
Event: 164.689 Thread 0x0000022a1ccb4180 Thread added: 0x0000022a1ccb4180


Dynamic libraries:
0x00007ff742e60000 - 0x00007ff742e6a000 	C:\Program Files\Android\Android Studio\jbr\bin\java.exe
0x00007ffa0a1c0000 - 0x00007ffa0a428000 	C:\WINDOWS\SYSTEM32\ntdll.dll
0x00007ffa08a40000 - 0x00007ffa08b09000 	C:\WINDOWS\System32\KERNEL32.DLL
0x00007ffa06b30000 - 0x00007ffa06f21000 	C:\WINDOWS\System32\KERNELBASE.dll
0x0000000058bf0000 - 0x0000000058c96000 	C:\WINDOWS\System32\SYSFER.DLL
0x00007ffa07b40000 - 0x00007ffa07c8b000 	C:\WINDOWS\System32\ucrtbase.dll
0x00007ff9dd5c0000 - 0x00007ff9dd5d8000 	C:\Program Files\Android\Android Studio\jbr\bin\jli.dll
0x00007ff9ee510000 - 0x00007ff9ee52b000 	C:\Program Files\Android\Android Studio\jbr\bin\VCRUNTIME140.dll
0x00007ffa08550000 - 0x00007ffa08716000 	C:\WINDOWS\System32\USER32.dll
0x00007ffa07f30000 - 0x00007ffa07f57000 	C:\WINDOWS\System32\win32u.dll
0x00007ff9f0e00000 - 0x00007ff9f1093000 	C:\WINDOWS\WinSxS\amd64_microsoft.windows.common-controls_6595b64144ccf1df_6.0.26100.7824_none_3e0870b2e3345462\COMCTL32.dll
0x00007ffa08720000 - 0x00007ffa0874b000 	C:\WINDOWS\System32\GDI32.dll
0x00007ffa08c30000 - 0x00007ffa08cd9000 	C:\WINDOWS\System32\msvcrt.dll
0x00007ffa07c90000 - 0x00007ffa07dbb000 	C:\WINDOWS\System32\gdi32full.dll
0x00007ffa07220000 - 0x00007ffa072c3000 	C:\WINDOWS\System32\msvcp_win.dll
0x00007ffa08750000 - 0x00007ffa08781000 	C:\WINDOWS\System32\IMM32.DLL
0x00007ff9f8540000 - 0x00007ff9f854c000 	C:\Program Files\Android\Android Studio\jbr\bin\vcruntime140_1.dll
0x00007ff995830000 - 0x00007ff9958bd000 	C:\Program Files\Android\Android Studio\jbr\bin\msvcp140.dll
0x00007ff939440000 - 0x00007ff93a0bd000 	C:\Program Files\Android\Android Studio\jbr\bin\server\jvm.dll
0x00007ffa09160000 - 0x00007ffa09214000 	C:\WINDOWS\System32\ADVAPI32.dll
0x00007ffa09a90000 - 0x00007ffa09b36000 	C:\WINDOWS\System32\sechost.dll
0x00007ffa07fe0000 - 0x00007ffa080f8000 	C:\WINDOWS\System32\RPCRT4.dll
0x00007ffa09220000 - 0x00007ffa09294000 	C:\WINDOWS\System32\WS2_32.dll
0x00007ffa06900000 - 0x00007ffa0695e000 	C:\WINDOWS\SYSTEM32\POWRPROF.dll
0x00007ff9f14f0000 - 0x00007ff9f1525000 	C:\WINDOWS\SYSTEM32\WINMM.dll
0x00007ff9f9ea0000 - 0x00007ff9f9eab000 	C:\WINDOWS\SYSTEM32\VERSION.dll
0x00007ffa068e0000 - 0x00007ffa068f4000 	C:\WINDOWS\SYSTEM32\UMPDC.dll
0x00007ffa05840000 - 0x00007ffa0585b000 	C:\WINDOWS\SYSTEM32\kernel.appcore.dll
0x00007ff9f7700000 - 0x00007ff9f770a000 	C:\Program Files\Android\Android Studio\jbr\bin\jimage.dll
0x00007ffa049b0000 - 0x00007ffa04bf2000 	C:\WINDOWS\SYSTEM32\DBGHELP.DLL
0x00007ffa08dd0000 - 0x00007ffa09156000 	C:\WINDOWS\System32\combase.dll
0x00007ffa08ce0000 - 0x00007ffa08db7000 	C:\WINDOWS\System32\OLEAUT32.dll
0x00007ff9dfb80000 - 0x00007ff9dfbbb000 	C:\WINDOWS\SYSTEM32\dbgcore.DLL
0x00007ffa07170000 - 0x00007ffa07215000 	C:\WINDOWS\System32\bcryptPrimitives.dll
0x00007ff9ec3f0000 - 0x00007ff9ec3fe000 	C:\Program Files\Android\Android Studio\jbr\bin\instrument.dll
0x00007ff9ee4a0000 - 0x00007ff9ee4bf000 	C:\Program Files\Android\Android Studio\jbr\bin\java.dll
0x00007ff9ebef0000 - 0x00007ff9ebf08000 	C:\Program Files\Android\Android Studio\jbr\bin\zip.dll
0x00007ffa092a0000 - 0x00007ffa099f2000 	C:\WINDOWS\System32\SHELL32.dll
0x00007ffa07dc0000 - 0x00007ffa07f2a000 	C:\WINDOWS\System32\wintypes.dll
0x00007ffa072d0000 - 0x00007ffa07b33000 	C:\WINDOWS\System32\windows.storage.dll
0x00007ffa08b10000 - 0x00007ffa08c06000 	C:\WINDOWS\System32\SHCORE.dll
0x00007ffa084d0000 - 0x00007ffa08537000 	C:\WINDOWS\System32\shlwapi.dll
0x00007ffa069c0000 - 0x00007ffa069e9000 	C:\WINDOWS\SYSTEM32\profapi.dll
0x00007ff9f7360000 - 0x00007ff9f7370000 	C:\Program Files\Android\Android Studio\jbr\bin\net.dll
0x00007ff9f9700000 - 0x00007ff9f9827000 	C:\WINDOWS\SYSTEM32\WINHTTP.dll
0x00007ffa05db0000 - 0x00007ffa05e1b000 	C:\WINDOWS\system32\mswsock.dll
0x00007ff9dd0e0000 - 0x00007ff9dd0f6000 	C:\Program Files\Android\Android Studio\jbr\bin\nio.dll
0x00007ff9f8b90000 - 0x00007ff9f8ba0000 	C:\Program Files\Android\Android Studio\jbr\bin\verify.dll
0x00007ff9cdff0000 - 0x00007ff9ce017000 	C:\Users\MCC2104001_003\.gradle\native\c067742578af261105cb4f569cf0c3c89f3d7b1fecec35dd04571415982c5e48\windows-amd64\native-platform.dll
0x00007ff9a8150000 - 0x00007ff9a8294000 	C:\Users\MCC2104001_003\.gradle\native\100fb08df4bc3b14c8652ba06237920a3bd2aa13389f12d3474272988ae205f9\windows-amd64\native-platform-file-events.dll
0x00007ff9eedf0000 - 0x00007ff9eedf9000 	C:\Program Files\Android\Android Studio\jbr\bin\management.dll
0x00007ff9ed3c0000 - 0x00007ff9ed3cb000 	C:\Program Files\Android\Android Studio\jbr\bin\management_ext.dll
0x00007ffa08540000 - 0x00007ffa08548000 	C:\WINDOWS\System32\PSAPI.DLL
0x00007ffa06080000 - 0x00007ffa0609b000 	C:\WINDOWS\SYSTEM32\CRYPTSP.dll
0x00007ffa057a0000 - 0x00007ffa057d9000 	C:\WINDOWS\system32\rsaenh.dll
0x00007ffa05e60000 - 0x00007ffa05e8b000 	C:\WINDOWS\SYSTEM32\USERENV.dll
0x00007ffa06990000 - 0x00007ffa069ba000 	C:\WINDOWS\SYSTEM32\bcrypt.dll
0x00007ffa060a0000 - 0x00007ffa060ac000 	C:\WINDOWS\SYSTEM32\CRYPTBASE.dll
0x00007ffa052b0000 - 0x00007ffa052e4000 	C:\WINDOWS\SYSTEM32\IPHLPAPI.DLL
0x00007ffa0a170000 - 0x00007ffa0a17a000 	C:\WINDOWS\System32\NSI.dll
0x00007ff9f3a00000 - 0x00007ff9f3a09000 	C:\Program Files\Android\Android Studio\jbr\bin\extnet.dll
0x00007ffa00ab0000 - 0x00007ffa00ab8000 	C:\WINDOWS\system32\wshunix.dll
0x00007ff9f1590000 - 0x00007ff9f15a8000 	C:\WINDOWS\system32\napinsp.dll
0x00007ffa05350000 - 0x00007ffa0547c000 	C:\WINDOWS\SYSTEM32\DNSAPI.dll
0x00007ff9f13d0000 - 0x00007ff9f13e2000 	C:\WINDOWS\System32\winrnr.dll
0x00007ff9f10e0000 - 0x00007ff9f1102000 	C:\WINDOWS\system32\nlansp_c.dll
0x00007ff9f9eb0000 - 0x00007ff9f9ec6000 	C:\WINDOWS\system32\wshbth.dll
0x00007ff9f9a00000 - 0x00007ff9f9a0b000 	C:\Windows\System32\rasadhlp.dll
0x00007ffa003e0000 - 0x00007ffa00466000 	C:\WINDOWS\System32\fwpuclnt.dll

dbghelp: loaded successfully - version: 4.0.5 - missing functions: none
symbol engine: initialized successfully - sym options: 0x614 - pdb path: .;C:\Program Files\Android\Android Studio\jbr\bin;C:\WINDOWS\SYSTEM32;C:\WINDOWS\WinSxS\amd64_microsoft.windows.common-controls_6595b64144ccf1df_6.0.26100.7824_none_3e0870b2e3345462;C:\Program Files\Android\Android Studio\jbr\bin\server;C:\Users\MCC2104001_003\.gradle\native\c067742578af261105cb4f569cf0c3c89f3d7b1fecec35dd04571415982c5e48\windows-amd64;C:\Users\MCC2104001_003\.gradle\native\100fb08df4bc3b14c8652ba06237920a3bd2aa13389f12d3474272988ae205f9\windows-amd64

VM Arguments:
jvm_args: --add-opens=java.base/java.util=ALL-UNNAMED --add-opens=java.base/java.lang=ALL-UNNAMED --add-opens=java.base/java.lang.invoke=ALL-UNNAMED --add-opens=java.prefs/java.util.prefs=ALL-UNNAMED --add-exports=jdk.compiler/com.sun.tools.javac.api=ALL-UNNAMED --add-exports=jdk.compiler/com.sun.tools.javac.util=ALL-UNNAMED --add-opens=java.base/java.nio.charset=ALL-UNNAMED --add-opens=java.base/java.net=ALL-UNNAMED --add-opens=java.base/java.util.concurrent.atomic=ALL-UNNAMED -Xmx2048m -Dfile.encoding=UTF-8 -Duser.country=US -Duser.language=en -Duser.variant -javaagent:C:\Users\MCC2104001_003\.gradle\wrapper\dists\gradle-8.9-bin\90cnw93cvbtalezasaz0blq0a\gradle-8.9\lib\agents\gradle-instrumentation-agent-8.9.jar 
java_command: org.gradle.launcher.daemon.bootstrap.GradleDaemon 8.9
java_class_path (initial): C:\Users\MCC2104001_003\.gradle\wrapper\dists\gradle-8.9-bin\90cnw93cvbtalezasaz0blq0a\gradle-8.9\lib\gradle-daemon-main-8.9.jar
Launcher Type: SUN_STANDARD

[Global flags]
     intx CICompilerCount                          = 4                                         {product} {ergonomic}
     uint ConcGCThreads                            = 2                                         {product} {ergonomic}
     uint G1ConcRefinementThreads                  = 8                                         {product} {ergonomic}
   size_t G1HeapRegionSize                         = 1048576                                   {product} {ergonomic}
    uintx GCDrainStackTargetSize                   = 64                                        {product} {ergonomic}
   size_t InitialHeapSize                          = 132120576                                 {product} {ergonomic}
   size_t MarkStackSize                            = 4194304                                   {product} {ergonomic}
   size_t MaxHeapSize                              = 2147483648                                {product} {command line}
   size_t MaxNewSize                               = 1287651328                                {product} {ergonomic}
   size_t MinHeapDeltaBytes                        = 1048576                                   {product} {ergonomic}
   size_t MinHeapSize                              = 8388608                                   {product} {ergonomic}
    uintx NonNMethodCodeHeapSize                   = 5839372                                {pd product} {ergonomic}
    uintx NonProfiledCodeHeapSize                  = 122909434                              {pd product} {ergonomic}
    uintx ProfiledCodeHeapSize                     = 122909434                              {pd product} {ergonomic}
    uintx ReservedCodeCacheSize                    = 251658240                              {pd product} {ergonomic}
     bool SegmentedCodeCache                       = true                                      {product} {ergonomic}
   size_t SoftMaxHeapSize                          = 2147483648                             {manageable} {ergonomic}
     bool UseCompressedOops                        = true                           {product lp64_product} {ergonomic}
     bool UseG1GC                                  = true                                      {product} {ergonomic}
     bool UseLargePagesIndividualAllocation        = false                                  {pd product} {ergonomic}

Logging:
Log output configuration:
 #0: stdout all=warning uptime,level,tags foldmultilines=false
 #1: stderr all=off uptime,level,tags foldmultilines=false

Environment Variables:
PATH=C:\WINDOWS\system32;C:\WINDOWS;C:\WINDOWS\System32\Wbem;C:\WINDOWS\System32\WindowsPowerShell\v1.0\;C:\WINDOWS\System32\OpenSSH\;C:\Program Files\dotnet\;C:\xampp\php;C:\composer;C:\Program Files\nodejs\;C:\Users\MCC2104001_003\AppData\Local\Programs\Python\Python313;C:\Users\MCC2104001_003\AppData\Local\Programs\Python\Python313\Scripts;C:\Users\MCC2104001_003\AppData\Local\Programs\Microsoft VS Code\bin;C:\Users\MCC2104001_003\AppData\Local\GitHubDesktop\bin;C:\Users\MCC2104001_003\AppData\Local\Programs\Antigravity\bin
USERNAME=MCC2104001_003
OS=Windows_NT
PROCESSOR_IDENTIFIER=Intel64 Family 6 Model 142 Stepping 12, GenuineIntel
TMP=C:\Users\MCC210~1\AppData\Local\Temp
TEMP=C:\Users\MCC210~1\AppData\Local\Temp




Periodic native trim disabled

JNI global refs:
JNI global refs: 29, weak refs: 4

JNI global refs memory usage: 835, weak refs: 833

Process memory usage:
Resident Set Size: 891732K (10% of 8143556K total physical memory with 549920K free physical memory)

OOME stack traces (most recent first):
Classloader memory used:
Loader org.gradle.internal.classloader.VisitableURLClassLoader$InstrumentingVisitableURLClassLoader: 60835K
Loader org.gradle.internal.classloader.VisitableURLClassLoader                         : 42848K
Loader bootstrap                                                                       : 32104K
Loader org.gradle.initialization.MixInLegacyTypesClassLoader                           : 12203K
Loader jdk.internal.reflect.DelegatingClassLoader                                      : 533K
Loader jdk.internal.loader.ClassLoaders$PlatformClassLoader                            : 524K
Loader org.gradle.internal.classloader.VisitableURLClassLoader                         : 326K
Loader jdk.internal.loader.ClassLoaders$AppClassLoader                                 : 230K
Loader sun.reflect.misc.MethodUtil                                                     : 3000B

Classes loaded by more than one classloader:
Class Program                                                                         : loaded 5 times (x 69B)
Class Build_gradle                                                                    : loaded 3 times (x 127B)
Class Build_gradle$1                                                                  : loaded 3 times (x 71B)
Class com.google.common.collect.RegularImmutableMap$KeySet                            : loaded 2 times (x 147B)
Class org.gradle.internal.classloader.FilteringClassLoader                            : loaded 2 times (x 102B)
Class com.google.common.cache.LocalCache$ValueIterator                                : loaded 2 times (x 83B)
Class [Lcom.google.common.collect.MapMakerInternalMap$Segment;                        : loaded 2 times (x 66B)
Class com.google.common.io.FileWriteMode                                              : loaded 2 times (x 76B)
Class [Lcom.google.common.base.AbstractIterator$State;                                : loaded 2 times (x 66B)
Class com.google.common.base.CharMatcher$IsEither                                     : loaded 2 times (x 108B)
Class org.gradle.internal.classloader.ClassLoaderHierarchy                            : loaded 2 times (x 67B)
Class com.google.common.collect.AbstractMapBasedMultimap$WrappedCollection            : loaded 2 times (x 121B)
Class com.google.common.collect.ImmutableEnumSet                                      : loaded 2 times (x 143B)
Class com.google.common.util.concurrent.ExecutionError                                : loaded 2 times (x 79B)
Class com.google.common.collect.ImmutableList$1                                       : loaded 2 times (x 94B)
Class org.gradle.api.internal.classpath.ManifestUtil                                  : loaded 2 times (x 68B)
Class com.google.common.io.ByteArrayDataOutput                                        : loaded 2 times (x 67B)
Class com.google.common.collect.RegularImmutableMap                                   : loaded 2 times (x 118B)
Class com.google.common.collect.ImmutableMap$MapViewOfValuesAsSingletonSets           : loaded 2 times (x 122B)
Class com.google.common.cache.LocalCache$Values                                       : loaded 2 times (x 115B)
Class com.google.common.collect.TransformedListIterator                               : loaded 2 times (x 90B)
Class com.google.common.reflect.TypeCapture                                           : loaded 2 times (x 68B)
Class [Lorg.objectweb.asm.Symbol;                                                     : loaded 2 times (x 66B)
Class org.objectweb.asm.ClassVisitor                                                  : loaded 2 times (x 85B)
Class com.google.common.collect.UnmodifiableListIterator                              : loaded 2 times (x 92B)
Class com.google.common.collect.MapMakerInternalMap$StrongKeyDummyValueEntry$LinkedStrongKeyDummyValueEntry: loaded 2 times (x 79B)
Class com.google.common.collect.MapMakerInternalMap$Strength                          : loaded 2 times (x 77B)
Class org.objectweb.asm.MethodTooLargeException                                       : loaded 2 times (x 80B)
Class [Lcom.google.common.cache.CacheBuilder$OneWeigher;                              : loaded 2 times (x 66B)
Class com.google.common.base.Suppliers                                                : loaded 2 times (x 68B)
Class com.google.common.base.Platform$JdkPatternCompiler                              : loaded 2 times (x 72B)
Class org.gradle.internal.classloader.DefaultClassLoaderFactory                       : loaded 2 times (x 79B)
Class org.apache.commons.io.file.PathUtils                                            : loaded 2 times (x 68B)
Class com.google.common.io.ByteSource$ConcatenatedByteSource                          : loaded 2 times (x 82B)
Class [Lcom.google.common.collect.AbstractIterator$State;                             : loaded 2 times (x 66B)
Class com.google.common.base.CharMatcher$None                                         : loaded 2 times (x 109B)
Class org.gradle.internal.classloader.ClassLoaderVisitor                              : loaded 2 times (x 73B)
Class [Lcom.google.common.collect.ImmutableMapEntry;                                  : loaded 2 times (x 66B)
Class org.gradle.api.internal.classpath.EffectiveClassPath                            : loaded 2 times (x 87B)
Class [Lorg.apache.commons.io.StandardLineSeparator;                                  : loaded 2 times (x 66B)
Class org.apache.commons.io.output.StringBuilderWriter                                : loaded 2 times (x 97B)
Class com.google.common.collect.CollectSpliterators$1WithCharacteristics              : loaded 2 times (x 87B)
Class com.google.common.collect.AbstractIterator$1                                    : loaded 2 times (x 68B)
Class com.google.common.collect.ImmutableRangeSet                                     : loaded 2 times (x 112B)
Class com.google.common.collect.ImmutableEnumMap                                      : loaded 2 times (x 122B)
Class com.google.common.collect.ListMultimap                                          : loaded 2 times (x 67B)
Class com.google.common.collect.Iterators$EmptyModifiableIterator                     : loaded 2 times (x 83B)
Class com.google.common.collect.Sets$1                                                : loaded 2 times (x 136B)
Class org.objectweb.asm.AnnotationVisitor                                             : loaded 2 times (x 75B)
Class com.google.common.base.Splitter                                                 : loaded 2 times (x 69B)
Class org.gradle.api.internal.DefaultClassPathProvider                                : loaded 2 times (x 73B)
Class com.google.common.collect.MapMakerInternalMap$Strength$1                        : loaded 2 times (x 77B)
Class [Lcom.google.common.base.Function;                                              : loaded 2 times (x 66B)
Class com.google.common.collect.Maps$ViewCachingAbstractMap                           : loaded 2 times (x 122B)
Class com.google.common.collect.Sets$2                                                : loaded 2 times (x 136B)
Class [Lorg.gradle.api.internal.ClassPathProvider;                                    : loaded 2 times (x 66B)
Class org.gradle.api.internal.ClassPathProvider                                       : loaded 2 times (x 67B)
Class com.google.common.collect.MapMakerInternalMap$Strength$2                        : loaded 2 times (x 77B)
Class com.google.common.reflect.Types$ClassOwnership$1                                : loaded 2 times (x 77B)
Class [Lorg.objectweb.asm.AnnotationVisitor;                                          : loaded 2 times (x 66B)
Class com.google.common.collect.Sets$3                                                : loaded 2 times (x 136B)
Class com.google.common.util.concurrent.AbstractFuture$SafeAtomicHelper               : loaded 2 times (x 76B)
Class com.google.common.cache.LocalCache$LocalLoadingCache                            : loaded 2 times (x 131B)
Class com.google.common.base.AbstractIterator$State                                   : loaded 2 times (x 76B)
Class org.gradle.internal.service.UnknownServiceException                             : loaded 2 times (x 80B)
Class com.google.common.collect.MapMakerInternalMap$StrongValueEntry                  : loaded 2 times (x 67B)
Class com.google.common.reflect.Types$ClassOwnership$2                                : loaded 2 times (x 77B)
Class com.google.common.reflect.TypeResolver                                          : loaded 2 times (x 69B)
Class com.google.common.io.ByteArrayDataInput                                         : loaded 2 times (x 67B)
Class com.google.common.collect.Sets$4                                                : loaded 2 times (x 136B)
Class org.objectweb.asm.ModuleVisitor                                                 : loaded 2 times (x 78B)
Class com.google.common.cache.LocalCache$Strength$1                                   : loaded 2 times (x 78B)
Class org.apache.commons.io.output.QueueOutputStream                                  : loaded 2 times (x 84B)
Class com.google.common.reflect.Types$ClassOwnership$3                                : loaded 2 times (x 68B)
Class com.google.common.collect.Collections2$FilteredCollection                       : loaded 2 times (x 116B)
Class com.google.common.util.concurrent.SettableFuture                                : loaded 2 times (x 111B)
Class com.google.common.cache.LocalCache$Strength$2                                   : loaded 2 times (x 78B)
Class com.google.common.collect.Interners$InternerImpl                                : loaded 2 times (x 72B)
Class com.google.common.collect.Interner                                              : loaded 2 times (x 67B)
Class com.google.common.io.ByteStreams                                                : loaded 2 times (x 68B)
Class [Lcom.google.common.collect.Maps$EntryFunction;                                 : loaded 2 times (x 66B)
Class com.google.common.collect.TransformedIterator                                   : loaded 2 times (x 77B)
Class com.google.common.cache.LocalCache$Strength$3                                   : loaded 2 times (x 78B)
Class com.google.common.collect.MapDifference                                         : loaded 2 times (x 67B)
Class com.google.common.base.Splitter$1                                               : loaded 2 times (x 74B)
Class com.google.common.collect.MapMaker$Dummy                                        : loaded 2 times (x 76B)
Class com.google.common.reflect.Invokable                                             : loaded 2 times (x 100B)
Class org.objectweb.asm.FieldWriter                                                   : loaded 2 times (x 75B)
Class com.google.common.cache.CacheBuilder$NullListener                               : loaded 2 times (x 79B)
Class org.gradle.internal.classpath.TransformedClassPath                              : loaded 2 times (x 93B)
Class org.apache.commons.io.output.UnsynchronizedByteArrayOutputStream                : loaded 2 times (x 99B)
Class com.google.common.collect.ImmutableListMultimap                                 : loaded 2 times (x 173B)
Class com.google.common.reflect.Types$ParameterizedTypeImpl                           : loaded 2 times (x 78B)
Class com.google.common.collect.Maps$IteratorBasedAbstractMap$1                       : loaded 2 times (x 135B)
Class com.google.common.collect.ImmutableRangeSet$AsSet                               : loaded 2 times (x 296B)
Class com.google.common.cache.CacheLoader$FunctionToCacheLoader                       : loaded 2 times (x 72B)
Class com.google.common.collect.Iterators$ArrayItr                                    : loaded 2 times (x 94B)
Class com.google.common.collect.ImmutableCollection$Builder                           : loaded 2 times (x 73B)
Class org.apache.commons.io.output.ByteArrayOutputStream                              : loaded 2 times (x 99B)
Class com.google.common.collect.EmptyImmutableListMultimap                            : loaded 2 times (x 173B)
Class com.google.common.collect.BaseImmutableMultimap                                 : loaded 2 times (x 120B)
Class com.google.common.reflect.TypeResolver$TypeVariableKey                          : loaded 2 times (x 69B)
Class com.google.common.base.Joiner                                                   : loaded 2 times (x 76B)
Class com.google.common.base.MoreObjects                                              : loaded 2 times (x 68B)
Class [Lorg.objectweb.asm.Type;                                                       : loaded 2 times (x 66B)
Class com.google.common.collect.Platform                                              : loaded 2 times (x 68B)
Class com.google.common.collect.UnmodifiableIterator                                  : loaded 2 times (x 77B)
Class org.gradle.internal.service.ServiceLocator                                      : loaded 2 times (x 67B)
Class org.apache.commons.io.FileExistsException                                       : loaded 2 times (x 79B)
Class com.google.common.base.Ascii                                                    : loaded 2 times (x 68B)
Class com.google.common.collect.SingletonImmutableBiMap                               : loaded 2 times (x 140B)
Class com.google.common.cache.LocalCache$1                                            : loaded 2 times (x 86B)
Class com.google.common.collect.AbstractMapEntry                                      : loaded 2 times (x 78B)
Class com.google.common.collect.MapMakerInternalMap$AbstractStrongKeyEntry            : loaded 2 times (x 77B)
Class com.google.common.reflect.TypeToken$SimpleTypeToken                             : loaded 2 times (x 70B)
Class com.google.common.io.ByteSource$ByteArrayByteSource                             : loaded 2 times (x 82B)
Class com.google.common.collect.Sets$ImprovedAbstractSet                              : loaded 2 times (x 132B)
Class com.google.common.collect.ImmutableList$Builder                                 : loaded 2 times (x 74B)
Class com.google.common.cache.LocalCache$2                                            : loaded 2 times (x 139B)
Class com.google.common.collect.AbstractMultimap                                      : loaded 2 times (x 120B)
Class com.google.common.collect.ImmutableRangeSet$1                                   : loaded 2 times (x 206B)
Class com.google.common.util.concurrent.AbstractFuture$UnsafeAtomicHelper$1           : loaded 2 times (x 73B)
Class com.google.common.collect.RegularImmutableAsList                                : loaded 2 times (x 213B)
Class com.google.common.base.Optional                                                 : loaded 2 times (x 77B)
Class com.google.common.collect.Range                                                 : loaded 2 times (x 84B)
Class com.google.common.util.concurrent.AbstractFuture$Trusted                        : loaded 2 times (x 67B)
Class com.google.common.collect.Iterators                                             : loaded 2 times (x 68B)
Class com.google.common.base.CharMatcher$RangesMatcher                                : loaded 2 times (x 109B)
Class com.google.common.io.ByteSink$AsCharSink                                        : loaded 2 times (x 77B)
Class com.google.common.util.concurrent.UncheckedExecutionException                   : loaded 2 times (x 79B)
Class com.google.common.collect.Lists$StringAsImmutableList                           : loaded 2 times (x 204B)
Class org.gradle.kotlin.dsl.VersionCatalogAccessorsKt                                 : loaded 2 times (x 68B)
Class com.google.common.collect.ImmutableSortedSetFauxverideShim                      : loaded 2 times (x 144B)
Class com.google.common.base.CharMatcher$JavaLetterOrDigit                            : loaded 2 times (x 108B)
Class org.gradle.internal.InternalTransformer                                         : loaded 2 times (x 67B)
Class com.google.common.collect.AbstractMapBasedMultimap$KeySet$1                     : loaded 2 times (x 79B)
Class org.objectweb.asm.ClassWriter                                                   : loaded 2 times (x 103B)
Class com.google.common.cache.CacheLoader$UnsupportedLoadingOperationException        : loaded 2 times (x 79B)
Class com.google.common.base.CharMatcher$And                                          : loaded 2 times (x 109B)
Class org.gradle.internal.classloader.ClasspathUtil$1                                 : loaded 2 times (x 73B)
Class com.google.common.collect.FluentIterable$1                                      : loaded 2 times (x 78B)
Class com.google.common.base.Objects                                                  : loaded 2 times (x 68B)
Class org.objectweb.asm.FieldVisitor                                                  : loaded 2 times (x 74B)
Class com.google.common.collect.IndexedImmutableSet                                   : loaded 2 times (x 147B)
Class com.google.common.collect.ImmutableMap$1                                        : loaded 2 times (x 78B)
Class com.google.common.collect.BiMap                                                 : loaded 2 times (x 67B)
Class org.gradle.api.internal.classpath.DefaultModuleRegistry$DefaultModule           : loaded 2 times (x 83B)
Class com.google.common.reflect.Reflection                                            : loaded 2 times (x 68B)
Class com.google.common.collect.FluentIterable$2                                      : loaded 2 times (x 78B)
Class com.google.common.base.Equivalence$Identity                                     : loaded 2 times (x 79B)
Class com.google.common.primitives.Ints                                               : loaded 2 times (x 68B)
Class com.google.common.collect.AbstractIterator                                      : loaded 2 times (x 79B)
Class com.google.common.collect.FluentIterable$3                                      : loaded 2 times (x 78B)
Class com.google.common.math.MathPreconditions                                        : loaded 2 times (x 68B)
Class com.google.common.collect.Multiset                                              : loaded 2 times (x 67B)
Class com.google.common.collect.ArrayListMultimapGwtSerializationDependencies         : loaded 2 times (x 169B)
Class com.google.common.collect.ObjectArrays                                          : loaded 2 times (x 68B)
Class com.google.common.collect.AbstractIndexedListIterator                           : loaded 2 times (x 93B)
Class org.apache.commons.io.output.NullOutputStream                                   : loaded 2 times (x 82B)
Class com.google.common.collect.ImmutableMapEntrySet                                  : loaded 2 times (x 148B)
Class org.gradle.api.internal.classpath.Module                                        : loaded 2 times (x 67B)
Class com.google.common.cache.Weigher                                                 : loaded 2 times (x 67B)
Class org.gradle.api.internal.classpath.UnknownModuleException                        : loaded 2 times (x 79B)
Class com.google.common.base.Stopwatch                                                : loaded 2 times (x 69B)
Class com.google.common.cache.LocalCache$Strength                                     : loaded 2 times (x 78B)
Class com.google.common.cache.Cache                                                   : loaded 2 times (x 67B)
Class org.apache.commons.io.filefilter.IOFileFilter                                   : loaded 2 times (x 67B)
Class com.google.common.io.AppendableWriter                                           : loaded 2 times (x 97B)
Class com.google.common.io.Files$2                                                    : loaded 2 times (x 73B)
Class com.google.common.util.concurrent.AbstractFuture$Cancellation                   : loaded 2 times (x 69B)
Class com.google.common.collect.ImmutableMap$Builder                                  : loaded 2 times (x 79B)
Class com.google.common.base.NullnessCasts                                            : loaded 2 times (x 68B)
Class com.google.common.collect.AbstractMapBasedMultimap$WrappedCollection$WrappedIterator: loaded 2 times (x 81B)
Class com.google.common.collect.Maps$EntryFunction$1                                  : loaded 2 times (x 88B)
Class com.google.common.base.Present                                                  : loaded 2 times (x 78B)
Class com.google.common.cache.RemovalListener                                         : loaded 2 times (x 67B)
Class org.gradle.api.internal.DefaultClassPathRegistry                                : loaded 2 times (x 73B)
Class org.apache.commons.io.file.DeleteOption                                         : loaded 2 times (x 67B)
Class com.google.common.collect.ImmutableMultimap$Keys                                : loaded 2 times (x 163B)
Class com.google.common.reflect.Invokable$ConstructorInvokable                        : loaded 2 times (x 104B)
Class com.google.common.collect.Maps$EntryFunction$2                                  : loaded 2 times (x 88B)
Class com.google.common.primitives.IntsMethodsForWeb                                  : loaded 2 times (x 68B)
Class com.google.common.collect.Multimap                                              : loaded 2 times (x 67B)
Class org.gradle.api.internal.ClassPathRegistry                                       : loaded 2 times (x 67B)
Class org.gradle.internal.classpath.DefaultClassPath$ImmutableUniqueList              : loaded 2 times (x 196B)
Class org.apache.commons.io.IOUtils                                                   : loaded 2 times (x 68B)
Class com.google.common.collect.MapMakerInternalMap$Segment                           : loaded 2 times (x 139B)
Class com.google.common.reflect.TypeToken                                             : loaded 2 times (x 70B)
Class com.google.common.collect.NullnessCasts                                         : loaded 2 times (x 68B)
Class com.google.common.base.ExtraObjectsMethodsForWeb                                : loaded 2 times (x 68B)
Class com.google.common.base.PairwiseEquivalence                                      : loaded 2 times (x 80B)
Class com.google.common.io.ByteSink                                                   : loaded 2 times (x 73B)
Class com.google.common.cache.CacheBuilder                                            : loaded 2 times (x 69B)
Class com.google.common.collect.SingletonImmutableList                                : loaded 2 times (x 204B)
Class Settings_gradle$1                                                               : loaded 2 times (x 71B)
Class org.gradle.internal.classpath.ClassPath                                         : loaded 2 times (x 67B)
Class org.gradle.api.UncheckedIOException                                             : loaded 2 times (x 79B)
Class com.google.common.collect.Interners$InternerBuilder                             : loaded 2 times (x 73B)
Class [Lcom.google.common.reflect.Types$JavaVersion;                                  : loaded 2 times (x 66B)
Class com.google.common.io.Files$FileByteSource                                       : loaded 2 times (x 82B)
Class com.google.common.collect.ImmutableList$ReverseImmutableList                    : loaded 2 times (x 205B)
Class com.google.common.base.JdkPattern                                               : loaded 2 times (x 72B)
Class com.google.common.io.CharStreams$NullWriter                                     : loaded 2 times (x 96B)
Class org.objectweb.asm.SymbolTable$Entry                                             : loaded 2 times (x 71B)
Class com.google.common.util.concurrent.AbstractFuture$AtomicHelper                   : loaded 2 times (x 75B)
Class org.objectweb.asm.Edge                                                          : loaded 2 times (x 69B)
Class com.google.common.base.Suppliers$SupplierOfInstance                             : loaded 2 times (x 76B)
Class com.google.common.collect.Iterators$1                                           : loaded 2 times (x 78B)
Class com.google.common.reflect.TypeToken$1                                           : loaded 2 times (x 107B)
Class com.google.common.cache.LocalCache$ComputingValueReference                      : loaded 2 times (x 93B)
Class com.google.common.collect.SingletonImmutableSet                                 : loaded 2 times (x 143B)
Class com.google.common.collect.ImmutableMap$IteratorBasedImmutableMap                : loaded 2 times (x 122B)
Class com.google.common.reflect.TypeToken$2                                           : loaded 2 times (x 107B)
Class com.google.common.cache.LocalCache$Segment                                      : loaded 2 times (x 151B)
Class com.google.common.collect.SortedIterable                                        : loaded 2 times (x 67B)
Class [Lorg.objectweb.asm.SymbolTable$Entry;                                          : loaded 2 times (x 66B)
Class com.google.common.cache.CacheLoader                                             : loaded 2 times (x 71B)
Class com.google.common.collect.Iterators$4                                           : loaded 2 times (x 79B)
Class com.google.common.collect.ImmutableBiMap                                        : loaded 2 times (x 140B)
Class com.google.common.collect.AbstractListMultimap                                  : loaded 2 times (x 169B)
Class org.gradle.internal.installation.GradleInstallation$1                           : loaded 2 times (x 72B)
Class org.gradle.api.internal.classpath.ModuleRegistry                                : loaded 2 times (x 67B)
Class org.apache.commons.io.output.NullWriter                                         : loaded 2 times (x 96B)
Class com.google.common.util.concurrent.internal.InternalFutureFailureAccess          : loaded 2 times (x 69B)
Class com.google.common.collect.Iterators$5                                           : loaded 2 times (x 79B)
Class com.google.common.collect.ImmutableSet$JdkBackedSetBuilderImpl                  : loaded 2 times (x 73B)
Class com.google.common.base.Splitter$SplittingIterator                               : loaded 2 times (x 81B)
Class com.google.common.collect.ImmutableMultimap$Values                              : loaded 2 times (x 123B)
Class com.google.common.io.Closer$SuppressingSuppressor                               : loaded 2 times (x 72B)
Class com.google.common.collect.Iterators$6                                           : loaded 2 times (x 78B)
Class com.google.common.util.concurrent.AbstractFuture$UnsafeAtomicHelper             : loaded 2 times (x 75B)
Class com.google.common.cache.LocalCache$LocalManualCache$1                           : loaded 2 times (x 72B)
Class com.google.common.base.CharMatcher$ForPredicate                                 : loaded 2 times (x 109B)
Class com.google.common.collect.ImmutableCollection                                   : loaded 2 times (x 122B)
Class com.google.common.base.CharMatcher$AnyOf                                        : loaded 2 times (x 109B)
Class org.gradle.api.internal.classpath.DefaultModuleRegistry                         : loaded 2 times (x 80B)
Class com.google.common.util.concurrent.ListenableFuture                              : loaded 2 times (x 67B)
Class com.google.common.cache.ReferenceEntry                                          : loaded 2 times (x 67B)
Class com.google.common.collect.ImmutableSet$CachingAsList                            : loaded 2 times (x 144B)
Class com.google.common.base.Converter                                                : loaded 2 times (x 87B)
Class com.google.common.collect.Lists                                                 : loaded 2 times (x 68B)
Class com.google.common.base.CharMatcher$Any                                          : loaded 2 times (x 109B)
Class com.google.common.util.concurrent.AbstractFuture                                : loaded 2 times (x 103B)
Class com.google.common.base.FunctionalEquivalence                                    : loaded 2 times (x 80B)
Class com.google.common.collect.Iterators$9                                           : loaded 2 times (x 78B)
Class com.google.common.collect.AbstractMapBasedMultimap                              : loaded 2 times (x 136B)
Class com.google.common.collect.ImmutableAsList                                       : loaded 2 times (x 206B)
Class com.google.common.io.CharStreams                                                : loaded 2 times (x 68B)
Class com.google.common.collect.ImmutableMultiset                                     : loaded 2 times (x 160B)
Class com.google.common.reflect.TypeResolver$TypeTable                                : loaded 2 times (x 70B)
Class org.objectweb.asm.RecordComponentVisitor                                        : loaded 2 times (x 74B)
Class com.google.common.cache.CacheLoader$SupplierToCacheLoader                       : loaded 2 times (x 72B)
Class com.google.common.reflect.TypeResolver$TypeTable$1                              : loaded 2 times (x 70B)
Class com.google.common.collect.Maps$EntryTransformer                                 : loaded 2 times (x 67B)
Class org.gradle.internal.service.ServiceLookupException                              : loaded 2 times (x 79B)
Class com.google.common.collect.ImmutableSortedSet                                    : loaded 2 times (x 296B)
Class [Lcom.google.common.cache.LocalCache$EntryFactory;                              : loaded 2 times (x 66B)
Class com.google.common.base.CharMatcher$JavaLetter                                   : loaded 2 times (x 108B)
Class org.gradle.internal.classloader.ClassLoaderFactory                              : loaded 2 times (x 67B)
Class org.apache.commons.io.CloseableURLConnection                                    : loaded 2 times (x 114B)
Class com.google.common.cache.LocalCache$LocalManualCache                             : loaded 2 times (x 96B)
Class com.google.common.base.CharMatcher$IsNot                                        : loaded 2 times (x 108B)
Class com.google.common.base.CommonPattern                                            : loaded 2 times (x 71B)
Class org.gradle.internal.service.CachingServiceLocator                               : loaded 2 times (x 79B)
Class com.google.common.collect.AbstractMapBasedMultimap$KeySet                       : loaded 2 times (x 134B)
Class com.google.common.collect.RegularImmutableSortedSet                             : loaded 2 times (x 296B)
Class com.google.common.math.IntMath                                                  : loaded 2 times (x 68B)
Class com.google.common.collect.MapMakerInternalMap$InternalEntry                     : loaded 2 times (x 67B)
Class com.google.common.reflect.Types$TypeVariableInvocationHandler                   : loaded 2 times (x 72B)
Class com.google.common.collect.Iterators$10                                          : loaded 2 times (x 78B)
Class com.google.common.collect.ImmutableMapEntry                                     : loaded 2 times (x 82B)
Class com.google.common.base.CharMatcher$JavaDigit                                    : loaded 2 times (x 108B)
Class com.google.common.collect.ImmutableMultimap                                     : loaded 2 times (x 144B)
Class com.google.common.base.Predicates                                               : loaded 2 times (x 68B)
Class com.google.common.base.Equivalence                                              : loaded 2 times (x 79B)
Class com.google.common.collect.ImmutableMapEntry$NonTerminalImmutableMapEntry        : loaded 2 times (x 82B)
Class com.google.common.base.Function                                                 : loaded 2 times (x 67B)
Class org.apache.commons.io.output.AbstractByteArrayOutputStream                      : loaded 2 times (x 99B)
Class com.google.common.collect.IndexedImmutableSet$1                                 : loaded 2 times (x 209B)
Class com.google.common.cache.CacheBuilder$OneWeigher                                 : loaded 2 times (x 79B)
Class com.google.common.collect.RegularImmutableList                                  : loaded 2 times (x 209B)
Class com.google.common.reflect.Types$ClassOwnership$1LocalClass                      : loaded 2 times (x 68B)
Class com.google.common.collect.Maps$EntryFunction                                    : loaded 2 times (x 88B)
Class com.google.common.collect.ImmutableBiMapFauxverideShim                          : loaded 2 times (x 117B)
Class org.gradle.internal.classloader.ClasspathUtil                                   : loaded 2 times (x 68B)
Class com.google.common.base.Charsets                                                 : loaded 2 times (x 68B)
Class com.google.common.util.concurrent.Uninterruptibles                              : loaded 2 times (x 68B)
Class com.google.common.io.CharSource                                                 : loaded 2 times (x 82B)
Class com.google.common.collect.Maps                                                  : loaded 2 times (x 68B)
Class com.google.common.base.CharMatcher$JavaUpperCase                                : loaded 2 times (x 108B)
Class org.gradle.api.specs.Spec                                                       : loaded 2 times (x 67B)
Class org.apache.commons.io.file.PathFilter                                           : loaded 2 times (x 67B)
Class com.google.common.collect.MapMaker                                              : loaded 2 times (x 69B)
Class com.google.common.reflect.Types$JavaVersion                                     : loaded 2 times (x 80B)
Class [Lcom.google.common.collect.ImmutableEntry;                                     : loaded 2 times (x 66B)
Class com.google.common.collect.Sets$3$1                                              : loaded 2 times (x 79B)
Class com.google.common.cache.LocalCache$LoadingValueReference                        : loaded 2 times (x 93B)
Class com.google.common.base.Absent                                                   : loaded 2 times (x 77B)
Class com.google.common.collect.MapMakerInternalMap$StrongKeyDummyValueEntry          : loaded 2 times (x 79B)
Class com.google.common.io.LineReader$1                                               : loaded 2 times (x 72B)
Class com.google.common.collect.AbstractMapBasedMultimap$AsMap                        : loaded 2 times (x 125B)
Class com.google.common.reflect.Invokable$MethodInvokable                             : loaded 2 times (x 104B)
Class com.google.common.collect.CollectSpliterators                                   : loaded 2 times (x 68B)
Class com.google.common.base.Platform                                                 : loaded 2 times (x 68B)
Class com.google.common.collect.AbstractMapBasedMultimap$WrappedList                  : loaded 2 times (x 202B)
Class [Lorg.objectweb.asm.AnnotationWriter;                                           : loaded 2 times (x 66B)
Class com.google.common.primitives.Ints$IntConverter                                  : loaded 2 times (x 87B)
Class com.google.common.collect.Maps$8                                                : loaded 2 times (x 79B)
Class [Lcom.google.common.collect.Iterators$EmptyModifiableIterator;                  : loaded 2 times (x 66B)
Class com.google.common.base.Predicates$CompositionPredicate                          : loaded 2 times (x 85B)
Class com.google.common.collect.ImmutableRangeSet$Builder                             : loaded 2 times (x 74B)
Class com.google.common.collect.Sets$SetView                                          : loaded 2 times (x 135B)
Class com.google.common.cache.LocalCache$StrongValueReference                         : loaded 2 times (x 87B)
Class com.google.common.util.concurrent.AbstractFuture$SynchronizedHelper             : loaded 2 times (x 75B)
Class com.google.common.base.CharMatcher$Invisible                                    : loaded 2 times (x 109B)
Class com.google.common.graph.SuccessorsFunction                                      : loaded 2 times (x 67B)
Class org.objectweb.asm.Type                                                          : loaded 2 times (x 69B)
Class org.gradle.internal.classloader.VisitableURLClassLoader$InstrumentingVisitableURLClassLoader: loaded 2 times (x 120B)
Class org.apache.commons.io.FileUtils                                                 : loaded 2 times (x 68B)
Class com.google.common.collect.MapMakerInternalMap$StrongKeyDummyValueEntry$Helper   : loaded 2 times (x 76B)
Class com.google.common.io.Files$FileByteSink                                         : loaded 2 times (x 74B)
Class org.objectweb.asm.ByteVector                                                    : loaded 2 times (x 76B)
Class [Lcom.google.common.cache.CacheBuilder$NullListener;                            : loaded 2 times (x 66B)
Class com.google.common.math.IntMath$1                                                : loaded 2 times (x 68B)
Class org.gradle.internal.classloader.VisitableURLClassLoader$Spec                    : loaded 2 times (x 71B)
Class org.gradle.internal.classpath.DefaultClassPath                                  : loaded 2 times (x 87B)
Class com.google.common.reflect.Types$ClassOwnership                                  : loaded 2 times (x 77B)
Class org.objectweb.asm.Symbol                                                        : loaded 2 times (x 70B)
Class com.google.common.base.AbstractIterator                                         : loaded 2 times (x 77B)
Class com.google.common.io.Java8Compatibility                                         : loaded 2 times (x 68B)
Class com.google.common.io.Closer                                                     : loaded 2 times (x 75B)
Class com.google.common.collect.Sets$FilteredSet                                      : loaded 2 times (x 134B)
Class com.google.common.collect.RegularImmutableMap$Values                            : loaded 2 times (x 204B)
Class com.google.common.collect.ImmutableSet                                          : loaded 2 times (x 142B)
Class com.google.common.base.CharMatcher$BitSetMatcher                                : loaded 2 times (x 109B)
Class com.google.common.base.CharMatcher$Ascii                                        : loaded 2 times (x 109B)
Class org.gradle.internal.classloader.ClassLoaderSpec                                 : loaded 2 times (x 68B)
Class com.google.common.io.ByteSource$EmptyByteSource                                 : loaded 2 times (x 82B)
Class org.objectweb.asm.AnnotationWriter                                              : loaded 2 times (x 76B)
Class com.google.common.cache.CacheStats                                              : loaded 2 times (x 68B)
Class com.google.common.collect.Interners                                             : loaded 2 times (x 68B)
Class com.google.common.collect.ImmutableMultisetGwtSerializationDependencies         : loaded 2 times (x 122B)
Class com.google.common.io.LineProcessor                                              : loaded 2 times (x 67B)
Class com.google.common.io.Closer$Suppressor                                          : loaded 2 times (x 67B)
Class org.objectweb.asm.RecordComponentWriter                                         : loaded 2 times (x 75B)
Class com.google.common.util.concurrent.AbstractFuture$Listener                       : loaded 2 times (x 69B)
Class com.google.common.base.CharMatcher$Or                                           : loaded 2 times (x 109B)
Class Settings_gradle$1$1                                                             : loaded 2 times (x 71B)
Class org.objectweb.asm.Attribute                                                     : loaded 2 times (x 74B)
Class com.google.common.base.Supplier                                                 : loaded 2 times (x 67B)
Class org.gradle.internal.classloader.VisitableURLClassLoader                         : loaded 2 times (x 114B)
Class com.google.common.collect.ImmutableList$SerializedForm                          : loaded 2 times (x 70B)
Class com.google.common.util.concurrent.AbstractFuture$Waiter                         : loaded 2 times (x 69B)
Class Settings_gradle                                                                 : loaded 2 times (x 125B)
Class org.gradle.internal.Cast                                                        : loaded 2 times (x 68B)
Class org.gradle.api.Action                                                           : loaded 2 times (x 67B)
Class com.google.common.collect.MapMakerInternalMap                                   : loaded 2 times (x 158B)
Class com.google.common.collect.Sets                                                  : loaded 2 times (x 68B)
Class org.objectweb.asm.Handler                                                       : loaded 2 times (x 69B)
Class com.google.common.base.Ticker                                                   : loaded 2 times (x 69B)
Class com.google.common.base.Strings                                                  : loaded 2 times (x 68B)
Class com.google.common.base.CharMatcher$FastMatcher                                  : loaded 2 times (x 108B)
Class org.gradle.internal.agents.InstrumentingClassLoader                             : loaded 2 times (x 67B)
Class [Lcom.google.common.cache.LocalCache$Segment;                                   : loaded 2 times (x 66B)
Class [Lcom.google.common.cache.LocalCache$Strength;                                  : loaded 2 times (x 66B)
Class com.google.common.cache.CacheBuilder$1                                          : loaded 2 times (x 82B)
Class com.google.common.collect.ImmutableMap                                          : loaded 2 times (x 117B)
Class com.google.common.base.Predicate                                                : loaded 2 times (x 67B)
Class org.gradle.internal.classpath.DefaultClassPath$ImmutableUniqueList$Builder      : loaded 2 times (x 72B)
Class com.google.common.collect.MapMakerInternalMap$WeakValueReference                : loaded 2 times (x 67B)
Class com.google.common.collect.AbstractRangeSet                                      : loaded 2 times (x 111B)
Class com.google.common.cache.LocalCache                                              : loaded 2 times (x 184B)
Class com.google.common.cache.CacheBuilder$2                                          : loaded 2 times (x 69B)
Class com.google.common.base.CharMatcher$NegatedFastMatcher                           : loaded 2 times (x 110B)
Class [Lcom.google.common.collect.AbstractMapEntry;                                   : loaded 2 times (x 66B)
Class com.google.common.collect.ImmutableEntry                                        : loaded 2 times (x 79B)
Class com.google.common.collect.ArrayListMultimap                                     : loaded 2 times (x 169B)
Class com.google.common.base.AbstractIterator$1                                       : loaded 2 times (x 68B)
Class com.google.common.base.CharMatcher$Digit                                        : loaded 2 times (x 109B)
Class org.gradle.api.GradleException                                                  : loaded 2 times (x 79B)
Class org.apache.commons.io.StandardLineSeparator                                     : loaded 2 times (x 76B)
Class com.google.common.base.Suppliers$MemoizingSupplier                              : loaded 2 times (x 76B)
Class com.google.common.collect.CollectPreconditions                                  : loaded 2 times (x 68B)
Class com.google.common.base.CharMatcher$JavaIsoControl                               : loaded 2 times (x 109B)
Class [Lcom.google.common.collect.MapMakerInternalMap$Strength;                       : loaded 2 times (x 66B)
Class [Lcom.google.common.io.FileWriteMode;                                           : loaded 2 times (x 66B)
Class com.google.common.collect.Maps$AbstractFilteredMap                              : loaded 2 times (x 124B)
Class com.google.common.collect.SortedMapDifference                                   : loaded 2 times (x 67B)
Class com.google.common.base.CharMatcher$JavaLowerCase                                : loaded 2 times (x 108B)
Class com.google.common.collect.MapMakerInternalMap$StrongKeyDummyValueSegment        : loaded 2 times (x 139B)
Class com.google.common.collect.Iterables$4                                           : loaded 2 times (x 78B)
Class com.google.common.cache.LocalCache$WriteThroughEntry                            : loaded 2 times (x 76B)
Class com.google.common.cache.LocalCache$HashIterator                                 : loaded 2 times (x 83B)
Class com.google.common.io.Files                                                      : loaded 2 times (x 68B)
Class com.google.common.cache.LocalCache$EntryFactory                                 : loaded 2 times (x 80B)
Class [Lcom.google.common.collect.MapMaker$Dummy;                                     : loaded 2 times (x 66B)
Class com.google.common.reflect.Types$NativeTypeVariableEquals                        : loaded 2 times (x 68B)
Class com.google.common.reflect.TypeParameter                                         : loaded 2 times (x 69B)
Class com.google.common.collect.Iterables$5                                           : loaded 2 times (x 78B)
Class com.google.common.cache.LocalCache$AbstractReferenceEntry                       : loaded 2 times (x 104B)
Class com.google.common.base.Splitter$1$1                                             : loaded 2 times (x 83B)
Class com.google.common.base.CharMatcher$Whitespace                                   : loaded 2 times (x 109B)
Class org.gradle.internal.IoActions                                                   : loaded 2 times (x 68B)
Class com.google.common.collect.ImmutableMapKeySet                                    : loaded 2 times (x 147B)
Class com.google.common.collect.ImmutableRangeSet$ComplementRanges                    : loaded 2 times (x 204B)
Class org.objectweb.asm.SymbolTable                                                   : loaded 2 times (x 69B)
Class com.google.common.cache.CacheLoader$InvalidCacheLoadException                   : loaded 2 times (x 79B)
Class com.google.common.collect.ImmutableSet$RegularSetBuilderImpl                    : loaded 2 times (x 74B)
Class com.google.common.base.CharMatcher$SingleWidth                                  : loaded 2 times (x 109B)
Class org.gradle.internal.classloader.SystemClassLoaderSpec                           : loaded 2 times (x 68B)
Class com.google.common.collect.FluentIterable                                        : loaded 2 times (x 78B)
Class com.google.common.cache.LocalCache$StrongEntry                                  : loaded 2 times (x 105B)
Class com.google.common.util.concurrent.AbstractFuture$TrustedFuture                  : loaded 2 times (x 111B)
Class com.google.common.cache.LoadingCache                                            : loaded 2 times (x 67B)
Class com.google.common.base.Suppliers$NonSerializableMemoizingSupplier               : loaded 2 times (x 76B)
Class com.google.common.io.ByteStreams$LimitedInputStream                             : loaded 2 times (x 89B)
Class org.objectweb.asm.MethodWriter                                                  : loaded 2 times (x 103B)
Class [Lcom.google.common.cache.Weigher;                                              : loaded 2 times (x 66B)
Class com.google.common.collect.RegularImmutableMap$BucketOverflowException           : loaded 2 times (x 79B)
Class com.google.common.collect.ImmutableMultimap$1                                   : loaded 2 times (x 79B)
Class com.google.common.collect.AbstractMapBasedMultimap$RandomAccessWrappedList      : loaded 2 times (x 202B)
Class com.google.common.collect.ImmutableMultimap$2                                   : loaded 2 times (x 78B)
Class com.google.common.reflect.Types$JavaVersion$1                                   : loaded 2 times (x 80B)
Class com.google.common.collect.AbstractIterator$State                                : loaded 2 times (x 76B)
Class com.google.common.collect.RegularImmutableBiMap                                 : loaded 2 times (x 145B)
Class com.google.common.cache.LocalCache$ValueReference                               : loaded 2 times (x 67B)
Class com.google.common.base.CharMatcher$Negated                                      : loaded 2 times (x 110B)
Class com.google.common.base.CharMatcher$Is                                           : loaded 2 times (x 108B)
Class com.google.common.reflect.Types$JavaVersion$2                                   : loaded 2 times (x 80B)
Class com.google.common.reflect.Types                                                 : loaded 2 times (x 68B)
Class com.google.common.hash.PrimitiveSink                                            : loaded 2 times (x 67B)
Class com.google.common.util.concurrent.AbstractFuture$Failure                        : loaded 2 times (x 69B)
Class com.google.common.base.Equivalence$Equals                                       : loaded 2 times (x 79B)
Class com.google.common.collect.Hashing                                               : loaded 2 times (x 68B)
Class com.google.common.base.PatternCompiler                                          : loaded 2 times (x 67B)
Class com.google.common.base.Preconditions                                            : loaded 2 times (x 68B)
Class [Lorg.apache.commons.io.file.DeleteOption;                                      : loaded 2 times (x 66B)
Class com.google.common.reflect.Types$JavaVersion$3                                   : loaded 2 times (x 80B)
Class com.google.common.io.CharSink                                                   : loaded 2 times (x 76B)
Class com.google.common.base.Joiner$1                                                 : loaded 2 times (x 77B)
Class org.objectweb.asm.Label                                                         : loaded 2 times (x 70B)
Class org.objectweb.asm.CurrentFrame                                                  : loaded 2 times (x 70B)
Class org.objectweb.asm.ClassTooLargeException                                        : loaded 2 times (x 80B)
Class com.google.common.collect.PeekingIterator                                       : loaded 2 times (x 67B)
Class com.google.common.base.CharMatcher                                              : loaded 2 times (x 108B)
Class com.google.common.collect.MapMakerInternalMap$InternalEntryHelper               : loaded 2 times (x 67B)
Class com.google.common.collect.Table                                                 : loaded 2 times (x 67B)
Class com.google.common.reflect.Types$JavaVersion$4                                   : loaded 2 times (x 80B)
Class com.google.common.io.ByteSource$AsCharSource                                    : loaded 2 times (x 83B)
Class com.google.common.collect.Maps$IteratorBasedAbstractMap                         : loaded 2 times (x 122B)
Class com.google.common.collect.RangeGwtSerializationDependencies                     : loaded 2 times (x 68B)
Class com.google.common.base.Joiner$2                                                 : loaded 2 times (x 76B)
Class org.objectweb.asm.Frame                                                         : loaded 2 times (x 70B)
Class org.objectweb.asm.MethodVisitor                                                 : loaded 2 times (x 102B)
Class com.google.common.cache.LocalCache$EntryFactory$1                               : loaded 2 times (x 80B)
Class [Lcom.google.common.cache.RemovalListener;                                      : loaded 2 times (x 66B)
Class com.google.common.base.CharMatcher$1                                            : loaded 2 times (x 110B)
Class com.google.common.base.CharMatcher$NamedFastMatcher                             : loaded 2 times (x 109B)
Class com.google.common.reflect.Types$JavaVersion$5                                   : loaded 2 times (x 68B)
Class [Lcom.google.common.reflect.Types$ClassOwnership;                               : loaded 2 times (x 66B)
Class com.google.common.collect.RangeSet                                              : loaded 2 times (x 67B)
Class com.google.common.cache.LocalCache$EntryFactory$2                               : loaded 2 times (x 80B)
Class com.google.common.collect.CollectCollectors                                     : loaded 2 times (x 68B)
Class org.objectweb.asm.ModuleWriter                                                  : loaded 2 times (x 79B)
Class com.google.common.cache.LocalCache$EntryFactory$3                               : loaded 2 times (x 80B)
Class com.google.common.base.Ticker$1                                                 : loaded 2 times (x 69B)
Class com.google.common.collect.ImmutableMapEntrySet$RegularEntrySet                  : loaded 2 times (x 148B)
Class com.google.common.collect.Maps$BiMapConverter                                   : loaded 2 times (x 87B)
Class com.google.common.collect.CollectSpliterators$1                                 : loaded 2 times (x 87B)
Class com.google.common.cache.LocalCache$EntryFactory$4                               : loaded 2 times (x 80B)
Class com.google.common.collect.ImmutableSet$Builder                                  : loaded 2 times (x 82B)
Class com.google.common.base.CharMatcher$InRange                                      : loaded 2 times (x 108B)
Class com.google.common.io.ByteStreams$1                                              : loaded 2 times (x 82B)
Class com.google.common.cache.LocalCache$EntryFactory$5                               : loaded 2 times (x 80B)
Class com.google.common.io.LineReader                                                 : loaded 2 times (x 69B)
Class org.apache.commons.io.output.AppendableWriter                                   : loaded 2 times (x 97B)
Class com.google.common.cache.LocalCache$EntryFactory$6                               : loaded 2 times (x 80B)
Class org.gradle.internal.installation.CurrentGradleInstallationLocator               : loaded 2 times (x 68B)
Class org.apache.commons.io.output.ThresholdingOutputStream                           : loaded 2 times (x 91B)
Class com.google.common.collect.ImmutableMultimap$Builder                             : loaded 2 times (x 80B)
Class com.google.common.io.ByteSource$SlicedByteSource                                : loaded 2 times (x 82B)
Class com.google.common.collect.Maps$KeySet                                           : loaded 2 times (x 134B)
Class com.google.common.cache.LocalCache$EntryFactory$7                               : loaded 2 times (x 80B)
Class com.google.common.collect.ImmutableSet$EmptySetBuilderImpl                      : loaded 2 times (x 73B)
Class com.google.common.collect.ImmutableList                                         : loaded 2 times (x 203B)
Class org.gradle.internal.service.DefaultServiceLocator                               : loaded 2 times (x 80B)
Class com.google.common.collect.ImmutableMultimap$EntryCollection                     : loaded 2 times (x 124B)
Class com.google.common.collect.Maps$EntrySet                                         : loaded 2 times (x 133B)
Class com.google.common.cache.LocalCache$EntryFactory$8                               : loaded 2 times (x 80B)
Class com.google.common.collect.ImmutableSet$SetBuilderImpl                           : loaded 2 times (x 73B)
Class org.gradle.internal.installation.CurrentGradleInstallation                      : loaded 2 times (x 70B)
Class com.google.common.cache.CacheLoader$1                                           : loaded 2 times (x 72B)
Class com.google.common.collect.ForwardingObject                                      : loaded 2 times (x 69B)
Class com.google.common.collect.ImmutableList$SubList                                 : loaded 2 times (x 205B)
Class org.gradle.util.internal.GUtil                                                  : loaded 2 times (x 68B)
Class com.google.common.io.ByteSource                                                 : loaded 2 times (x 81B)
Class com.google.common.util.concurrent.AbstractFuture$SetFuture                      : loaded 2 times (x 72B)
Class com.google.common.cache.AbstractCache$StatsCounter                              : loaded 2 times (x 67B)
Class com.google.common.collect.MapMakerInternalMap$1                                 : loaded 2 times (x 80B)
Class com.google.common.io.LineBuffer                                                 : loaded 2 times (x 72B)
Class com.google.common.reflect.Types$TypeVariableImpl                                : loaded 2 times (x 69B)
Class com.google.common.collect.Iterators$MergingIterator                             : loaded 2 times (x 78B)
Class com.google.common.collect.RegularImmutableSet                                   : loaded 2 times (x 145B)
Class org.gradle.internal.installation.GradleInstallation                             : loaded 2 times (x 72B)
Class com.google.common.collect.Iterables                                             : loaded 2 times (x 68B)
Class com.google.common.base.Splitter$Strategy                                        : loaded 2 times (x 67B)

---------------  S Y S T E M  ---------------

OS:
 Windows 11 , 64 bit Build 26100 (10.0.26100.7705)
OS uptime: 3 days 5:27 hours

CPU: total 8 (initial active 8) (4 cores per cpu, 2 threads per core) family 6 model 142 stepping 12 microcode 0xfc, cx8, cmov, fxsr, ht, mmx, 3dnowpref, sse, sse2, sse3, ssse3, sse4.1, sse4.2, popcnt, lzcnt, tsc, tscinvbit, avx, avx2, aes, erms, clmul, bmi1, bmi2, adx, fma, vzeroupper, clflush, clflushopt, rdtscp, f16c
Processor Information for all 8 processors :
  Max Mhz: 2112, Current Mhz: 1609, Mhz Limit: 1605

Memory: 4k page, system-wide physical 7952M (524M free)
TotalPageFile size 23952M (AvailPageFile size 1M)
current process WorkingSet (physical memory assigned to process): 872M, peak: 876M
current process commit charge ("private bytes"): 1036M, peak: 1068M

vm_info: OpenJDK 64-Bit Server VM (21.0.3+-12282718-b509.11) for windows-amd64 JRE (21.0.3+-12282718-b509.11), built on 2024-08-27T17:34:15Z by "builder" with MS VC++ 16.10 / 16.11 (VS2019)

END.
