#
# There is insufficient memory for the Java Runtime Environment to continue.
# Native memory allocation (mmap) failed to map 140509184 bytes. Error detail: G1 virtual space
# Possible reasons:
#   The system is out of physical RAM or swap space
#   This process is running with CompressedOops enabled, and the Java Heap may be blocking the growth of the native heap
# Possible solutions:
#   Reduce memory load on the system
#   Increase physical memory or swap space
#   Check if swap backing store is full
#   Decrease Java heap size (-Xmx/-Xms)
#   Decrease number of Java threads
#   Decrease Java thread stack sizes (-Xss)
#   Set larger code cache with -XX:ReservedCodeCacheSize=
#   JVM is running with Unscaled Compressed Oops mode in which the Java heap is
#     placed in the first 4GB address space. The Java Heap base address is the
#     maximum limit for the native heap growth. Please use -XX:HeapBaseMinAddress
#     to set the Java Heap base and to place the Java Heap above 4GB virtual address.
# This output file may be truncated or incomplete.
#
#  Out of Memory Error (os_windows.cpp:3815), pid=16652, tid=6996
#
# JRE version: OpenJDK Runtime Environment (21.0.3) (build 21.0.3+-12282718-b509.11)
# Java VM: OpenJDK 64-Bit Server VM (21.0.3+-12282718-b509.11, mixed mode, tiered, compressed oops, compressed class ptrs, g1 gc, windows-amd64)
# No core dump will be written. Minidumps are not enabled by default on client versions of Windows
#

---------------  S U M M A R Y ------------

Command Line: --add-opens=java.base/java.util=ALL-UNNAMED --add-opens=java.base/java.lang=ALL-UNNAMED --add-opens=java.base/java.lang.invoke=ALL-UNNAMED --add-opens=java.prefs/java.util.prefs=ALL-UNNAMED --add-exports=jdk.compiler/com.sun.tools.javac.api=ALL-UNNAMED --add-exports=jdk.compiler/com.sun.tools.javac.util=ALL-UNNAMED --add-opens=java.base/java.nio.charset=ALL-UNNAMED --add-opens=java.base/java.net=ALL-UNNAMED --add-opens=java.base/java.util.concurrent.atomic=ALL-UNNAMED -Xmx2048m -Dfile.encoding=UTF-8 -Duser.country=US -Duser.language=en -Duser.variant -javaagent:C:\Users\MCC2104001_003\.gradle\wrapper\dists\gradle-8.9-bin\90cnw93cvbtalezasaz0blq0a\gradle-8.9\lib\agents\gradle-instrumentation-agent-8.9.jar org.gradle.launcher.daemon.bootstrap.GradleDaemon 8.9

Host: Intel(R) Core(TM) i5-10210U CPU @ 1.60GHz, 8 cores, 7G,  Windows 11 , 64 bit Build 26100 (10.0.26100.6725)
Time: Mon Nov 10 16:20:22 2025 SE Asia Standard Time elapsed time: 38.012082 seconds (0d 0h 0m 38s)

---------------  T H R E A D  ---------------

Current thread (0x00000273a0f5ebf0):  VMThread "VM Thread"          [id=6996, stack(0x000000cdfe800000,0x000000cdfe900000) (1024K)]

Stack: [0x000000cdfe800000,0x000000cdfe900000]
Native frames: (J=compiled Java code, j=interpreted, Vv=VM code, C=native code)
V  [jvm.dll+0x6cafb9]
V  [jvm.dll+0x858523]
V  [jvm.dll+0x85aa7e]
V  [jvm.dll+0x85b163]
V  [jvm.dll+0x27d356]
V  [jvm.dll+0x6c7865]
V  [jvm.dll+0x6bbd3a]
V  [jvm.dll+0x35199b]
V  [jvm.dll+0x3595d6]
V  [jvm.dll+0x3aa826]
V  [jvm.dll+0x3aaaf8]
V  [jvm.dll+0x3240bc]
V  [jvm.dll+0x326ac6]
V  [jvm.dll+0x33092e]
V  [jvm.dll+0x3680c5]
V  [jvm.dll+0x860ac8]
V  [jvm.dll+0x861bc4]
V  [jvm.dll+0x862100]
V  [jvm.dll+0x862393]
V  [jvm.dll+0x800d78]
V  [jvm.dll+0x6c98cd]
C  [ucrtbase.dll+0x37b0]
C  [KERNEL32.DLL+0x2e8d7]
C  [ntdll.dll+0x8c53c]

VM_Operation (0x000000cdfe3ffab0): G1PauseRemark, mode: safepoint, requested by thread 0x000002738801ec60


---------------  P R O C E S S  ---------------

Threads class SMR info:
_java_thread_list=0x00000273b19ed2e0, length=133, elements={
0x0000027387fb4af0, 0x00000273a189e7f0, 0x00000273a189f250, 0x00000273a18a0a20,
0x00000273a18a1580, 0x00000273a18896a0, 0x00000273a188c6f0, 0x00000273a18b62e0,
0x00000273a18c7940, 0x00000273a0efe220, 0x00000273a1be73f0, 0x00000273a7970f10,
0x00000273a77514b0, 0x00000273a79e71f0, 0x00000273a7ba2680, 0x00000273a7ba2cf0,
0x00000273a77c8940, 0x00000273a79f52f0, 0x00000273a79f6d30, 0x00000273a79f3f40,
0x00000273a79f6010, 0x00000273a79f4c60, 0x00000273a79f5980, 0x00000273a79f66a0,
0x00000273a79f45d0, 0x00000273a845f5a0, 0x00000273a8460950, 0x00000273a8461d00,
0x00000273a8461670, 0x00000273a84630b0, 0x00000273a8462390, 0x00000273a845fc30,
0x00000273a8466530, 0x00000273a8464460, 0x00000273a8465810, 0x00000273a8464af0,
0x00000273a8465ea0, 0x00000273a8466bc0, 0x00000273a8465180, 0x00000273aa7b9a70,
0x00000273aa7b86c0, 0x00000273aa7b6c80, 0x00000273aa7b93e0, 0x00000273aa7ba790,
0x00000273aa7b7310, 0x00000273aa7ba100, 0x00000273aa7bae20, 0x00000273aa7b79a0,
0x00000273aa7bb4b0, 0x00000273aa7b8d50, 0x00000273aa7b8030, 0x00000273aa7bbb40,
0x00000273aa7bc860, 0x00000273aa7bcef0, 0x00000273aa7bdc10, 0x00000273aacaf4b0,
0x00000273aacac030, 0x00000273aacb0ef0, 0x00000273aacb22a0, 0x00000273aacafb40,
0x00000273aacb1580, 0x00000273aacb0860, 0x00000273aacb1c10, 0x00000273aacb2930,
0x00000273aacb01d0, 0x00000273b1361560, 0x00000273b1363cc0, 0x00000273b1364350,
0x00000273b1362910, 0x00000273b1362fa0, 0x00000273b1360ed0, 0x00000273b1363630,
0x00000273b1361bf0, 0x00000273b1365700, 0x00000273b1362280, 0x00000273b1365d90,
0x00000273b1366420, 0x00000273b13684f0, 0x00000273ab07b5e0, 0x00000273ab07c300,
0x00000273ab07c990, 0x00000273ab07d020, 0x00000273ab07e3d0, 0x00000273ab293470,
0x00000273ab2913a0, 0x00000273ab292750, 0x00000273ab294190, 0x00000273ab290d10,
0x00000273ab294820, 0x00000273ab294eb0, 0x00000273ab291a30, 0x00000273ab297610,
0x00000273ab297ca0, 0x00000273b23bc210, 0x00000273b23b9ab0, 0x00000273b23b9420,
0x00000273b23b8d90, 0x00000273b23bcf30, 0x00000273b23bd5c0, 0x00000273b23bae60,
0x00000273b23bb4f0, 0x00000273b23ba7d0, 0x00000273b23bbb80, 0x00000273b23b8700,
0x00000273b23be970, 0x00000273b23bfd20, 0x00000273b23be2e0, 0x00000273b23bdc50,
0x00000273b23bf000, 0x00000273b23bf690, 0x00000273b23bc8a0, 0x00000273ab0787f0,
0x00000273ab07a8c0, 0x00000273ab077440, 0x00000273ab07a230, 0x00000273ab079510,
0x00000273ab078e80, 0x00000273ab079ba0, 0x00000273ab077ad0, 0x00000273ab07af50,
0x00000273ab078160, 0x00000273ab07dd40, 0x00000273ab295bd0, 0x00000273ab296260,
0x00000273ab2968f0, 0x00000273ab296f80, 0x00000273ab298330, 0x00000273b1367140,
0x00000273b13677d0, 0x00000273b24e4f30, 0x00000273b24e34f0, 0x00000273b19cdc60,
0x00000273b24e3b80
}

Java Threads: ( => current thread )
  0x0000027387fb4af0 JavaThread "main"                              [_thread_blocked, id=3396, stack(0x000000cdfe100000,0x000000cdfe200000) (1024K)]
  0x00000273a189e7f0 JavaThread "Reference Handler"          daemon [_thread_blocked, id=8332, stack(0x000000cdfe900000,0x000000cdfea00000) (1024K)]
  0x00000273a189f250 JavaThread "Finalizer"                  daemon [_thread_blocked, id=18460, stack(0x000000cdfea00000,0x000000cdfeb00000) (1024K)]
  0x00000273a18a0a20 JavaThread "Signal Dispatcher"          daemon [_thread_blocked, id=19772, stack(0x000000cdfeb00000,0x000000cdfec00000) (1024K)]
  0x00000273a18a1580 JavaThread "Attach Listener"            daemon [_thread_blocked, id=17972, stack(0x000000cdfec00000,0x000000cdfed00000) (1024K)]
  0x00000273a18896a0 JavaThread "Service Thread"             daemon [_thread_blocked, id=14920, stack(0x000000cdfed00000,0x000000cdfee00000) (1024K)]
  0x00000273a188c6f0 JavaThread "Monitor Deflation Thread"   daemon [_thread_blocked, id=8428, stack(0x000000cdfee00000,0x000000cdfef00000) (1024K)]
  0x00000273a18b62e0 JavaThread "C2 CompilerThread0"         daemon [_thread_blocked, id=14988, stack(0x000000cdfef00000,0x000000cdff000000) (1024K)]
  0x00000273a18c7940 JavaThread "C1 CompilerThread0"         daemon [_thread_blocked, id=3868, stack(0x000000cdff000000,0x000000cdff100000) (1024K)]
  0x00000273a0efe220 JavaThread "Common-Cleaner"             daemon [_thread_blocked, id=15288, stack(0x000000cdff100000,0x000000cdff200000) (1024K)]
  0x00000273a1be73f0 JavaThread "Notification Thread"        daemon [_thread_blocked, id=14344, stack(0x000000cdff200000,0x000000cdff300000) (1024K)]
  0x00000273a7970f10 JavaThread "Daemon health stats"               [_thread_blocked, id=18952, stack(0x000000cdff800000,0x000000cdff900000) (1024K)]
  0x00000273a77514b0 JavaThread "Incoming local TCP Connector on port 49674"        [_thread_in_native, id=22316, stack(0x000000cdff900000,0x000000cdffa00000) (1024K)]
  0x00000273a79e71f0 JavaThread "Daemon periodic checks"            [_thread_blocked, id=21284, stack(0x000000cdffa00000,0x000000cdffb00000) (1024K)]
  0x00000273a7ba2680 JavaThread "Daemon"                            [_thread_blocked, id=17516, stack(0x000000cdff300000,0x000000cdff400000) (1024K)]
  0x00000273a7ba2cf0 JavaThread "Handler for socket connection from /127.0.0.1:49674 to /127.0.0.1:49675"        [_thread_in_native, id=17324, stack(0x000000cdffb00000,0x000000cdffc00000) (1024K)]
  0x00000273a77c8940 JavaThread "Cancel handler"                    [_thread_blocked, id=5364, stack(0x000000cdffc00000,0x000000cdffd00000) (1024K)]
  0x00000273a79f52f0 JavaThread "Daemon worker"                     [_thread_blocked, id=17856, stack(0x000000cdffd00000,0x000000cdffe00000) (1024K)]
  0x00000273a79f6d30 JavaThread "Asynchronous log dispatcher for DefaultDaemonConnection: socket connection from /127.0.0.1:49674 to /127.0.0.1:49675"        [_thread_blocked, id=4128, stack(0x000000cdffe00000,0x000000cdfff00000) (1024K)]
  0x00000273a79f3f40 JavaThread "Stdin handler"                     [_thread_blocked, id=6060, stack(0x000000cdfff00000,0x000000ce00000000) (1024K)]
  0x00000273a79f6010 JavaThread "Daemon client event forwarder"        [_thread_blocked, id=3208, stack(0x000000cd80000000,0x000000cd80100000) (1024K)]
  0x00000273a79f4c60 JavaThread "Cache worker for journal cache (C:\Users\MCC2104001_003\.gradle\caches\journal-1)"        [_thread_blocked, id=7244, stack(0x000000cd80600000,0x000000cd80700000) (1024K)]
  0x00000273a79f5980 JavaThread "File lock request listener"        [_thread_in_native, id=17076, stack(0x000000cd80700000,0x000000cd80800000) (1024K)]
  0x00000273a79f66a0 JavaThread "Cache worker for file hash cache (C:\Users\MCC2104001_003\.gradle\caches\8.9\fileHashes)"        [_thread_blocked, id=11088, stack(0x000000cd80800000,0x000000cd80900000) (1024K)]
  0x00000273a79f45d0 JavaThread "Cache worker for file hash cache (C:\Users\MCC2104001_003\AndroidStudioProjects\IsekiParcom\.gradle\8.9\fileHashes)"        [_thread_blocked, id=16436, stack(0x000000cd80900000,0x000000cd80a00000) (1024K)]
  0x00000273a845f5a0 JavaThread "Cache worker for Build Output Cleanup Cache (C:\Users\MCC2104001_003\AndroidStudioProjects\IsekiParcom\.gradle\buildOutputCleanup)"        [_thread_blocked, id=14436, stack(0x000000cd80a00000,0x000000cd80b00000) (1024K)]
  0x00000273a8460950 JavaThread "File watcher server"        daemon [_thread_blocked, id=7844, stack(0x000000cd80b00000,0x000000cd80c00000) (1024K)]
  0x00000273a8461d00 JavaThread "File watcher consumer"      daemon [_thread_blocked, id=8940, stack(0x000000cd80c00000,0x000000cd80d00000) (1024K)]
  0x00000273a8461670 JavaThread "Cache worker for checksums cache (C:\Users\MCC2104001_003\AndroidStudioProjects\IsekiParcom\.gradle\8.9\checksums)"        [_thread_blocked, id=6436, stack(0x000000cd80500000,0x000000cd80600000) (1024K)]
  0x00000273a84630b0 JavaThread "Cache worker for file content cache (C:\Users\MCC2104001_003\.gradle\caches\8.9\fileContent)"        [_thread_blocked, id=9476, stack(0x000000cd80d00000,0x000000cd80e00000) (1024K)]
  0x00000273a8462390 JavaThread "Cache worker for cache directory md-rule (C:\Users\MCC2104001_003\.gradle\caches\8.9\md-rule)"        [_thread_blocked, id=11132, stack(0x000000cd80e00000,0x000000cd80f00000) (1024K)]
  0x00000273a845fc30 JavaThread "Cache worker for cache directory md-supplier (C:\Users\MCC2104001_003\.gradle\caches\8.9\md-supplier)"        [_thread_blocked, id=16884, stack(0x000000cd80f00000,0x000000cd81000000) (1024K)]
  0x00000273a8466530 JavaThread "Unconstrained build operations"        [_thread_blocked, id=18436, stack(0x000000cd81100000,0x000000cd81200000) (1024K)]
  0x00000273a8464460 JavaThread "Unconstrained build operations Thread 2"        [_thread_blocked, id=22100, stack(0x000000cd81200000,0x000000cd81300000) (1024K)]
  0x00000273a8465810 JavaThread "Unconstrained build operations Thread 3"        [_thread_blocked, id=20968, stack(0x000000cd81300000,0x000000cd81400000) (1024K)]
  0x00000273a8464af0 JavaThread "Unconstrained build operations Thread 4"        [_thread_blocked, id=11684, stack(0x000000cd81400000,0x000000cd81500000) (1024K)]
  0x00000273a8465ea0 JavaThread "Unconstrained build operations Thread 5"        [_thread_blocked, id=5684, stack(0x000000cd81500000,0x000000cd81600000) (1024K)]
  0x00000273a8466bc0 JavaThread "Unconstrained build operations Thread 6"        [_thread_blocked, id=21612, stack(0x000000cd81600000,0x000000cd81700000) (1024K)]
  0x00000273a8465180 JavaThread "Unconstrained build operations Thread 7"        [_thread_blocked, id=8784, stack(0x000000cd81700000,0x000000cd81800000) (1024K)]
  0x00000273aa7b9a70 JavaThread "Unconstrained build operations Thread 8"        [_thread_blocked, id=7140, stack(0x000000cd81800000,0x000000cd81900000) (1024K)]
  0x00000273aa7b86c0 JavaThread "Unconstrained build operations Thread 9"        [_thread_blocked, id=15168, stack(0x000000cd81900000,0x000000cd81a00000) (1024K)]
  0x00000273aa7b6c80 JavaThread "Unconstrained build operations Thread 10"        [_thread_blocked, id=14736, stack(0x000000cd81a00000,0x000000cd81b00000) (1024K)]
  0x00000273aa7b93e0 JavaThread "Unconstrained build operations Thread 11"        [_thread_blocked, id=6972, stack(0x000000cd81b00000,0x000000cd81c00000) (1024K)]
  0x00000273aa7ba790 JavaThread "Unconstrained build operations Thread 12"        [_thread_blocked, id=18592, stack(0x000000cd81c00000,0x000000cd81d00000) (1024K)]
  0x00000273aa7b7310 JavaThread "Unconstrained build operations Thread 13"        [_thread_blocked, id=14532, stack(0x000000cd81d00000,0x000000cd81e00000) (1024K)]
  0x00000273aa7ba100 JavaThread "Unconstrained build operations Thread 14"        [_thread_blocked, id=9968, stack(0x000000cd81e00000,0x000000cd81f00000) (1024K)]
  0x00000273aa7bae20 JavaThread "Unconstrained build operations Thread 15"        [_thread_blocked, id=19284, stack(0x000000cd81f00000,0x000000cd82000000) (1024K)]
  0x00000273aa7b79a0 JavaThread "Unconstrained build operations Thread 16"        [_thread_blocked, id=3400, stack(0x000000cd82000000,0x000000cd82100000) (1024K)]
  0x00000273aa7bb4b0 JavaThread "Unconstrained build operations Thread 17"        [_thread_blocked, id=16360, stack(0x000000cd82100000,0x000000cd82200000) (1024K)]
  0x00000273aa7b8d50 JavaThread "Unconstrained build operations Thread 18"        [_thread_blocked, id=11784, stack(0x000000cd82200000,0x000000cd82300000) (1024K)]
  0x00000273aa7b8030 JavaThread "Unconstrained build operations Thread 19"        [_thread_blocked, id=15540, stack(0x000000cd82300000,0x000000cd82400000) (1024K)]
  0x00000273aa7bbb40 JavaThread "Unconstrained build operations Thread 20"        [_thread_blocked, id=13524, stack(0x000000cd82400000,0x000000cd82500000) (1024K)]
  0x00000273aa7bc860 JavaThread "Unconstrained build operations Thread 21"        [_thread_blocked, id=3940, stack(0x000000cd82500000,0x000000cd82600000) (1024K)]
  0x00000273aa7bcef0 JavaThread "Memory manager"                    [_thread_blocked, id=19812, stack(0x000000cd82600000,0x000000cd82700000) (1024K)]
  0x00000273aa7bdc10 JavaThread "build event listener"              [_thread_blocked, id=9776, stack(0x000000cd82700000,0x000000cd82800000) (1024K)]
  0x00000273aacaf4b0 JavaThread "included builds"                   [_thread_blocked, id=15212, stack(0x000000cd82800000,0x000000cd82900000) (1024K)]
  0x00000273aacac030 JavaThread "Execution worker"                  [_thread_blocked, id=3380, stack(0x000000cd82900000,0x000000cd82a00000) (1024K)]
  0x00000273aacb0ef0 JavaThread "Execution worker Thread 2"         [_thread_blocked, id=14276, stack(0x000000cd82a00000,0x000000cd82b00000) (1024K)]
  0x00000273aacb22a0 JavaThread "Execution worker Thread 3"         [_thread_blocked, id=9528, stack(0x000000cd82b00000,0x000000cd82c00000) (1024K)]
  0x00000273aacafb40 JavaThread "Execution worker Thread 4"         [_thread_blocked, id=17792, stack(0x000000cd82c00000,0x000000cd82d00000) (1024K)]
  0x00000273aacb1580 JavaThread "Execution worker Thread 5"         [_thread_blocked, id=19744, stack(0x000000cd82d00000,0x000000cd82e00000) (1024K)]
  0x00000273aacb0860 JavaThread "Execution worker Thread 6"         [_thread_blocked, id=7616, stack(0x000000cd82e00000,0x000000cd82f00000) (1024K)]
  0x00000273aacb1c10 JavaThread "Execution worker Thread 7"         [_thread_blocked, id=12648, stack(0x000000cd82f00000,0x000000cd83000000) (1024K)]
  0x00000273aacb2930 JavaThread "Cache worker for execution history cache (C:\Users\MCC2104001_003\AndroidStudioProjects\IsekiParcom\.gradle\8.9\executionHistory)"        [_thread_blocked, id=10064, stack(0x000000cd83000000,0x000000cd83100000) (1024K)]
  0x00000273aacb01d0 JavaThread "Unconstrained build operations Thread 22"        [_thread_blocked, id=19860, stack(0x000000cd83100000,0x000000cd83200000) (1024K)]
  0x00000273b1361560 JavaThread "Unconstrained build operations Thread 23"        [_thread_blocked, id=11016, stack(0x000000cd83200000,0x000000cd83300000) (1024K)]
  0x00000273b1363cc0 JavaThread "Unconstrained build operations Thread 24"        [_thread_blocked, id=19120, stack(0x000000cd83300000,0x000000cd83400000) (1024K)]
  0x00000273b1364350 JavaThread "Unconstrained build operations Thread 25"        [_thread_blocked, id=11448, stack(0x000000cd83400000,0x000000cd83500000) (1024K)]
  0x00000273b1362910 JavaThread "Unconstrained build operations Thread 26"        [_thread_blocked, id=10712, stack(0x000000cd83500000,0x000000cd83600000) (1024K)]
  0x00000273b1362fa0 JavaThread "Unconstrained build operations Thread 27"        [_thread_blocked, id=1528, stack(0x000000cd83600000,0x000000cd83700000) (1024K)]
  0x00000273b1360ed0 JavaThread "Unconstrained build operations Thread 28"        [_thread_blocked, id=2020, stack(0x000000cd83700000,0x000000cd83800000) (1024K)]
  0x00000273b1363630 JavaThread "Unconstrained build operations Thread 29"        [_thread_blocked, id=20772, stack(0x000000cd83900000,0x000000cd83a00000) (1024K)]
  0x00000273b1361bf0 JavaThread "Unconstrained build operations Thread 30"        [_thread_blocked, id=4028, stack(0x000000cd83a00000,0x000000cd83b00000) (1024K)]
  0x00000273b1365700 JavaThread "Unconstrained build operations Thread 31"        [_thread_blocked, id=10880, stack(0x000000cd83b00000,0x000000cd83c00000) (1024K)]
  0x00000273b1362280 JavaThread "Unconstrained build operations Thread 32"        [_thread_blocked, id=10108, stack(0x000000cd83c00000,0x000000cd83d00000) (1024K)]
  0x00000273b1365d90 JavaThread "Unconstrained build operations Thread 33"        [_thread_blocked, id=17592, stack(0x000000cd83d00000,0x000000cd83e00000) (1024K)]
  0x00000273b1366420 JavaThread "Unconstrained build operations Thread 34"        [_thread_blocked, id=20528, stack(0x000000cd83e00000,0x000000cd83f00000) (1024K)]
  0x00000273b13684f0 JavaThread "Unconstrained build operations Thread 35"        [_thread_blocked, id=18604, stack(0x000000cd83f00000,0x000000cd84000000) (1024K)]
  0x00000273ab07b5e0 JavaThread "WorkerExecutor Queue Thread 2"        [_thread_blocked, id=5720, stack(0x000000cd84000000,0x000000cd84100000) (1024K)]
  0x00000273ab07c300 JavaThread "WorkerExecutor Queue Thread 3"        [_thread_blocked, id=2336, stack(0x000000cd84100000,0x000000cd84200000) (1024K)]
  0x00000273ab07c990 JavaThread "WorkerExecutor Queue Thread 4"        [_thread_blocked, id=14268, stack(0x000000cd84200000,0x000000cd84300000) (1024K)]
  0x00000273ab07d020 JavaThread "WorkerExecutor Queue Thread 5"        [_thread_blocked, id=19880, stack(0x000000cd84300000,0x000000cd84400000) (1024K)]
  0x00000273ab07e3d0 JavaThread "WorkerExecutor Queue Thread 6"        [_thread_blocked, id=6848, stack(0x000000cd84400000,0x000000cd84500000) (1024K)]
  0x00000273ab293470 JavaThread "WorkerExecutor Queue Thread 7"        [_thread_blocked, id=9660, stack(0x000000cd84500000,0x000000cd84600000) (1024K)]
  0x00000273ab2913a0 JavaThread "WorkerExecutor Queue Thread 8"        [_thread_blocked, id=10180, stack(0x000000cd84600000,0x000000cd84700000) (1024K)]
  0x00000273ab292750 JavaThread "Unconstrained build operations Thread 36"        [_thread_blocked, id=15340, stack(0x000000cd84700000,0x000000cd84800000) (1024K)]
  0x00000273ab294190 JavaThread "Unconstrained build operations Thread 37"        [_thread_blocked, id=12032, stack(0x000000cd84800000,0x000000cd84900000) (1024K)]
  0x00000273ab290d10 JavaThread "Unconstrained build operations Thread 38"        [_thread_blocked, id=18848, stack(0x000000cd84900000,0x000000cd84a00000) (1024K)]
  0x00000273ab294820 JavaThread "Unconstrained build operations Thread 39"        [_thread_blocked, id=17224, stack(0x000000cd84a00000,0x000000cd84b00000) (1024K)]
  0x00000273ab294eb0 JavaThread "Unconstrained build operations Thread 40"        [_thread_blocked, id=21776, stack(0x000000cd84b00000,0x000000cd84c00000) (1024K)]
  0x00000273ab291a30 JavaThread "Unconstrained build operations Thread 41"        [_thread_blocked, id=17332, stack(0x000000cd84c00000,0x000000cd84d00000) (1024K)]
  0x00000273ab297610 JavaThread "Unconstrained build operations Thread 42"        [_thread_blocked, id=13808, stack(0x000000cd84d00000,0x000000cd84e00000) (1024K)]
  0x00000273ab297ca0 JavaThread "Unconstrained build operations Thread 43"        [_thread_blocked, id=12512, stack(0x000000cd84e00000,0x000000cd84f00000) (1024K)]
  0x00000273b23bc210 JavaThread "Unconstrained build operations Thread 44"        [_thread_blocked, id=12456, stack(0x000000cd84f00000,0x000000cd85000000) (1024K)]
  0x00000273b23b9ab0 JavaThread "Unconstrained build operations Thread 45"        [_thread_blocked, id=10016, stack(0x000000cd85000000,0x000000cd85100000) (1024K)]
  0x00000273b23b9420 JavaThread "Unconstrained build operations Thread 46"        [_thread_blocked, id=21452, stack(0x000000cd85100000,0x000000cd85200000) (1024K)]
  0x00000273b23b8d90 JavaThread "Unconstrained build operations Thread 47"        [_thread_blocked, id=9052, stack(0x000000cd85200000,0x000000cd85300000) (1024K)]
  0x00000273b23bcf30 JavaThread "Unconstrained build operations Thread 48"        [_thread_blocked, id=2572, stack(0x000000cd85300000,0x000000cd85400000) (1024K)]
  0x00000273b23bd5c0 JavaThread "Unconstrained build operations Thread 49"        [_thread_blocked, id=10412, stack(0x000000cd85400000,0x000000cd85500000) (1024K)]
  0x00000273b23bae60 JavaThread "Unconstrained build operations Thread 50"        [_thread_blocked, id=19172, stack(0x000000cd85500000,0x000000cd85600000) (1024K)]
  0x00000273b23bb4f0 JavaThread "Unconstrained build operations Thread 51"        [_thread_blocked, id=9428, stack(0x000000cd85600000,0x000000cd85700000) (1024K)]
  0x00000273b23ba7d0 JavaThread "Unconstrained build operations Thread 52"        [_thread_blocked, id=18488, stack(0x000000cd85700000,0x000000cd85800000) (1024K)]
  0x00000273b23bbb80 JavaThread "Unconstrained build operations Thread 53"        [_thread_blocked, id=16996, stack(0x000000cd85800000,0x000000cd85900000) (1024K)]
  0x00000273b23b8700 JavaThread "Unconstrained build operations Thread 54"        [_thread_blocked, id=624, stack(0x000000cd85900000,0x000000cd85a00000) (1024K)]
  0x00000273b23be970 JavaThread "Unconstrained build operations Thread 55"        [_thread_blocked, id=11592, stack(0x000000cd85a00000,0x000000cd85b00000) (1024K)]
  0x00000273b23bfd20 JavaThread "Unconstrained build operations Thread 56"        [_thread_blocked, id=20708, stack(0x000000cd85b00000,0x000000cd85c00000) (1024K)]
  0x00000273b23be2e0 JavaThread "Unconstrained build operations Thread 57"        [_thread_blocked, id=21788, stack(0x000000cd85c00000,0x000000cd85d00000) (1024K)]
  0x00000273b23bdc50 JavaThread "WorkerExecutor Queue Thread 9"        [_thread_blocked, id=8804, stack(0x000000cd85d00000,0x000000cd85e00000) (1024K)]
  0x00000273b23bf000 JavaThread "Unconstrained build operations Thread 58"        [_thread_blocked, id=6960, stack(0x000000cd85e00000,0x000000cd85f00000) (1024K)]
  0x00000273b23bf690 JavaThread "Unconstrained build operations Thread 59"        [_thread_blocked, id=21684, stack(0x000000cd85f00000,0x000000cd86000000) (1024K)]
  0x00000273b23bc8a0 JavaThread "Unconstrained build operations Thread 60"        [_thread_blocked, id=16716, stack(0x000000cd86000000,0x000000cd86100000) (1024K)]
  0x00000273ab0787f0 JavaThread "Unconstrained build operations Thread 61"        [_thread_blocked, id=16288, stack(0x000000cd86100000,0x000000cd86200000) (1024K)]
  0x00000273ab07a8c0 JavaThread "Unconstrained build operations Thread 62"        [_thread_blocked, id=3728, stack(0x000000cd86200000,0x000000cd86300000) (1024K)]
  0x00000273ab077440 JavaThread "Unconstrained build operations Thread 63"        [_thread_blocked, id=14724, stack(0x000000cd86300000,0x000000cd86400000) (1024K)]
  0x00000273ab07a230 JavaThread "Unconstrained build operations Thread 64"        [_thread_blocked, id=4588, stack(0x000000cd86400000,0x000000cd86500000) (1024K)]
  0x00000273ab079510 JavaThread "Unconstrained build operations Thread 65"        [_thread_blocked, id=5076, stack(0x000000cd86500000,0x000000cd86600000) (1024K)]
  0x00000273ab078e80 JavaThread "Unconstrained build operations Thread 66"        [_thread_blocked, id=15672, stack(0x000000cd86600000,0x000000cd86700000) (1024K)]
  0x00000273ab079ba0 JavaThread "Unconstrained build operations Thread 67"        [_thread_blocked, id=9644, stack(0x000000cd86700000,0x000000cd86800000) (1024K)]
  0x00000273ab077ad0 JavaThread "Unconstrained build operations Thread 68"        [_thread_blocked, id=18832, stack(0x000000cd86800000,0x000000cd86900000) (1024K)]
  0x00000273ab07af50 JavaThread "Unconstrained build operations Thread 69"        [_thread_blocked, id=15108, stack(0x000000cd86900000,0x000000cd86a00000) (1024K)]
  0x00000273ab078160 JavaThread "Unconstrained build operations Thread 70"        [_thread_blocked, id=9672, stack(0x000000cd86a00000,0x000000cd86b00000) (1024K)]
  0x00000273ab07dd40 JavaThread "Unconstrained build operations Thread 71"        [_thread_blocked, id=19012, stack(0x000000cd86b00000,0x000000cd86c00000) (1024K)]
  0x00000273ab295bd0 JavaThread "Unconstrained build operations Thread 72"        [_thread_blocked, id=6308, stack(0x000000cd86c00000,0x000000cd86d00000) (1024K)]
  0x00000273ab296260 JavaThread "Unconstrained build operations Thread 73"        [_thread_blocked, id=11964, stack(0x000000cd86d00000,0x000000cd86e00000) (1024K)]
  0x00000273ab2968f0 JavaThread "Unconstrained build operations Thread 74"        [_thread_blocked, id=1132, stack(0x000000cd86e00000,0x000000cd86f00000) (1024K)]
  0x00000273ab296f80 JavaThread "Unconstrained build operations Thread 75"        [_thread_blocked, id=22216, stack(0x000000cd86f00000,0x000000cd87000000) (1024K)]
  0x00000273ab298330 JavaThread "Unconstrained build operations Thread 76"        [_thread_blocked, id=18676, stack(0x000000cd87000000,0x000000cd87100000) (1024K)]
  0x00000273b1367140 JavaThread "Unconstrained build operations Thread 77"        [_thread_blocked, id=6264, stack(0x000000cd87100000,0x000000cd87200000) (1024K)]
  0x00000273b13677d0 JavaThread "Unconstrained build operations Thread 78"        [_thread_blocked, id=19568, stack(0x000000cd87200000,0x000000cd87300000) (1024K)]
  0x00000273b24e4f30 JavaThread "Unconstrained build operations Thread 79"        [_thread_blocked, id=10044, stack(0x000000cd83800000,0x000000cd83900000) (1024K)]
  0x00000273b24e34f0 JavaThread "Unconstrained build operations Thread 80"        [_thread_blocked, id=12560, stack(0x000000cd87300000,0x000000cd87400000) (1024K)]
  0x00000273b19cdc60 JavaThread "C2 CompilerThread1"         daemon [_thread_blocked, id=6392, stack(0x000000cd81000000,0x000000cd81100000) (1024K)]
  0x00000273b24e3b80 JavaThread "WorkerExecutor Queue Thread 10"        [_thread_blocked, id=17032, stack(0x000000cd87400000,0x000000cd87500000) (1024K)]
Total: 133

Other Threads:
=>0x00000273a0f5ebf0 VMThread "VM Thread"                           [id=6996, stack(0x000000cdfe800000,0x000000cdfe900000) (1024K)]
  0x00000273a0efcf40 WatcherThread "VM Periodic Task Thread"        [id=10224, stack(0x000000cdfe700000,0x000000cdfe800000) (1024K)]
  0x000002738800d1a0 WorkerThread "GC Thread#0"                     [id=8976, stack(0x000000cdfe200000,0x000000cdfe300000) (1024K)]
  0x00000273a659f6a0 WorkerThread "GC Thread#1"                     [id=14216, stack(0x000000cdff400000,0x000000cdff500000) (1024K)]
  0x00000273a6b4e050 WorkerThread "GC Thread#2"                     [id=11152, stack(0x000000cdff500000,0x000000cdff600000) (1024K)]
  0x00000273a6dbced0 WorkerThread "GC Thread#3"                     [id=12696, stack(0x000000cdff600000,0x000000cdff700000) (1024K)]
  0x00000273a6dbd480 WorkerThread "GC Thread#4"                     [id=3516, stack(0x000000cdff700000,0x000000cdff800000) (1024K)]
  0x00000273a78be4e0 WorkerThread "GC Thread#5"                     [id=11320, stack(0x000000cd80100000,0x000000cd80200000) (1024K)]
  0x00000273a77c9be0 WorkerThread "GC Thread#6"                     [id=13716, stack(0x000000cd80200000,0x000000cd80300000) (1024K)]
  0x00000273a7c51680 WorkerThread "GC Thread#7"                     [id=19420, stack(0x000000cd80300000,0x000000cd80400000) (1024K)]
  0x000002738801ec60 ConcurrentGCThread "G1 Main Marker"            [id=14080, stack(0x000000cdfe300000,0x000000cdfe400000) (1024K)]
  0x0000027388021cf0 WorkerThread "G1 Conc#0"                       [id=11856, stack(0x000000cdfe400000,0x000000cdfe500000) (1024K)]
  0x00000273a7896700 WorkerThread "G1 Conc#1"                       [id=10672, stack(0x000000cd80400000,0x000000cd80500000) (1024K)]
  0x00000273a0dd0010 ConcurrentGCThread "G1 Refine#0"               [id=11688, stack(0x000000cdfe500000,0x000000cdfe600000) (1024K)]
  0x00000273a0dd0630 ConcurrentGCThread "G1 Service"                [id=20472, stack(0x000000cdfe600000,0x000000cdfe700000) (1024K)]
Total: 15

Threads with active compile tasks:
C2 CompilerThread0    38177 17634       4       com.android.tools.r8.dex.C::<init> (192 bytes)
Total: 1

VM state: at safepoint (normal execution)

VM Mutex/Monitor currently owned by a thread:  ([mutex/lock_event])
[0x00007ffd344b20c8] Threads_lock - owner thread: 0x00000273a0f5ebf0
[0x00007ffd344b21c8] Heap_lock - owner thread: 0x000002738801ec60

Heap address: 0x0000000080000000, size: 2048 MB, Compressed Oops mode: 32-bit

CDS archive(s) not mapped
Compressed class space mapped at: 0x0000000100000000-0x0000000140000000, reserved size: 1073741824
Narrow klass base: 0x0000000000000000, Narrow klass shift: 3, Narrow klass range: 0x140000000

GC Precious Log:
 CardTable entry size: 512
 Card Set container configuration: InlinePtr #cards 5 size 8 Array Of Cards #cards 12 size 40 Howl #buckets 4 coarsen threshold 1843 Howl Bitmap #cards 512 size 80 coarsen threshold 460 Card regions per heap region 1 cards per card region 2048
 CPUs: 8 total, 8 available
 Memory: 7952M
 Large Page Support: Disabled
 NUMA Support: Disabled
 Compressed Oops: Enabled (32-bit)
 Heap Region Size: 1M
 Heap Min Capacity: 8M
 Heap Initial Capacity: 126M
 Heap Max Capacity: 2G
 Pre-touch: Disabled
 Parallel Workers: 8
 Concurrent Workers: 2
 Concurrent Refinement Workers: 8
 Periodic GC: Disabled

Heap:
 garbage-first heap   total 340992K, used 282992K [0x0000000080000000, 0x0000000100000000)
  region size 1024K, 9 young (9216K), 6 survivors (6144K)
 Metaspace       used 126200K, committed 128384K, reserved 1179648K
  class space    used 16968K, committed 18048K, reserved 1048576K

Heap Regions: E=young(eden), S=young(survivor), O=old, HS=humongous(starts), HC=humongous(continues), CS=collection set, F=free, TAMS=top-at-mark-start, PB=parsable bottom
|   0|0x0000000080000000, 0x0000000080100000, 0x0000000080100000|100%|HS|  |TAMS 0x0000000080100000| PB 0x0000000080000000| Complete 
|   1|0x0000000080100000, 0x0000000080200000, 0x0000000080200000|100%|HC|  |TAMS 0x0000000080200000| PB 0x0000000080100000| Complete 
|   2|0x0000000080200000, 0x0000000080300000, 0x0000000080300000|100%|HC|  |TAMS 0x0000000080300000| PB 0x0000000080200000| Complete 
|   3|0x0000000080300000, 0x0000000080400000, 0x0000000080400000|100%|HC|  |TAMS 0x0000000080400000| PB 0x0000000080300000| Complete 
|   4|0x0000000080400000, 0x0000000080500000, 0x0000000080500000|100%| O|  |TAMS 0x0000000080500000| PB 0x0000000080500000| Untracked 
|   5|0x0000000080500000, 0x0000000080600000, 0x0000000080600000|100%| O|  |TAMS 0x0000000080600000| PB 0x0000000080600000| Untracked 
|   6|0x0000000080600000, 0x0000000080700000, 0x0000000080700000|100%| O|  |TAMS 0x0000000080700000| PB 0x0000000080700000| Untracked 
|   7|0x0000000080700000, 0x0000000080800000, 0x0000000080800000|100%| O|  |TAMS 0x0000000080800000| PB 0x0000000080800000| Untracked 
|   8|0x0000000080800000, 0x0000000080900000, 0x0000000080900000|100%| O|  |TAMS 0x0000000080900000| PB 0x0000000080900000| Untracked 
|   9|0x0000000080900000, 0x0000000080a00000, 0x0000000080a00000|100%| O|  |TAMS 0x0000000080a00000| PB 0x0000000080a00000| Untracked 
|  10|0x0000000080a00000, 0x0000000080b00000, 0x0000000080b00000|100%|HS|  |TAMS 0x0000000080b00000| PB 0x0000000080a00000| Complete 
|  11|0x0000000080b00000, 0x0000000080c00000, 0x0000000080c00000|100%| O|  |TAMS 0x0000000080c00000| PB 0x0000000080c00000| Untracked 
|  12|0x0000000080c00000, 0x0000000080d00000, 0x0000000080d00000|100%| O|  |TAMS 0x0000000080d00000| PB 0x0000000080d00000| Untracked 
|  13|0x0000000080d00000, 0x0000000080e00000, 0x0000000080e00000|100%| O|  |TAMS 0x0000000080e00000| PB 0x0000000080e00000| Untracked 
|  14|0x0000000080e00000, 0x0000000080f00000, 0x0000000080f00000|100%| O|  |TAMS 0x0000000080f00000| PB 0x0000000080f00000| Updating 
|  15|0x0000000080f00000, 0x0000000081000000, 0x0000000081000000|100%| O|  |TAMS 0x0000000081000000| PB 0x0000000081000000| Untracked 
|  16|0x0000000081000000, 0x0000000081100000, 0x0000000081100000|100%| O|  |TAMS 0x0000000081100000| PB 0x0000000081100000| Untracked 
|  17|0x0000000081100000, 0x0000000081200000, 0x0000000081200000|100%| O|  |TAMS 0x0000000081200000| PB 0x0000000081200000| Untracked 
|  18|0x0000000081200000, 0x0000000081300000, 0x0000000081300000|100%| O|  |TAMS 0x0000000081300000| PB 0x0000000081300000| Untracked 
|  19|0x0000000081300000, 0x0000000081400000, 0x0000000081400000|100%| O|  |TAMS 0x0000000081400000| PB 0x0000000081400000| Untracked 
|  20|0x0000000081400000, 0x0000000081500000, 0x0000000081500000|100%| O|  |TAMS 0x0000000081500000| PB 0x0000000081500000| Updating 
|  21|0x0000000081500000, 0x0000000081600000, 0x0000000081600000|100%| O|  |TAMS 0x0000000081600000| PB 0x0000000081600000| Untracked 
|  22|0x0000000081600000, 0x0000000081700000, 0x0000000081700000|100%| O|  |TAMS 0x0000000081700000| PB 0x0000000081700000| Untracked 
|  23|0x0000000081700000, 0x0000000081800000, 0x0000000081800000|100%| O|  |TAMS 0x0000000081800000| PB 0x0000000081800000| Untracked 
|  24|0x0000000081800000, 0x0000000081900000, 0x0000000081900000|100%| O|  |TAMS 0x0000000081900000| PB 0x0000000081900000| Updating 
|  25|0x0000000081900000, 0x0000000081a00000, 0x0000000081a00000|100%| O|  |TAMS 0x0000000081a00000| PB 0x0000000081a00000| Updating 
|  26|0x0000000081a00000, 0x0000000081b00000, 0x0000000081b00000|100%| O|  |TAMS 0x0000000081b00000| PB 0x0000000081b00000| Updating 
|  27|0x0000000081b00000, 0x0000000081c00000, 0x0000000081c00000|100%| O|  |TAMS 0x0000000081c00000| PB 0x0000000081c00000| Untracked 
|  28|0x0000000081c00000, 0x0000000081d00000, 0x0000000081d00000|100%| O|  |TAMS 0x0000000081d00000| PB 0x0000000081d00000| Untracked 
|  29|0x0000000081d00000, 0x0000000081e00000, 0x0000000081e00000|100%| O|  |TAMS 0x0000000081e00000| PB 0x0000000081e00000| Untracked 
|  30|0x0000000081e00000, 0x0000000081f00000, 0x0000000081f00000|100%| O|  |TAMS 0x0000000081f00000| PB 0x0000000081f00000| Untracked 
|  31|0x0000000081f00000, 0x0000000082000000, 0x0000000082000000|100%| O|  |TAMS 0x0000000082000000| PB 0x0000000082000000| Untracked 
|  32|0x0000000082000000, 0x0000000082100000, 0x0000000082100000|100%| O|  |TAMS 0x0000000082100000| PB 0x0000000082100000| Updating 
|  33|0x0000000082100000, 0x0000000082200000, 0x0000000082200000|100%| O|  |TAMS 0x0000000082200000| PB 0x0000000082200000| Updating 
|  34|0x0000000082200000, 0x0000000082300000, 0x0000000082300000|100%|HS|  |TAMS 0x0000000082300000| PB 0x0000000082200000| Complete 
|  35|0x0000000082300000, 0x0000000082400000, 0x0000000082400000|100%|HS|  |TAMS 0x0000000082400000| PB 0x0000000082300000| Complete 
|  36|0x0000000082400000, 0x0000000082500000, 0x0000000082500000|100%| O|  |TAMS 0x0000000082500000| PB 0x0000000082500000| Untracked 
|  37|0x0000000082500000, 0x0000000082600000, 0x0000000082600000|100%| O|  |TAMS 0x0000000082600000| PB 0x0000000082600000| Updating 
|  38|0x0000000082600000, 0x0000000082700000, 0x0000000082700000|100%| O|  |TAMS 0x0000000082700000| PB 0x0000000082700000| Updating 
|  39|0x0000000082700000, 0x0000000082800000, 0x0000000082800000|100%|HS|  |TAMS 0x0000000082800000| PB 0x0000000082700000| Complete 
|  40|0x0000000082800000, 0x0000000082900000, 0x0000000082900000|100%|HC|  |TAMS 0x0000000082900000| PB 0x0000000082800000| Complete 
|  41|0x0000000082900000, 0x0000000082a00000, 0x0000000082a00000|100%|HS|  |TAMS 0x0000000082a00000| PB 0x0000000082900000| Complete 
|  42|0x0000000082a00000, 0x0000000082b00000, 0x0000000082b00000|100%|HS|  |TAMS 0x0000000082b00000| PB 0x0000000082a00000| Complete 
|  43|0x0000000082b00000, 0x0000000082c00000, 0x0000000082c00000|100%| O|  |TAMS 0x0000000082c00000| PB 0x0000000082c00000| Untracked 
|  44|0x0000000082c00000, 0x0000000082d00000, 0x0000000082d00000|100%| O|  |TAMS 0x0000000082d00000| PB 0x0000000082d00000| Updating 
|  45|0x0000000082d00000, 0x0000000082e00000, 0x0000000082e00000|100%| O|  |TAMS 0x0000000082e00000| PB 0x0000000082e00000| Updating 
|  46|0x0000000082e00000, 0x0000000082f00000, 0x0000000082f00000|100%|HS|  |TAMS 0x0000000082f00000| PB 0x0000000082e00000| Complete 
|  47|0x0000000082f00000, 0x0000000083000000, 0x0000000083000000|100%|HC|  |TAMS 0x0000000083000000| PB 0x0000000082f00000| Complete 
|  48|0x0000000083000000, 0x0000000083100000, 0x0000000083100000|100%|HS|  |TAMS 0x0000000083100000| PB 0x0000000083000000| Complete 
|  49|0x0000000083100000, 0x0000000083200000, 0x0000000083200000|100%|HC|  |TAMS 0x0000000083200000| PB 0x0000000083100000| Complete 
|  50|0x0000000083200000, 0x0000000083300000, 0x0000000083300000|100%|HC|  |TAMS 0x0000000083300000| PB 0x0000000083200000| Complete 
|  51|0x0000000083300000, 0x0000000083400000, 0x0000000083400000|100%|HS|  |TAMS 0x0000000083400000| PB 0x0000000083300000| Complete 
|  52|0x0000000083400000, 0x0000000083500000, 0x0000000083500000|100%| O|  |TAMS 0x0000000083500000| PB 0x0000000083500000| Untracked 
|  53|0x0000000083500000, 0x0000000083600000, 0x0000000083600000|100%|HS|  |TAMS 0x0000000083600000| PB 0x0000000083500000| Complete 
|  54|0x0000000083600000, 0x0000000083700000, 0x0000000083700000|100%| O|  |TAMS 0x0000000083700000| PB 0x0000000083700000| Untracked 
|  55|0x0000000083700000, 0x0000000083800000, 0x0000000083800000|100%| O|  |TAMS 0x0000000083800000| PB 0x0000000083800000| Untracked 
|  56|0x0000000083800000, 0x0000000083900000, 0x0000000083900000|100%| O|  |TAMS 0x0000000083900000| PB 0x0000000083900000| Untracked 
|  57|0x0000000083900000, 0x0000000083a00000, 0x0000000083a00000|100%| O|  |TAMS 0x0000000083a00000| PB 0x0000000083a00000| Updating 
|  58|0x0000000083a00000, 0x0000000083b00000, 0x0000000083b00000|100%| O|  |TAMS 0x0000000083b00000| PB 0x0000000083b00000| Untracked 
|  59|0x0000000083b00000, 0x0000000083c00000, 0x0000000083c00000|100%| O|  |TAMS 0x0000000083c00000| PB 0x0000000083c00000| Untracked 
|  60|0x0000000083c00000, 0x0000000083d00000, 0x0000000083d00000|100%| O|  |TAMS 0x0000000083d00000| PB 0x0000000083d00000| Untracked 
|  61|0x0000000083d00000, 0x0000000083e00000, 0x0000000083e00000|100%|HS|  |TAMS 0x0000000083e00000| PB 0x0000000083d00000| Complete 
|  62|0x0000000083e00000, 0x0000000083f00000, 0x0000000083f00000|100%| O|  |TAMS 0x0000000083f00000| PB 0x0000000083f00000| Updating 
|  63|0x0000000083f00000, 0x0000000084000000, 0x0000000084000000|100%| O|  |TAMS 0x0000000084000000| PB 0x0000000084000000| Untracked 
|  64|0x0000000084000000, 0x0000000084100000, 0x0000000084100000|100%| O|  |TAMS 0x0000000084100000| PB 0x0000000084100000| Untracked 
|  65|0x0000000084100000, 0x0000000084200000, 0x0000000084200000|100%| O|  |TAMS 0x0000000084200000| PB 0x0000000084200000| Updating 
|  66|0x0000000084200000, 0x0000000084300000, 0x0000000084300000|100%|HS|  |TAMS 0x0000000084300000| PB 0x0000000084200000| Complete 
|  67|0x0000000084300000, 0x0000000084400000, 0x0000000084400000|100%|HC|  |TAMS 0x0000000084400000| PB 0x0000000084300000| Complete 
|  68|0x0000000084400000, 0x0000000084500000, 0x0000000084500000|100%|HC|  |TAMS 0x0000000084500000| PB 0x0000000084400000| Complete 
|  69|0x0000000084500000, 0x0000000084600000, 0x0000000084600000|100%| O|  |TAMS 0x0000000084600000| PB 0x0000000084600000| Untracked 
|  70|0x0000000084600000, 0x0000000084700000, 0x0000000084700000|100%| O|  |TAMS 0x0000000084700000| PB 0x0000000084700000| Untracked 
|  71|0x0000000084700000, 0x0000000084800000, 0x0000000084800000|100%| O|  |TAMS 0x0000000084800000| PB 0x0000000084800000| Untracked 
|  72|0x0000000084800000, 0x0000000084900000, 0x0000000084900000|100%| O|  |TAMS 0x0000000084900000| PB 0x0000000084900000| Untracked 
|  73|0x0000000084900000, 0x0000000084a00000, 0x0000000084a00000|100%| O|  |TAMS 0x0000000084a00000| PB 0x0000000084a00000| Untracked 
|  74|0x0000000084a00000, 0x0000000084b00000, 0x0000000084b00000|100%| O|  |TAMS 0x0000000084b00000| PB 0x0000000084b00000| Untracked 
|  75|0x0000000084b00000, 0x0000000084c00000, 0x0000000084c00000|100%| O|  |TAMS 0x0000000084c00000| PB 0x0000000084c00000| Untracked 
|  76|0x0000000084c00000, 0x0000000084d00000, 0x0000000084d00000|100%| O|  |TAMS 0x0000000084d00000| PB 0x0000000084d00000| Untracked 
|  77|0x0000000084d00000, 0x0000000084e00000, 0x0000000084e00000|100%| O|  |TAMS 0x0000000084e00000| PB 0x0000000084e00000| Updating 
|  78|0x0000000084e00000, 0x0000000084f00000, 0x0000000084f00000|100%| O|  |TAMS 0x0000000084f00000| PB 0x0000000084f00000| Updating 
|  79|0x0000000084f00000, 0x0000000085000000, 0x0000000085000000|100%| O|  |TAMS 0x0000000085000000| PB 0x0000000085000000| Updating 
|  80|0x0000000085000000, 0x0000000085100000, 0x0000000085100000|100%| O|  |TAMS 0x0000000085100000| PB 0x0000000085100000| Untracked 
|  81|0x0000000085100000, 0x0000000085200000, 0x0000000085200000|100%| O|  |TAMS 0x0000000085200000| PB 0x0000000085200000| Updating 
|  82|0x0000000085200000, 0x0000000085300000, 0x0000000085300000|100%| O|  |TAMS 0x0000000085300000| PB 0x0000000085300000| Untracked 
|  83|0x0000000085300000, 0x0000000085400000, 0x0000000085400000|100%| O|  |TAMS 0x0000000085400000| PB 0x0000000085400000| Untracked 
|  84|0x0000000085400000, 0x0000000085500000, 0x0000000085500000|100%| O|  |TAMS 0x0000000085500000| PB 0x0000000085500000| Updating 
|  85|0x0000000085500000, 0x0000000085600000, 0x0000000085600000|100%| O|  |TAMS 0x0000000085600000| PB 0x0000000085600000| Untracked 
|  86|0x0000000085600000, 0x0000000085700000, 0x0000000085700000|100%| O|  |TAMS 0x0000000085700000| PB 0x0000000085700000| Updating 
|  87|0x0000000085700000, 0x0000000085800000, 0x0000000085800000|100%| O|  |TAMS 0x0000000085800000| PB 0x0000000085800000| Updating 
|  88|0x0000000085800000, 0x0000000085900000, 0x0000000085900000|100%| O|  |TAMS 0x0000000085900000| PB 0x0000000085900000| Untracked 
|  89|0x0000000085900000, 0x0000000085a00000, 0x0000000085a00000|100%| O|  |TAMS 0x0000000085a00000| PB 0x0000000085a00000| Untracked 
|  90|0x0000000085a00000, 0x0000000085b00000, 0x0000000085b00000|100%| O|  |TAMS 0x0000000085b00000| PB 0x0000000085b00000| Updating 
|  91|0x0000000085b00000, 0x0000000085c00000, 0x0000000085c00000|100%| O|  |TAMS 0x0000000085b00000| PB 0x0000000085b00000| Untracked 
|  92|0x0000000085c00000, 0x0000000085c00000, 0x0000000085d00000|  0%| F|  |TAMS 0x0000000085c00000| PB 0x0000000085c00000| Untracked 
|  93|0x0000000085d00000, 0x0000000085e00000, 0x0000000085e00000|100%| O|  |TAMS 0x0000000085e00000| PB 0x0000000085e00000| Untracked 
|  94|0x0000000085e00000, 0x0000000085f00000, 0x0000000085f00000|100%|HS|  |TAMS 0x0000000085f00000| PB 0x0000000085e00000| Complete 
|  95|0x0000000085f00000, 0x0000000086000000, 0x0000000086000000|100%| O|  |TAMS 0x0000000086000000| PB 0x0000000086000000| Untracked 
|  96|0x0000000086000000, 0x0000000086100000, 0x0000000086100000|100%| O|  |TAMS 0x0000000086100000| PB 0x0000000086100000| Untracked 
|  97|0x0000000086100000, 0x0000000086200000, 0x0000000086200000|100%|HS|  |TAMS 0x0000000086100000| PB 0x0000000086100000| Complete 
|  98|0x0000000086200000, 0x0000000086300000, 0x0000000086300000|100%| O|  |TAMS 0x0000000086300000| PB 0x0000000086300000| Untracked 
|  99|0x0000000086300000, 0x0000000086400000, 0x0000000086400000|100%| O|  |TAMS 0x0000000086400000| PB 0x0000000086400000| Untracked 
| 100|0x0000000086400000, 0x0000000086500000, 0x0000000086500000|100%| O|  |TAMS 0x0000000086500000| PB 0x0000000086500000| Updating 
| 101|0x0000000086500000, 0x0000000086600000, 0x0000000086600000|100%|HS|  |TAMS 0x0000000086600000| PB 0x0000000086500000| Complete 
| 102|0x0000000086600000, 0x0000000086700000, 0x0000000086700000|100%|HS|  |TAMS 0x0000000086700000| PB 0x0000000086600000| Complete 
| 103|0x0000000086700000, 0x0000000086800000, 0x0000000086800000|100%| O|  |TAMS 0x0000000086800000| PB 0x0000000086800000| Updating 
| 104|0x0000000086800000, 0x0000000086900000, 0x0000000086900000|100%| O|  |TAMS 0x0000000086900000| PB 0x0000000086900000| Updating 
| 105|0x0000000086900000, 0x0000000086a00000, 0x0000000086a00000|100%| O|  |TAMS 0x0000000086a00000| PB 0x0000000086a00000| Updating 
| 106|0x0000000086a00000, 0x0000000086b00000, 0x0000000086b00000|100%| O|  |TAMS 0x0000000086b00000| PB 0x0000000086b00000| Updating 
| 107|0x0000000086b00000, 0x0000000086c00000, 0x0000000086c00000|100%| O|  |TAMS 0x0000000086c00000| PB 0x0000000086c00000| Updating 
| 108|0x0000000086c00000, 0x0000000086d00000, 0x0000000086d00000|100%|HS|  |TAMS 0x0000000086d00000| PB 0x0000000086c00000| Complete 
| 109|0x0000000086d00000, 0x0000000086e00000, 0x0000000086e00000|100%|HC|  |TAMS 0x0000000086e00000| PB 0x0000000086d00000| Complete 
| 110|0x0000000086e00000, 0x0000000086f00000, 0x0000000086f00000|100%|HC|  |TAMS 0x0000000086f00000| PB 0x0000000086e00000| Complete 
| 111|0x0000000086f00000, 0x0000000087000000, 0x0000000087000000|100%|HC|  |TAMS 0x0000000087000000| PB 0x0000000086f00000| Complete 
| 112|0x0000000087000000, 0x0000000087100000, 0x0000000087100000|100%| O|  |TAMS 0x0000000087100000| PB 0x0000000087100000| Untracked 
| 113|0x0000000087100000, 0x0000000087200000, 0x0000000087200000|100%| O|  |TAMS 0x0000000087200000| PB 0x0000000087200000| Updating 
| 114|0x0000000087200000, 0x0000000087300000, 0x0000000087300000|100%|HS|  |TAMS 0x0000000087200000| PB 0x0000000087200000| Complete 
| 115|0x0000000087300000, 0x0000000087400000, 0x0000000087400000|100%|HS|  |TAMS 0x0000000087400000| PB 0x0000000087300000| Complete 
| 116|0x0000000087400000, 0x0000000087500000, 0x0000000087500000|100%|HS|  |TAMS 0x0000000087400000| PB 0x0000000087400000| Complete 
| 117|0x0000000087500000, 0x0000000087600000, 0x0000000087600000|100%|HS|  |TAMS 0x0000000087600000| PB 0x0000000087500000| Complete 
| 118|0x0000000087600000, 0x0000000087700000, 0x0000000087700000|100%|HC|  |TAMS 0x0000000087700000| PB 0x0000000087600000| Complete 
| 119|0x0000000087700000, 0x0000000087800000, 0x0000000087800000|100%|HS|  |TAMS 0x0000000087800000| PB 0x0000000087700000| Complete 
| 120|0x0000000087800000, 0x0000000087900000, 0x0000000087900000|100%|HS|  |TAMS 0x0000000087900000| PB 0x0000000087800000| Complete 
| 121|0x0000000087900000, 0x0000000087a00000, 0x0000000087a00000|100%|HS|  |TAMS 0x0000000087a00000| PB 0x0000000087900000| Complete 
| 122|0x0000000087a00000, 0x0000000087b00000, 0x0000000087b00000|100%| O|  |TAMS 0x0000000087b00000| PB 0x0000000087b00000| Updating 
| 123|0x0000000087b00000, 0x0000000087c00000, 0x0000000087c00000|100%| O|  |TAMS 0x0000000087c00000| PB 0x0000000087c00000| Untracked 
| 124|0x0000000087c00000, 0x0000000087d00000, 0x0000000087d00000|100%| O|  |TAMS 0x0000000087d00000| PB 0x0000000087d00000| Updating 
| 125|0x0000000087d00000, 0x0000000087e00000, 0x0000000087e00000|100%| O|  |TAMS 0x0000000087e00000| PB 0x0000000087e00000| Untracked 
| 126|0x0000000087e00000, 0x0000000087f00000, 0x0000000087f00000|100%| O|  |TAMS 0x0000000087f00000| PB 0x0000000087f00000| Updating 
| 127|0x0000000087f00000, 0x0000000088000000, 0x0000000088000000|100%| O|  |TAMS 0x0000000088000000| PB 0x0000000088000000| Untracked 
| 128|0x0000000088000000, 0x0000000088100000, 0x0000000088100000|100%| O|  |TAMS 0x0000000088100000| PB 0x0000000088100000| Updating 
| 129|0x0000000088100000, 0x0000000088200000, 0x0000000088200000|100%| O|  |TAMS 0x0000000088200000| PB 0x0000000088200000| Updating 
| 130|0x0000000088200000, 0x0000000088300000, 0x0000000088300000|100%|HS|  |TAMS 0x0000000088300000| PB 0x0000000088200000| Complete 
| 131|0x0000000088300000, 0x0000000088400000, 0x0000000088400000|100%|HC|  |TAMS 0x0000000088400000| PB 0x0000000088300000| Complete 
| 132|0x0000000088400000, 0x0000000088500000, 0x0000000088500000|100%|HC|  |TAMS 0x0000000088500000| PB 0x0000000088400000| Complete 
| 133|0x0000000088500000, 0x0000000088600000, 0x0000000088600000|100%|HC|  |TAMS 0x0000000088600000| PB 0x0000000088500000| Complete 
| 134|0x0000000088600000, 0x0000000088700000, 0x0000000088700000|100%|HS|  |TAMS 0x0000000088700000| PB 0x0000000088600000| Complete 
| 135|0x0000000088700000, 0x0000000088800000, 0x0000000088800000|100%|HC|  |TAMS 0x0000000088800000| PB 0x0000000088700000| Complete 
| 136|0x0000000088800000, 0x0000000088900000, 0x0000000088900000|100%|HS|  |TAMS 0x0000000088900000| PB 0x0000000088800000| Complete 
| 137|0x0000000088900000, 0x0000000088a00000, 0x0000000088a00000|100%| O|  |TAMS 0x0000000088a00000| PB 0x0000000088a00000| Untracked 
| 138|0x0000000088a00000, 0x0000000088b00000, 0x0000000088b00000|100%| O|  |TAMS 0x0000000088b00000| PB 0x0000000088b00000| Updating 
| 139|0x0000000088b00000, 0x0000000088c00000, 0x0000000088c00000|100%|HS|  |TAMS 0x0000000088c00000| PB 0x0000000088b00000| Complete 
| 140|0x0000000088c00000, 0x0000000088d00000, 0x0000000088d00000|100%|HC|  |TAMS 0x0000000088d00000| PB 0x0000000088c00000| Complete 
| 141|0x0000000088d00000, 0x0000000088e00000, 0x0000000088e00000|100%|HC|  |TAMS 0x0000000088e00000| PB 0x0000000088d00000| Complete 
| 142|0x0000000088e00000, 0x0000000088f00000, 0x0000000088f00000|100%|HC|  |TAMS 0x0000000088f00000| PB 0x0000000088e00000| Complete 
| 143|0x0000000088f00000, 0x0000000089000000, 0x0000000089000000|100%|HC|  |TAMS 0x0000000089000000| PB 0x0000000088f00000| Complete 
| 144|0x0000000089000000, 0x0000000089100000, 0x0000000089100000|100%|HC|  |TAMS 0x0000000089100000| PB 0x0000000089000000| Complete 
| 145|0x0000000089100000, 0x0000000089200000, 0x0000000089200000|100%|HC|  |TAMS 0x0000000089200000| PB 0x0000000089100000| Complete 
| 146|0x0000000089200000, 0x0000000089300000, 0x0000000089300000|100%|HC|  |TAMS 0x0000000089300000| PB 0x0000000089200000| Complete 
| 147|0x0000000089300000, 0x0000000089400000, 0x0000000089400000|100%|HC|  |TAMS 0x0000000089400000| PB 0x0000000089300000| Complete 
| 148|0x0000000089400000, 0x0000000089500000, 0x0000000089500000|100%|HC|  |TAMS 0x0000000089500000| PB 0x0000000089400000| Complete 
| 149|0x0000000089500000, 0x0000000089600000, 0x0000000089600000|100%|HC|  |TAMS 0x0000000089600000| PB 0x0000000089500000| Complete 
| 150|0x0000000089600000, 0x0000000089700000, 0x0000000089700000|100%|HC|  |TAMS 0x0000000089700000| PB 0x0000000089600000| Complete 
| 151|0x0000000089700000, 0x0000000089800000, 0x0000000089800000|100%|HC|  |TAMS 0x0000000089800000| PB 0x0000000089700000| Complete 
| 152|0x0000000089800000, 0x0000000089900000, 0x0000000089900000|100%|HC|  |TAMS 0x0000000089900000| PB 0x0000000089800000| Complete 
| 153|0x0000000089900000, 0x0000000089a00000, 0x0000000089a00000|100%|HC|  |TAMS 0x0000000089a00000| PB 0x0000000089900000| Complete 
| 154|0x0000000089a00000, 0x0000000089b00000, 0x0000000089b00000|100%|HC|  |TAMS 0x0000000089b00000| PB 0x0000000089a00000| Complete 
| 155|0x0000000089b00000, 0x0000000089c00000, 0x0000000089c00000|100%|HC|  |TAMS 0x0000000089c00000| PB 0x0000000089b00000| Complete 
| 156|0x0000000089c00000, 0x0000000089d00000, 0x0000000089d00000|100%|HC|  |TAMS 0x0000000089d00000| PB 0x0000000089c00000| Complete 
| 157|0x0000000089d00000, 0x0000000089e00000, 0x0000000089e00000|100%|HC|  |TAMS 0x0000000089e00000| PB 0x0000000089d00000| Complete 
| 158|0x0000000089e00000, 0x0000000089f00000, 0x0000000089f00000|100%|HC|  |TAMS 0x0000000089f00000| PB 0x0000000089e00000| Complete 
| 159|0x0000000089f00000, 0x000000008a000000, 0x000000008a000000|100%|HC|  |TAMS 0x000000008a000000| PB 0x0000000089f00000| Complete 
| 160|0x000000008a000000, 0x000000008a100000, 0x000000008a100000|100%|HC|  |TAMS 0x000000008a100000| PB 0x000000008a000000| Complete 
| 161|0x000000008a100000, 0x000000008a200000, 0x000000008a200000|100%|HC|  |TAMS 0x000000008a200000| PB 0x000000008a100000| Complete 
| 162|0x000000008a200000, 0x000000008a300000, 0x000000008a300000|100%|HC|  |TAMS 0x000000008a300000| PB 0x000000008a200000| Complete 
| 163|0x000000008a300000, 0x000000008a400000, 0x000000008a400000|100%|HC|  |TAMS 0x000000008a400000| PB 0x000000008a300000| Complete 
| 164|0x000000008a400000, 0x000000008a500000, 0x000000008a500000|100%|HC|  |TAMS 0x000000008a500000| PB 0x000000008a400000| Complete 
| 165|0x000000008a500000, 0x000000008a600000, 0x000000008a600000|100%|HC|  |TAMS 0x000000008a600000| PB 0x000000008a500000| Complete 
| 166|0x000000008a600000, 0x000000008a700000, 0x000000008a700000|100%|HC|  |TAMS 0x000000008a700000| PB 0x000000008a600000| Complete 
| 167|0x000000008a700000, 0x000000008a800000, 0x000000008a800000|100%|HC|  |TAMS 0x000000008a800000| PB 0x000000008a700000| Complete 
| 168|0x000000008a800000, 0x000000008a900000, 0x000000008a900000|100%|HC|  |TAMS 0x000000008a900000| PB 0x000000008a800000| Complete 
| 169|0x000000008a900000, 0x000000008aa00000, 0x000000008aa00000|100%|HS|  |TAMS 0x000000008aa00000| PB 0x000000008a900000| Complete 
| 170|0x000000008aa00000, 0x000000008ab00000, 0x000000008ab00000|100%|HC|  |TAMS 0x000000008ab00000| PB 0x000000008aa00000| Complete 
| 171|0x000000008ab00000, 0x000000008ac00000, 0x000000008ac00000|100%|HC|  |TAMS 0x000000008ac00000| PB 0x000000008ab00000| Complete 
| 172|0x000000008ac00000, 0x000000008ad00000, 0x000000008ad00000|100%|HS|  |TAMS 0x000000008ad00000| PB 0x000000008ac00000| Complete 
| 173|0x000000008ad00000, 0x000000008ae00000, 0x000000008ae00000|100%|HC|  |TAMS 0x000000008ae00000| PB 0x000000008ad00000| Complete 
| 174|0x000000008ae00000, 0x000000008af00000, 0x000000008af00000|100%|HS|  |TAMS 0x000000008af00000| PB 0x000000008ae00000| Complete 
| 175|0x000000008af00000, 0x000000008b000000, 0x000000008b000000|100%|HC|  |TAMS 0x000000008b000000| PB 0x000000008af00000| Complete 
| 176|0x000000008b000000, 0x000000008b100000, 0x000000008b100000|100%|HS|  |TAMS 0x000000008b100000| PB 0x000000008b000000| Complete 
| 177|0x000000008b100000, 0x000000008b200000, 0x000000008b200000|100%|HC|  |TAMS 0x000000008b200000| PB 0x000000008b100000| Complete 
| 178|0x000000008b200000, 0x000000008b300000, 0x000000008b300000|100%|HS|  |TAMS 0x000000008b300000| PB 0x000000008b200000| Complete 
| 179|0x000000008b300000, 0x000000008b400000, 0x000000008b400000|100%|HC|  |TAMS 0x000000008b400000| PB 0x000000008b300000| Complete 
| 180|0x000000008b400000, 0x000000008b500000, 0x000000008b500000|100%|HC|  |TAMS 0x000000008b500000| PB 0x000000008b400000| Complete 
| 181|0x000000008b500000, 0x000000008b600000, 0x000000008b600000|100%| O|  |TAMS 0x000000008b600000| PB 0x000000008b600000| Untracked 
| 182|0x000000008b600000, 0x000000008b700000, 0x000000008b700000|100%| O|  |TAMS 0x000000008b6398c0| PB 0x000000008b6398c0| Updating 
| 183|0x000000008b700000, 0x000000008b700000, 0x000000008b800000|  0%| F|  |TAMS 0x000000008b700000| PB 0x000000008b700000| Untracked 
| 184|0x000000008b800000, 0x000000008b900000, 0x000000008b900000|100%|HS|  |TAMS 0x000000008b800000| PB 0x000000008b800000| Complete 
| 185|0x000000008b900000, 0x000000008b900000, 0x000000008ba00000|  0%| F|  |TAMS 0x000000008b900000| PB 0x000000008b900000| Untracked 
| 186|0x000000008ba00000, 0x000000008ba00000, 0x000000008bb00000|  0%| F|  |TAMS 0x000000008ba00000| PB 0x000000008ba00000| Untracked 
| 187|0x000000008bb00000, 0x000000008bb00000, 0x000000008bc00000|  0%| F|  |TAMS 0x000000008bb00000| PB 0x000000008bb00000| Untracked 
| 188|0x000000008bc00000, 0x000000008bc00000, 0x000000008bd00000|  0%| F|  |TAMS 0x000000008bc00000| PB 0x000000008bc00000| Untracked 
| 189|0x000000008bd00000, 0x000000008bd00000, 0x000000008be00000|  0%| F|  |TAMS 0x000000008bd00000| PB 0x000000008bd00000| Untracked 
| 190|0x000000008be00000, 0x000000008bf00000, 0x000000008bf00000|100%|HS|  |TAMS 0x000000008be00000| PB 0x000000008be00000| Complete 
| 191|0x000000008bf00000, 0x000000008c000000, 0x000000008c000000|100%|HC|  |TAMS 0x000000008bf00000| PB 0x000000008bf00000| Complete 
| 192|0x000000008c000000, 0x000000008c100000, 0x000000008c100000|100%|HC|  |TAMS 0x000000008c000000| PB 0x000000008c000000| Complete 
| 193|0x000000008c100000, 0x000000008c200000, 0x000000008c200000|100%|HC|  |TAMS 0x000000008c100000| PB 0x000000008c100000| Complete 
| 194|0x000000008c200000, 0x000000008c300000, 0x000000008c300000|100%|HS|  |TAMS 0x000000008c200000| PB 0x000000008c200000| Complete 
| 195|0x000000008c300000, 0x000000008c400000, 0x000000008c400000|100%|HC|  |TAMS 0x000000008c300000| PB 0x000000008c300000| Complete 
| 196|0x000000008c400000, 0x000000008c500000, 0x000000008c500000|100%|HC|  |TAMS 0x000000008c400000| PB 0x000000008c400000| Complete 
| 197|0x000000008c500000, 0x000000008c600000, 0x000000008c600000|100%|HC|  |TAMS 0x000000008c500000| PB 0x000000008c500000| Complete 
| 198|0x000000008c600000, 0x000000008c600000, 0x000000008c700000|  0%| F|  |TAMS 0x000000008c600000| PB 0x000000008c600000| Untracked 
| 199|0x000000008c700000, 0x000000008c800000, 0x000000008c800000|100%|HS|  |TAMS 0x000000008c700000| PB 0x000000008c700000| Complete 
| 200|0x000000008c800000, 0x000000008c800000, 0x000000008c900000|  0%| F|  |TAMS 0x000000008c800000| PB 0x000000008c800000| Untracked 
| 201|0x000000008c900000, 0x000000008ca00000, 0x000000008ca00000|100%|HS|  |TAMS 0x000000008c900000| PB 0x000000008c900000| Complete 
| 202|0x000000008ca00000, 0x000000008ca00000, 0x000000008cb00000|  0%| F|  |TAMS 0x000000008ca00000| PB 0x000000008ca00000| Untracked 
| 203|0x000000008cb00000, 0x000000008cb00000, 0x000000008cc00000|  0%| F|  |TAMS 0x000000008cb00000| PB 0x000000008cb00000| Untracked 
| 204|0x000000008cc00000, 0x000000008cc00000, 0x000000008cd00000|  0%| F|  |TAMS 0x000000008cc00000| PB 0x000000008cc00000| Untracked 
| 205|0x000000008cd00000, 0x000000008ce00000, 0x000000008ce00000|100%|HS|  |TAMS 0x000000008cd00000| PB 0x000000008cd00000| Complete 
| 206|0x000000008ce00000, 0x000000008cf00000, 0x000000008cf00000|100%|HC|  |TAMS 0x000000008ce00000| PB 0x000000008ce00000| Complete 
| 207|0x000000008cf00000, 0x000000008cf00000, 0x000000008d000000|  0%| F|  |TAMS 0x000000008cf00000| PB 0x000000008cf00000| Untracked 
| 208|0x000000008d000000, 0x000000008d000000, 0x000000008d100000|  0%| F|  |TAMS 0x000000008d000000| PB 0x000000008d000000| Untracked 
| 209|0x000000008d100000, 0x000000008d100000, 0x000000008d200000|  0%| F|  |TAMS 0x000000008d100000| PB 0x000000008d100000| Untracked 
| 210|0x000000008d200000, 0x000000008d200000, 0x000000008d300000|  0%| F|  |TAMS 0x000000008d200000| PB 0x000000008d200000| Untracked 
| 211|0x000000008d300000, 0x000000008d300000, 0x000000008d400000|  0%| F|  |TAMS 0x000000008d300000| PB 0x000000008d300000| Untracked 
| 212|0x000000008d400000, 0x000000008d400000, 0x000000008d500000|  0%| F|  |TAMS 0x000000008d400000| PB 0x000000008d400000| Untracked 
| 213|0x000000008d500000, 0x000000008d600000, 0x000000008d600000|100%|HS|  |TAMS 0x000000008d500000| PB 0x000000008d500000| Complete 
| 214|0x000000008d600000, 0x000000008d700000, 0x000000008d700000|100%|HC|  |TAMS 0x000000008d600000| PB 0x000000008d600000| Complete 
| 215|0x000000008d700000, 0x000000008d800000, 0x000000008d800000|100%|HC|  |TAMS 0x000000008d700000| PB 0x000000008d700000| Complete 
| 216|0x000000008d800000, 0x000000008d800000, 0x000000008d900000|  0%| F|  |TAMS 0x000000008d800000| PB 0x000000008d800000| Untracked 
| 217|0x000000008d900000, 0x000000008d900000, 0x000000008da00000|  0%| F|  |TAMS 0x000000008d900000| PB 0x000000008d900000| Untracked 
| 218|0x000000008da00000, 0x000000008da00000, 0x000000008db00000|  0%| F|  |TAMS 0x000000008da00000| PB 0x000000008da00000| Untracked 
| 219|0x000000008db00000, 0x000000008dc00000, 0x000000008dc00000|100%|HS|  |TAMS 0x000000008db00000| PB 0x000000008db00000| Complete 
| 220|0x000000008dc00000, 0x000000008dd00000, 0x000000008dd00000|100%|HC|  |TAMS 0x000000008dc00000| PB 0x000000008dc00000| Complete 
| 221|0x000000008dd00000, 0x000000008dd00000, 0x000000008de00000|  0%| F|  |TAMS 0x000000008dd00000| PB 0x000000008dd00000| Untracked 
| 222|0x000000008de00000, 0x000000008df00000, 0x000000008df00000|100%|HS|  |TAMS 0x000000008de00000| PB 0x000000008de00000| Complete 
| 223|0x000000008df00000, 0x000000008df00000, 0x000000008e000000|  0%| F|  |TAMS 0x000000008df00000| PB 0x000000008df00000| Untracked 
| 224|0x000000008e000000, 0x000000008e000000, 0x000000008e100000|  0%| F|  |TAMS 0x000000008e000000| PB 0x000000008e000000| Untracked 
| 225|0x000000008e100000, 0x000000008e100000, 0x000000008e200000|  0%| F|  |TAMS 0x000000008e100000| PB 0x000000008e100000| Untracked 
| 226|0x000000008e200000, 0x000000008e300000, 0x000000008e300000|100%|HS|  |TAMS 0x000000008e200000| PB 0x000000008e200000| Complete 
| 227|0x000000008e300000, 0x000000008e400000, 0x000000008e400000|100%|HC|  |TAMS 0x000000008e300000| PB 0x000000008e300000| Complete 
| 228|0x000000008e400000, 0x000000008e500000, 0x000000008e500000|100%|HS|  |TAMS 0x000000008e400000| PB 0x000000008e400000| Complete 
| 229|0x000000008e500000, 0x000000008e600000, 0x000000008e600000|100%|HC|  |TAMS 0x000000008e500000| PB 0x000000008e500000| Complete 
| 230|0x000000008e600000, 0x000000008e600000, 0x000000008e700000|  0%| F|  |TAMS 0x000000008e600000| PB 0x000000008e600000| Untracked 
| 231|0x000000008e700000, 0x000000008e700000, 0x000000008e800000|  0%| F|  |TAMS 0x000000008e700000| PB 0x000000008e700000| Untracked 
| 232|0x000000008e800000, 0x000000008e900000, 0x000000008e900000|100%|HS|  |TAMS 0x000000008e800000| PB 0x000000008e800000| Complete 
| 233|0x000000008e900000, 0x000000008ea00000, 0x000000008ea00000|100%|HC|  |TAMS 0x000000008e900000| PB 0x000000008e900000| Complete 
| 234|0x000000008ea00000, 0x000000008ea00000, 0x000000008eb00000|  0%| F|  |TAMS 0x000000008ea00000| PB 0x000000008ea00000| Untracked 
| 235|0x000000008eb00000, 0x000000008ec00000, 0x000000008ec00000|100%|HS|  |TAMS 0x000000008eb00000| PB 0x000000008eb00000| Complete 
| 236|0x000000008ec00000, 0x000000008ec00000, 0x000000008ed00000|  0%| F|  |TAMS 0x000000008ec00000| PB 0x000000008ec00000| Untracked 
| 237|0x000000008ed00000, 0x000000008ed00000, 0x000000008ee00000|  0%| F|  |TAMS 0x000000008ed00000| PB 0x000000008ed00000| Untracked 
| 238|0x000000008ee00000, 0x000000008ee00000, 0x000000008ef00000|  0%| F|  |TAMS 0x000000008ee00000| PB 0x000000008ee00000| Untracked 
| 239|0x000000008ef00000, 0x000000008ef00000, 0x000000008f000000|  0%| F|  |TAMS 0x000000008ef00000| PB 0x000000008ef00000| Untracked 
| 240|0x000000008f000000, 0x000000008f000000, 0x000000008f100000|  0%| F|  |TAMS 0x000000008f000000| PB 0x000000008f000000| Untracked 
| 241|0x000000008f100000, 0x000000008f100000, 0x000000008f200000|  0%| F|  |TAMS 0x000000008f100000| PB 0x000000008f100000| Untracked 
| 242|0x000000008f200000, 0x000000008f300000, 0x000000008f300000|100%|HS|  |TAMS 0x000000008f200000| PB 0x000000008f200000| Complete 
| 243|0x000000008f300000, 0x000000008f400000, 0x000000008f400000|100%|HC|  |TAMS 0x000000008f300000| PB 0x000000008f300000| Complete 
| 244|0x000000008f400000, 0x000000008f500000, 0x000000008f500000|100%|HC|  |TAMS 0x000000008f400000| PB 0x000000008f400000| Complete 
| 245|0x000000008f500000, 0x000000008f500000, 0x000000008f600000|  0%| F|  |TAMS 0x000000008f500000| PB 0x000000008f500000| Untracked 
| 246|0x000000008f600000, 0x000000008f600000, 0x000000008f700000|  0%| F|  |TAMS 0x000000008f600000| PB 0x000000008f600000| Untracked 
| 247|0x000000008f700000, 0x000000008f700000, 0x000000008f800000|  0%| F|  |TAMS 0x000000008f700000| PB 0x000000008f700000| Untracked 
| 248|0x000000008f800000, 0x000000008f800000, 0x000000008f900000|  0%| F|  |TAMS 0x000000008f800000| PB 0x000000008f800000| Untracked 
| 249|0x000000008f900000, 0x000000008f900000, 0x000000008fa00000|  0%| F|  |TAMS 0x000000008f900000| PB 0x000000008f900000| Untracked 
| 250|0x000000008fa00000, 0x000000008fa00000, 0x000000008fb00000|  0%| F|  |TAMS 0x000000008fa00000| PB 0x000000008fa00000| Untracked 
| 251|0x000000008fb00000, 0x000000008fb00000, 0x000000008fc00000|  0%| F|  |TAMS 0x000000008fb00000| PB 0x000000008fb00000| Untracked 
| 252|0x000000008fc00000, 0x000000008fc00000, 0x000000008fd00000|  0%| F|  |TAMS 0x000000008fc00000| PB 0x000000008fc00000| Untracked 
| 253|0x000000008fd00000, 0x000000008fe00000, 0x000000008fe00000|100%|HS|  |TAMS 0x000000008fd00000| PB 0x000000008fd00000| Complete 
| 254|0x000000008fe00000, 0x000000008ff00000, 0x000000008ff00000|100%|HC|  |TAMS 0x000000008fe00000| PB 0x000000008fe00000| Complete 
| 255|0x000000008ff00000, 0x0000000090000000, 0x0000000090000000|100%|HC|  |TAMS 0x000000008ff00000| PB 0x000000008ff00000| Complete 
| 256|0x0000000090000000, 0x0000000090100000, 0x0000000090100000|100%|HC|  |TAMS 0x0000000090000000| PB 0x0000000090000000| Complete 
| 257|0x0000000090100000, 0x0000000090200000, 0x0000000090200000|100%|HC|  |TAMS 0x0000000090100000| PB 0x0000000090100000| Complete 
| 258|0x0000000090200000, 0x0000000090300000, 0x0000000090300000|100%|HC|  |TAMS 0x0000000090200000| PB 0x0000000090200000| Complete 
| 259|0x0000000090300000, 0x0000000090400000, 0x0000000090400000|100%|HC|  |TAMS 0x0000000090300000| PB 0x0000000090300000| Complete 
| 260|0x0000000090400000, 0x0000000090500000, 0x0000000090500000|100%|HC|  |TAMS 0x0000000090400000| PB 0x0000000090400000| Complete 
| 261|0x0000000090500000, 0x0000000090600000, 0x0000000090600000|100%|HC|  |TAMS 0x0000000090500000| PB 0x0000000090500000| Complete 
| 262|0x0000000090600000, 0x0000000090700000, 0x0000000090700000|100%|HC|  |TAMS 0x0000000090600000| PB 0x0000000090600000| Complete 
| 263|0x0000000090700000, 0x0000000090800000, 0x0000000090800000|100%|HC|  |TAMS 0x0000000090700000| PB 0x0000000090700000| Complete 
| 264|0x0000000090800000, 0x0000000090900000, 0x0000000090900000|100%|HC|  |TAMS 0x0000000090800000| PB 0x0000000090800000| Complete 
| 265|0x0000000090900000, 0x0000000090a00000, 0x0000000090a00000|100%|HC|  |TAMS 0x0000000090900000| PB 0x0000000090900000| Complete 
| 266|0x0000000090a00000, 0x0000000090b00000, 0x0000000090b00000|100%|HC|  |TAMS 0x0000000090a00000| PB 0x0000000090a00000| Complete 
| 267|0x0000000090b00000, 0x0000000090c00000, 0x0000000090c00000|100%|HC|  |TAMS 0x0000000090b00000| PB 0x0000000090b00000| Complete 
| 268|0x0000000090c00000, 0x0000000090d00000, 0x0000000090d00000|100%|HC|  |TAMS 0x0000000090c00000| PB 0x0000000090c00000| Complete 
| 269|0x0000000090d00000, 0x0000000090e00000, 0x0000000090e00000|100%|HC|  |TAMS 0x0000000090d00000| PB 0x0000000090d00000| Complete 
| 270|0x0000000090e00000, 0x0000000090f00000, 0x0000000090f00000|100%|HC|  |TAMS 0x0000000090e00000| PB 0x0000000090e00000| Complete 
| 271|0x0000000090f00000, 0x0000000091000000, 0x0000000091000000|100%|HC|  |TAMS 0x0000000090f00000| PB 0x0000000090f00000| Complete 
| 272|0x0000000091000000, 0x0000000091100000, 0x0000000091100000|100%|HC|  |TAMS 0x0000000091000000| PB 0x0000000091000000| Complete 
| 273|0x0000000091100000, 0x0000000091200000, 0x0000000091200000|100%|HC|  |TAMS 0x0000000091100000| PB 0x0000000091100000| Complete 
| 274|0x0000000091200000, 0x0000000091300000, 0x0000000091300000|100%|HC|  |TAMS 0x0000000091200000| PB 0x0000000091200000| Complete 
| 275|0x0000000091300000, 0x0000000091400000, 0x0000000091400000|100%|HC|  |TAMS 0x0000000091300000| PB 0x0000000091300000| Complete 
| 276|0x0000000091400000, 0x0000000091500000, 0x0000000091500000|100%|HC|  |TAMS 0x0000000091400000| PB 0x0000000091400000| Complete 
| 277|0x0000000091500000, 0x0000000091600000, 0x0000000091600000|100%|HC|  |TAMS 0x0000000091500000| PB 0x0000000091500000| Complete 
| 278|0x0000000091600000, 0x0000000091700000, 0x0000000091700000|100%|HC|  |TAMS 0x0000000091600000| PB 0x0000000091600000| Complete 
| 279|0x0000000091700000, 0x0000000091800000, 0x0000000091800000|100%|HC|  |TAMS 0x0000000091700000| PB 0x0000000091700000| Complete 
| 280|0x0000000091800000, 0x0000000091900000, 0x0000000091900000|100%|HC|  |TAMS 0x0000000091800000| PB 0x0000000091800000| Complete 
| 281|0x0000000091900000, 0x0000000091a00000, 0x0000000091a00000|100%|HC|  |TAMS 0x0000000091900000| PB 0x0000000091900000| Complete 
| 282|0x0000000091a00000, 0x0000000091b00000, 0x0000000091b00000|100%|HC|  |TAMS 0x0000000091a00000| PB 0x0000000091a00000| Complete 
| 283|0x0000000091b00000, 0x0000000091b00000, 0x0000000091c00000|  0%| F|  |TAMS 0x0000000091b00000| PB 0x0000000091b00000| Untracked 
| 284|0x0000000091c00000, 0x0000000091c00000, 0x0000000091d00000|  0%| F|  |TAMS 0x0000000091c00000| PB 0x0000000091c00000| Untracked 
| 285|0x0000000091d00000, 0x0000000091d00000, 0x0000000091e00000|  0%| F|  |TAMS 0x0000000091d00000| PB 0x0000000091d00000| Untracked 
| 286|0x0000000091e00000, 0x0000000091e00000, 0x0000000091f00000|  0%| F|  |TAMS 0x0000000091e00000| PB 0x0000000091e00000| Untracked 
| 287|0x0000000091f00000, 0x0000000091f00000, 0x0000000092000000|  0%| F|  |TAMS 0x0000000091f00000| PB 0x0000000091f00000| Untracked 
| 288|0x0000000092000000, 0x0000000092000000, 0x0000000092100000|  0%| F|  |TAMS 0x0000000092000000| PB 0x0000000092000000| Untracked 
| 289|0x0000000092100000, 0x0000000092200000, 0x0000000092200000|100%| S|CS|TAMS 0x0000000092100000| PB 0x0000000092100000| Complete 
| 290|0x0000000092200000, 0x0000000092300000, 0x0000000092300000|100%| S|CS|TAMS 0x0000000092200000| PB 0x0000000092200000| Complete 
| 291|0x0000000092300000, 0x0000000092400000, 0x0000000092400000|100%| S|CS|TAMS 0x0000000092300000| PB 0x0000000092300000| Complete 
| 292|0x0000000092400000, 0x0000000092500000, 0x0000000092500000|100%| S|CS|TAMS 0x0000000092400000| PB 0x0000000092400000| Complete 
| 293|0x0000000092500000, 0x0000000092600000, 0x0000000092600000|100%| S|CS|TAMS 0x0000000092500000| PB 0x0000000092500000| Complete 
| 294|0x0000000092600000, 0x000000009264b940, 0x0000000092700000| 29%| S|CS|TAMS 0x0000000092600000| PB 0x0000000092600000| Complete 
|2010|0x00000000fda00000, 0x00000000fda10a98, 0x00000000fdb00000|  6%| O|  |TAMS 0x00000000fda00000| PB 0x00000000fda00000| Updating 
|2011|0x00000000fdb00000, 0x00000000fdc00000, 0x00000000fdc00000|100%| O|  |TAMS 0x00000000fdb00000| PB 0x00000000fdb00000| Untracked 
|2012|0x00000000fdc00000, 0x00000000fdd00000, 0x00000000fdd00000|100%| O|  |TAMS 0x00000000fdc00000| PB 0x00000000fdc00000| Untracked 
|2013|0x00000000fdd00000, 0x00000000fde00000, 0x00000000fde00000|100%| O|  |TAMS 0x00000000fdd00000| PB 0x00000000fdd00000| Untracked 
|2014|0x00000000fde00000, 0x00000000fdf00000, 0x00000000fdf00000|100%| O|  |TAMS 0x00000000fde00000| PB 0x00000000fde00000| Untracked 
|2015|0x00000000fdf00000, 0x00000000fe000000, 0x00000000fe000000|100%| O|  |TAMS 0x00000000fdf00000| PB 0x00000000fdf00000| Untracked 
|2016|0x00000000fe000000, 0x00000000fe100000, 0x00000000fe100000|100%| O|  |TAMS 0x00000000fe000000| PB 0x00000000fe000000| Untracked 
|2017|0x00000000fe100000, 0x00000000fe200000, 0x00000000fe200000|100%| O|  |TAMS 0x00000000fe100000| PB 0x00000000fe100000| Untracked 
|2018|0x00000000fe200000, 0x00000000fe300000, 0x00000000fe300000|100%| O|  |TAMS 0x00000000fe200000| PB 0x00000000fe200000| Untracked 
|2019|0x00000000fe300000, 0x00000000fe400000, 0x00000000fe400000|100%| O|  |TAMS 0x00000000fe300000| PB 0x00000000fe300000| Untracked 
|2020|0x00000000fe400000, 0x00000000fe500000, 0x00000000fe500000|100%| O|  |TAMS 0x00000000fe400000| PB 0x00000000fe400000| Untracked 
|2021|0x00000000fe500000, 0x00000000fe600000, 0x00000000fe600000|100%| O|  |TAMS 0x00000000fe600000| PB 0x00000000fe600000| Updating 
|2022|0x00000000fe600000, 0x00000000fe700000, 0x00000000fe700000|100%| O|  |TAMS 0x00000000fe700000| PB 0x00000000fe700000| Updating 
|2023|0x00000000fe700000, 0x00000000fe800000, 0x00000000fe800000|100%| O|  |TAMS 0x00000000fe800000| PB 0x00000000fe800000| Updating 
|2024|0x00000000fe800000, 0x00000000fe900000, 0x00000000fe900000|100%| O|  |TAMS 0x00000000fe900000| PB 0x00000000fe900000| Untracked 
|2025|0x00000000fe900000, 0x00000000fea00000, 0x00000000fea00000|100%| O|  |TAMS 0x00000000fea00000| PB 0x00000000fea00000| Untracked 
|2026|0x00000000fea00000, 0x00000000feb00000, 0x00000000feb00000|100%| O|  |TAMS 0x00000000feb00000| PB 0x00000000feb00000| Untracked 
|2027|0x00000000feb00000, 0x00000000fec00000, 0x00000000fec00000|100%| O|  |TAMS 0x00000000fec00000| PB 0x00000000fec00000| Untracked 
|2028|0x00000000fec00000, 0x00000000fed00000, 0x00000000fed00000|100%| O|  |TAMS 0x00000000fed00000| PB 0x00000000fed00000| Untracked 
|2029|0x00000000fed00000, 0x00000000fed00000, 0x00000000fee00000|  0%| F|  |TAMS 0x00000000fed00000| PB 0x00000000fed00000| Untracked 
|2030|0x00000000fee00000, 0x00000000fee00000, 0x00000000fef00000|  0%| F|  |TAMS 0x00000000fee00000| PB 0x00000000fee00000| Untracked 
|2031|0x00000000fef00000, 0x00000000fef00000, 0x00000000ff000000|  0%| F|  |TAMS 0x00000000fef00000| PB 0x00000000fef00000| Untracked 
|2032|0x00000000ff000000, 0x00000000ff000000, 0x00000000ff100000|  0%| F|  |TAMS 0x00000000ff000000| PB 0x00000000ff000000| Untracked 
|2033|0x00000000ff100000, 0x00000000ff100000, 0x00000000ff200000|  0%| F|  |TAMS 0x00000000ff100000| PB 0x00000000ff100000| Untracked 
|2034|0x00000000ff200000, 0x00000000ff2b7de0, 0x00000000ff300000| 71%| E|  |TAMS 0x00000000ff200000| PB 0x00000000ff200000| Complete 
|2035|0x00000000ff300000, 0x00000000ff400000, 0x00000000ff400000|100%| O|  |TAMS 0x00000000ff400000| PB 0x00000000ff400000| Updating 
|2036|0x00000000ff400000, 0x00000000ff500000, 0x00000000ff500000|100%| E|CS|TAMS 0x00000000ff400000| PB 0x00000000ff400000| Complete 
|2037|0x00000000ff500000, 0x00000000ff600000, 0x00000000ff600000|100%| O|  |TAMS 0x00000000ff600000| PB 0x00000000ff600000| Updating 
|2038|0x00000000ff600000, 0x00000000ff700000, 0x00000000ff700000|100%| O|  |TAMS 0x00000000ff700000| PB 0x00000000ff700000| Updating 
|2039|0x00000000ff700000, 0x00000000ff800000, 0x00000000ff800000|100%| O|  |TAMS 0x00000000ff800000| PB 0x00000000ff800000| Untracked 
|2040|0x00000000ff800000, 0x00000000ff900000, 0x00000000ff900000|100%| O|  |TAMS 0x00000000ff900000| PB 0x00000000ff900000| Untracked 
|2041|0x00000000ff900000, 0x00000000ffa00000, 0x00000000ffa00000|100%| O|  |TAMS 0x00000000ffa00000| PB 0x00000000ffa00000| Untracked 
|2042|0x00000000ffa00000, 0x00000000ffb00000, 0x00000000ffb00000|100%| O|  |TAMS 0x00000000ffb00000| PB 0x00000000ffb00000| Untracked 
|2043|0x00000000ffb00000, 0x00000000ffc00000, 0x00000000ffc00000|100%| O|  |TAMS 0x00000000ffc00000| PB 0x00000000ffc00000| Untracked 
|2044|0x00000000ffc00000, 0x00000000ffd00000, 0x00000000ffd00000|100%| E|  |TAMS 0x00000000ffc00000| PB 0x00000000ffc00000| Complete 
|2045|0x00000000ffd00000, 0x00000000ffe00000, 0x00000000ffe00000|100%| O|  |TAMS 0x00000000ffe00000| PB 0x00000000ffe00000| Untracked 
|2046|0x00000000ffe00000, 0x00000000fff00000, 0x00000000fff00000|100%| O|  |TAMS 0x00000000fff00000| PB 0x00000000fff00000| Untracked 
|2047|0x00000000fff00000, 0x0000000100000000, 0x0000000100000000|100%| O|  |TAMS 0x0000000100000000| PB 0x0000000100000000| Untracked 

Card table byte_map: [0x000002739c7c0000,0x000002739cbc0000] _byte_map_base: 0x000002739c3c0000

Marking Bits: (CMBitMap*) 0x000002738800e0b0
 Bits: [0x000002739cbc0000, 0x000002739ebc0000)

Polling page: 0x0000027389820000

Metaspace:

Usage:
  Non-class:    106.67 MB used.
      Class:     16.57 MB used.
       Both:    123.24 MB used.

Virtual space:
  Non-class space:      128.00 MB reserved,     107.75 MB ( 84%) committed,  2 nodes.
      Class space:        1.00 GB reserved,      17.62 MB (  2%) committed,  1 nodes.
             Both:        1.12 GB reserved,     125.38 MB ( 11%) committed. 

Chunk freelists:
   Non-Class:  4.27 MB
       Class:  14.25 MB
        Both:  18.52 MB

MaxMetaspaceSize: unlimited
CompressedClassSpaceSize: 1.00 GB
Initial GC threshold: 21.00 MB
Current GC threshold: 201.56 MB
CDS: off
 - commit_granule_bytes: 65536.
 - commit_granule_words: 8192.
 - virtual_space_node_default_size: 8388608.
 - enlarge_chunks_in_place: 1.
 - use_allocation_guard: 0.


Internal statistics:

num_allocs_failed_limit: 12.
num_arena_births: 4332.
num_arena_deaths: 0.
num_vsnodes_births: 3.
num_vsnodes_deaths: 0.
num_space_committed: 1999.
num_space_uncommitted: 0.
num_chunks_returned_to_freelist: 12.
num_chunks_taken_from_freelist: 9666.
num_chunk_merges: 12.
num_chunk_splits: 6337.
num_chunks_enlarged: 3998.
num_inconsistent_stats: 0.

CodeHeap 'non-profiled nmethods': size=120000Kb used=9939Kb max_used=10353Kb free=110060Kb
 bounds [0x0000027394520000, 0x0000027394f40000, 0x000002739ba50000]
CodeHeap 'profiled nmethods': size=120000Kb used=25455Kb max_used=27448Kb free=94544Kb
 bounds [0x000002738ca50000, 0x000002738e520000, 0x0000027393f80000]
CodeHeap 'non-nmethods': size=5760Kb used=2159Kb max_used=2225Kb free=3600Kb
 bounds [0x0000027393f80000, 0x00000273941f0000, 0x0000027394520000]
 total_blobs=14861 nmethods=13974 adapters=790
 compilation: enabled
              stopped_count=0, restarted_count=0
 full_count=0

Compilation events (20 events):
Event: 37.909 Thread 0x00000273a18c7940 17641       3       com.android.tools.r8.graph.B1::a (20 bytes)
Event: 37.909 Thread 0x00000273a18c7940 nmethod 17641 0x000002738d8a9210 code [0x000002738d8a9400, 0x000002738d8a98b8]
Event: 37.909 Thread 0x00000273a18c7940 17642       3       com.android.tools.r8.graph.I2::<init> (15 bytes)
Event: 37.910 Thread 0x00000273a18c7940 nmethod 17642 0x000002738e303190 code [0x000002738e303340, 0x000002738e303630]
Event: 37.911 Thread 0x00000273a18c7940 17643       3       com.android.tools.r8.internal.UP::b (75 bytes)
Event: 37.911 Thread 0x00000273b19cdc60 17645       4       jdk.internal.util.ArraysSupport::vectorizedHashCode (158 bytes)
Event: 37.911 Thread 0x00000273a18c7940 nmethod 17643 0x000002738d8a8b10 code [0x000002738d8a8ce0, 0x000002738d8a9028]
Event: 37.911 Thread 0x00000273a18c7940 17644       3       com.android.tools.r8.dex.W::a (28 bytes)
Event: 37.911 Thread 0x00000273a18c7940 nmethod 17644 0x000002738d8a8690 code [0x000002738d8a8840, 0x000002738d8a8a38]
Event: 37.915 Thread 0x00000273a18c7940 17648 % !   3       com.android.tools.r8.dex.C::k @ 99 (2698 bytes)
Event: 37.923 Thread 0x00000273b19cdc60 nmethod 17645 0x0000027394d3f210 code [0x0000027394d3f400, 0x0000027394d3fa58]
Event: 37.923 Thread 0x00000273b19cdc60 17647  s    4       java.io.ByteArrayOutputStream::toByteArray (12 bytes)
Event: 37.925 Thread 0x00000273a18c7940 nmethod 17648% 0x000002738e124490 code [0x000002738e125200, 0x000002738e12e090]
Event: 37.925 Thread 0x00000273a18c7940 17649       3       java.lang.invoke.MethodHandles$Lookup$ClassFile::readInt (65 bytes)
Event: 37.926 Thread 0x00000273a18c7940 nmethod 17649 0x000002738d92e310 code [0x000002738d92e4e0, 0x000002738d92e7a8]
Event: 37.926 Thread 0x00000273a18c7940 17650       3       jdk.internal.org.objectweb.asm.ClassReader::readConst (276 bytes)
Event: 37.927 Thread 0x00000273b19cdc60 nmethod 17647 0x0000027394f3bd90 code [0x0000027394f3bf40, 0x0000027394f3c590]
Event: 37.927 Thread 0x00000273b19cdc60 17646       4       java.util.Arrays::hashCode (60 bytes)
Event: 37.927 Thread 0x00000273b19cdc60 nmethod 17646 0x0000027394d3ed10 code [0x0000027394d3eec0, 0x0000027394d3f170]
Event: 37.928 Thread 0x00000273a18c7940 nmethod 17650 0x000002738e132790 code [0x000002738e132c40, 0x000002738e134978]

GC Heap History (20 events):
Event: 30.385 GC heap before
{Heap before GC invocations=47 (full 0):
 garbage-first heap   total 234496K, used 206276K [0x0000000080000000, 0x0000000100000000)
  region size 1024K, 70 young (71680K), 9 survivors (9216K)
 Metaspace       used 117830K, committed 120064K, reserved 1179648K
  class space    used 15916K, committed 17024K, reserved 1048576K
}
Event: 30.396 GC heap after
{Heap after GC invocations=48 (full 0):
 garbage-first heap   total 234496K, used 150567K [0x0000000080000000, 0x0000000100000000)
  region size 1024K, 7 young (7168K), 7 survivors (7168K)
 Metaspace       used 117830K, committed 120064K, reserved 1179648K
  class space    used 15916K, committed 17024K, reserved 1048576K
}
Event: 30.727 GC heap before
{Heap before GC invocations=48 (full 0):
 garbage-first heap   total 234496K, used 209959K [0x0000000080000000, 0x0000000100000000)
  region size 1024K, 66 young (67584K), 7 survivors (7168K)
 Metaspace       used 118986K, committed 121152K, reserved 1179648K
  class space    used 16037K, committed 17152K, reserved 1048576K
}
Event: 30.731 GC heap after
{Heap after GC invocations=49 (full 0):
 garbage-first heap   total 234496K, used 148923K [0x0000000080000000, 0x0000000100000000)
  region size 1024K, 2 young (2048K), 2 survivors (2048K)
 Metaspace       used 118986K, committed 121152K, reserved 1179648K
  class space    used 16037K, committed 17152K, reserved 1048576K
}
Event: 31.697 GC heap before
{Heap before GC invocations=50 (full 0):
 garbage-first heap   total 247808K, used 199099K [0x0000000080000000, 0x0000000100000000)
  region size 1024K, 65 young (66560K), 2 survivors (2048K)
 Metaspace       used 120194K, committed 122368K, reserved 1179648K
  class space    used 16173K, committed 17280K, reserved 1048576K
}
Event: 31.703 GC heap after
{Heap after GC invocations=51 (full 0):
 garbage-first heap   total 247808K, used 139531K [0x0000000080000000, 0x0000000100000000)
  region size 1024K, 6 young (6144K), 6 survivors (6144K)
 Metaspace       used 120194K, committed 122368K, reserved 1179648K
  class space    used 16173K, committed 17280K, reserved 1048576K
}
Event: 33.811 GC heap before
{Heap before GC invocations=51 (full 0):
 garbage-first heap   total 247808K, used 224523K [0x0000000080000000, 0x0000000100000000)
  region size 1024K, 86 young (88064K), 6 survivors (6144K)
 Metaspace       used 121237K, committed 123392K, reserved 1179648K
  class space    used 16307K, committed 17408K, reserved 1048576K
}
Event: 33.821 GC heap after
{Heap after GC invocations=52 (full 0):
 garbage-first heap   total 247808K, used 130707K [0x0000000080000000, 0x0000000100000000)
  region size 1024K, 9 young (9216K), 9 survivors (9216K)
 Metaspace       used 121237K, committed 123392K, reserved 1179648K
  class space    used 16307K, committed 17408K, reserved 1048576K
}
Event: 34.714 GC heap before
{Heap before GC invocations=52 (full 0):
 garbage-first heap   total 247808K, used 221843K [0x0000000080000000, 0x0000000100000000)
  region size 1024K, 99 young (101376K), 9 survivors (9216K)
 Metaspace       used 121611K, committed 123840K, reserved 1179648K
  class space    used 16355K, committed 17472K, reserved 1048576K
}
Event: 34.727 GC heap after
{Heap after GC invocations=53 (full 0):
 garbage-first heap   total 247808K, used 133306K [0x0000000080000000, 0x0000000100000000)
  region size 1024K, 10 young (10240K), 10 survivors (10240K)
 Metaspace       used 121611K, committed 123840K, reserved 1179648K
  class space    used 16355K, committed 17472K, reserved 1048576K
}
Event: 35.529 GC heap before
{Heap before GC invocations=54 (full 0):
 garbage-first heap   total 247808K, used 245946K [0x0000000080000000, 0x0000000100000000)
  region size 1024K, 60 young (61440K), 10 survivors (10240K)
 Metaspace       used 121953K, committed 124160K, reserved 1179648K
  class space    used 16395K, committed 17472K, reserved 1048576K
}
Event: 35.555 GC heap after
{Heap after GC invocations=55 (full 0):
 garbage-first heap   total 269312K, used 207697K [0x0000000080000000, 0x0000000100000000)
  region size 1024K, 13 young (13312K), 13 survivors (13312K)
 Metaspace       used 121953K, committed 124160K, reserved 1179648K
  class space    used 16395K, committed 17472K, reserved 1048576K
}
Event: 36.989 GC heap before
{Heap before GC invocations=55 (full 0):
 garbage-first heap   total 269312K, used 240465K [0x0000000080000000, 0x0000000100000000)
  region size 1024K, 46 young (47104K), 13 survivors (13312K)
 Metaspace       used 123857K, committed 126080K, reserved 1179648K
  class space    used 16662K, committed 17792K, reserved 1048576K
}
Event: 36.995 GC heap after
{Heap after GC invocations=56 (full 0):
 garbage-first heap   total 269312K, used 204758K [0x0000000080000000, 0x0000000100000000)
  region size 1024K, 4 young (4096K), 4 survivors (4096K)
 Metaspace       used 123857K, committed 126080K, reserved 1179648K
  class space    used 16662K, committed 17792K, reserved 1048576K
}
Event: 37.771 GC heap before
{Heap before GC invocations=56 (full 0):
 garbage-first heap   total 269312K, used 246742K [0x0000000080000000, 0x0000000100000000)
  region size 1024K, 47 young (48128K), 4 survivors (4096K)
 Metaspace       used 125795K, committed 128000K, reserved 1179648K
  class space    used 16926K, committed 18048K, reserved 1048576K
}
Event: 37.776 GC heap after
{Heap after GC invocations=57 (full 0):
 garbage-first heap   total 269312K, used 208077K [0x0000000080000000, 0x0000000100000000)
  region size 1024K, 6 young (6144K), 6 survivors (6144K)
 Metaspace       used 125795K, committed 128000K, reserved 1179648K
  class space    used 16926K, committed 18048K, reserved 1048576K
}
Event: 37.863 GC heap before
{Heap before GC invocations=57 (full 0):
 garbage-first heap   total 317440K, used 315597K [0x0000000080000000, 0x0000000100000000)
  region size 1024K, 22 young (22528K), 6 survivors (6144K)
 Metaspace       used 125992K, committed 128128K, reserved 1179648K
  class space    used 16948K, committed 18048K, reserved 1048576K
}
Event: 37.869 GC heap after
{Heap after GC invocations=58 (full 0):
 garbage-first heap   total 328704K, used 254930K [0x0000000080000000, 0x0000000100000000)
  region size 1024K, 6 young (6144K), 6 survivors (6144K)
 Metaspace       used 125992K, committed 128128K, reserved 1179648K
  class space    used 16948K, committed 18048K, reserved 1048576K
}
Event: 37.895 GC heap before
{Heap before GC invocations=58 (full 0):
 garbage-first heap   total 328704K, used 327634K [0x0000000080000000, 0x0000000100000000)
  region size 1024K, 22 young (22528K), 6 survivors (6144K)
 Metaspace       used 126060K, committed 128192K, reserved 1179648K
  class space    used 16956K, committed 18048K, reserved 1048576K
}
Event: 37.899 GC heap after
{Heap after GC invocations=59 (full 0):
 garbage-first heap   total 340992K, used 281968K [0x0000000080000000, 0x0000000100000000)
  region size 1024K, 6 young (6144K), 6 survivors (6144K)
 Metaspace       used 126060K, committed 128192K, reserved 1179648K
  class space    used 16956K, committed 18048K, reserved 1048576K
}

Dll operation events (3 events):
Event: 0.140 Loaded shared library C:\Program Files\Android\Android Studio\jbr\bin\java.dll
Event: 0.156 Loaded shared library C:\Program Files\Android\Android Studio\jbr\bin\zip.dll
Event: 0.949 Loaded shared library C:\Program Files\Android\Android Studio\jbr\bin\verify.dll

Deoptimization events (20 events):
Event: 37.762 Thread 0x00000273ab2913a0 Uncommon trap: trap_request=0xffffff45 fr.pc=0x000002739462af34 relative=0x0000000000000094
Event: 37.762 Thread 0x00000273ab2913a0 Uncommon trap: reason=unstable_if action=reinterpret pc=0x000002739462af34 method=jdk.internal.misc.Unsafe.convEndian(ZS)S @ 4 c2
Event: 37.762 Thread 0x00000273ab2913a0 DEOPT PACKING pc=0x000002739462af34 sp=0x000000cd846fd500
Event: 37.762 Thread 0x00000273ab2913a0 DEOPT UNPACKING pc=0x0000027393fd46a2 sp=0x000000cd846fd408 mode 2
Event: 37.770 Thread 0x00000273ab2913a0 Uncommon trap: trap_request=0xffffff45 fr.pc=0x00000273946350ec relative=0x000000000000004c
Event: 37.770 Thread 0x00000273ab2913a0 Uncommon trap: reason=unstable_if action=reinterpret pc=0x00000273946350ec method=jdk.internal.misc.Unsafe.convEndian(ZS)S @ 4 c2
Event: 37.770 Thread 0x00000273ab2913a0 DEOPT PACKING pc=0x00000273946350ec sp=0x000000cd846fd450
Event: 37.770 Thread 0x00000273ab2913a0 DEOPT UNPACKING pc=0x0000027393fd46a2 sp=0x000000cd846fd3e8 mode 2
Event: 37.887 Thread 0x00000273ab2913a0 DEOPT PACKING pc=0x000002738e30519e sp=0x000000cd846fd730
Event: 37.887 Thread 0x00000273ab2913a0 DEOPT UNPACKING pc=0x0000027393fd4e42 sp=0x000000cd846fcca8 mode 0
Event: 37.888 Thread 0x00000273ab2913a0 DEOPT PACKING pc=0x000002738e30519e sp=0x000000cd846fd730
Event: 37.888 Thread 0x00000273ab2913a0 DEOPT UNPACKING pc=0x0000027393fd4e42 sp=0x000000cd846fcca8 mode 0
Event: 37.890 Thread 0x00000273ab2913a0 DEOPT PACKING pc=0x000002738e30519e sp=0x000000cd846fd730
Event: 37.890 Thread 0x00000273ab2913a0 DEOPT UNPACKING pc=0x0000027393fd4e42 sp=0x000000cd846fcca8 mode 0
Event: 37.891 Thread 0x00000273ab2913a0 DEOPT PACKING pc=0x000002738e30519e sp=0x000000cd846fd730
Event: 37.891 Thread 0x00000273ab2913a0 DEOPT UNPACKING pc=0x0000027393fd4e42 sp=0x000000cd846fcca8 mode 0
Event: 37.894 Thread 0x00000273ab2913a0 DEOPT PACKING pc=0x000002738e30519e sp=0x000000cd846fd730
Event: 37.894 Thread 0x00000273ab2913a0 DEOPT UNPACKING pc=0x0000027393fd4e42 sp=0x000000cd846fcca8 mode 0
Event: 37.900 Thread 0x00000273ab2913a0 DEOPT PACKING pc=0x000002738e30519e sp=0x000000cd846fd730
Event: 37.901 Thread 0x00000273ab2913a0 DEOPT UNPACKING pc=0x0000027393fd4e42 sp=0x000000cd846fcca8 mode 0

Classes loaded (20 events):
Event: 34.325 Loading class java/nio/file/FileTreeWalker$1 done
Event: 34.955 Loading class java/nio/file/FileTreeIterator
Event: 34.956 Loading class java/nio/file/FileTreeIterator done
Event: 35.589 Loading class java/util/logging/LogRecord
Event: 35.607 Loading class java/util/logging/LogRecord done
Event: 36.442 Loading class java/io/UTFDataFormatException
Event: 36.443 Loading class java/io/UTFDataFormatException done
Event: 37.620 Loading class java/nio/BufferUnderflowException
Event: 37.628 Loading class java/nio/BufferUnderflowException done
Event: 37.905 Loading class javax/management/MalformedObjectNameException
Event: 37.919 Loading class javax/management/MalformedObjectNameException done
Event: 37.919 Loading class javax/management/InstanceAlreadyExistsException
Event: 37.923 Loading class javax/management/InstanceAlreadyExistsException done
Event: 37.923 Loading class javax/management/MBeanRegistrationException
Event: 37.929 Loading class javax/management/MBeanException
Event: 37.929 Loading class javax/management/MBeanException done
Event: 37.929 Loading class javax/management/MBeanRegistrationException done
Event: 37.929 Loading class javax/management/NotCompliantMBeanException
Event: 37.929 Loading class javax/management/NotCompliantMBeanException done
Event: 37.929 Loading class javax/management/AttributeNotFoundException

Classes unloaded (0 events):
No events

Classes redefined (0 events):
No events

Internal exceptions (20 events):
Event: 37.598 Thread 0x00000273aacb0860 Exception <a 'sun/nio/fs/WindowsException'{0x000000008d572448}> (0x000000008d572448) 
thrown [s\src\hotspot\share\prims\jni.cpp, line 535]
Event: 37.598 Thread 0x00000273aacb0860 Exception <a 'sun/nio/fs/WindowsException'{0x000000008d572610}> (0x000000008d572610) 
thrown [s\src\hotspot\share\prims\jni.cpp, line 535]
Event: 37.599 Thread 0x00000273aacb0860 Exception <a 'sun/nio/fs/WindowsException'{0x000000008d5737d0}> (0x000000008d5737d0) 
thrown [s\src\hotspot\share\prims\jni.cpp, line 535]
Event: 37.599 Thread 0x00000273aacb0860 Exception <a 'sun/nio/fs/WindowsException'{0x000000008d5746d8}> (0x000000008d5746d8) 
thrown [s\src\hotspot\share\prims\jni.cpp, line 535]
Event: 37.599 Thread 0x00000273aacb0860 Exception <a 'sun/nio/fs/WindowsException'{0x000000008d574880}> (0x000000008d574880) 
thrown [s\src\hotspot\share\prims\jni.cpp, line 535]
Event: 37.599 Thread 0x00000273aacb0860 Exception <a 'sun/nio/fs/WindowsException'{0x000000008d5759f8}> (0x000000008d5759f8) 
thrown [s\src\hotspot\share\prims\jni.cpp, line 535]
Event: 37.599 Thread 0x00000273aacb0860 Exception <a 'sun/nio/fs/WindowsException'{0x000000008d576918}> (0x000000008d576918) 
thrown [s\src\hotspot\share\prims\jni.cpp, line 535]
Event: 37.599 Thread 0x00000273aacb0860 Exception <a 'sun/nio/fs/WindowsException'{0x000000008d576ad8}> (0x000000008d576ad8) 
thrown [s\src\hotspot\share\prims\jni.cpp, line 535]
Event: 37.599 Thread 0x00000273aacb0860 Exception <a 'sun/nio/fs/WindowsException'{0x000000008d577bf0}> (0x000000008d577bf0) 
thrown [s\src\hotspot\share\prims\jni.cpp, line 535]
Event: 37.599 Thread 0x00000273aacb0860 Exception <a 'sun/nio/fs/WindowsException'{0x000000008d578ae0}> (0x000000008d578ae0) 
thrown [s\src\hotspot\share\prims\jni.cpp, line 535]
Event: 37.599 Thread 0x00000273aacb0860 Exception <a 'sun/nio/fs/WindowsException'{0x000000008d578c70}> (0x000000008d578c70) 
thrown [s\src\hotspot\share\prims\jni.cpp, line 535]
Event: 37.599 Thread 0x00000273aacb0860 Exception <a 'sun/nio/fs/WindowsException'{0x000000008d579da8}> (0x000000008d579da8) 
thrown [s\src\hotspot\share\prims\jni.cpp, line 535]
Event: 37.651 Thread 0x00000273aacb0860 Exception <a 'java/lang/NoSuchMethodError'{0x000000008d4ebf38}: static Lcom/android/builder/internal/aapt/AaptOptions;.<clinit>()V> (0x000000008d4ebf38) 
thrown [s\src\hotspot\share\prims\jni.cpp, line 1126]
Event: 37.652 Thread 0x00000273aacb0860 Exception <a 'java/lang/NoSuchMethodError'{0x000000008d316888}: static Lcom/android/build/api/variant/impl/SerializableApplicationMultiOutputHandler;.<clinit>()V> (0x000000008d316888) 
thrown [s\src\hotspot\share\prims\jni.cpp, line 1126]
Event: 37.653 Thread 0x00000273aacb0860 Exception <a 'java/lang/NoSuchMethodError'{0x000000008d32cbd8}: static Lcom/android/build/api/variant/impl/VariantOutputImpl$SerializedForm;.<clinit>()V> (0x000000008d32cbd8) 
thrown [s\src\hotspot\share\prims\jni.cpp, line 1126]
Event: 37.653 Thread 0x00000273aacb0860 Exception <a 'java/lang/NoSuchMethodError'{0x000000008d342340}: static Lcom/android/build/api/variant/impl/VariantOutputConfigurationImpl;.<clinit>()V> (0x000000008d342340) 
thrown [s\src\hotspot\share\prims\jni.cpp, line 1126]
Event: 37.657 Thread 0x00000273aacb22a0 Exception <a 'sun/nio/fs/WindowsException'{0x000000008d3c9808}> (0x000000008d3c9808) 
thrown [s\src\hotspot\share\prims\jni.cpp, line 535]
Event: 37.665 Thread 0x00000273aacac030 Exception <a 'sun/nio/fs/WindowsException'{0x000000008df59410}> (0x000000008df59410) 
thrown [s\src\hotspot\share\prims\jni.cpp, line 535]
Event: 37.755 Thread 0x00000273aacb1c10 Exception <a 'sun/nio/fs/WindowsException'{0x000000008cd7adc0}> (0x000000008cd7adc0) 
thrown [s\src\hotspot\share\prims\jni.cpp, line 535]
Event: 37.758 Thread 0x00000273ab2913a0 Exception <a 'java/lang/NoSuchMethodError'{0x000000008ce6e400}: 'java.lang.Object java.lang.invoke.DirectMethodHandle$Holder.invokeStaticInit(java.lang.Object, java.lang.Object, java.lang.Object, java.lang.Object, java.lang.Object, java.lang.Object, java.lang.Object, java.lang.Object, java.lang.Object, java.lang.Object, java.lang.Object, java.lang.Object, java.lang.Object, java.lang.Object, java.lang.Object, java.lang.Object, java.lang.Object, java.lang.Object, java.lang.Object, java.lang.Object, int, java

ZGC Phase Switch (0 events):
No events

VM Operations (20 events):
Event: 36.298 Executing VM operation: HandshakeAllThreads (Deoptimize) done
Event: 36.558 Executing VM operation: HandshakeAllThreads (Deoptimize)
Event: 36.558 Executing VM operation: HandshakeAllThreads (Deoptimize) done
Event: 36.558 Executing VM operation: Cleanup
Event: 36.558 Executing VM operation: Cleanup done
Event: 36.989 Executing VM operation: G1CollectForAllocation (G1 Evacuation Pause)
Event: 36.995 Executing VM operation: G1CollectForAllocation (G1 Evacuation Pause) done
Event: 37.306 Executing VM operation: HandshakeAllThreads (Deoptimize)
Event: 37.307 Executing VM operation: HandshakeAllThreads (Deoptimize) done
Event: 37.743 Executing VM operation: ICBufferFull
Event: 37.743 Executing VM operation: ICBufferFull done
Event: 37.771 Executing VM operation: G1TryInitiateConcMark (G1 Humongous Allocation)
Event: 37.776 Executing VM operation: G1TryInitiateConcMark (G1 Humongous Allocation) done
Event: 37.780 Executing VM operation: HandshakeAllThreads (Deoptimize)
Event: 37.781 Executing VM operation: HandshakeAllThreads (Deoptimize) done
Event: 37.863 Executing VM operation: G1CollectForAllocation (G1 Evacuation Pause)
Event: 37.869 Executing VM operation: G1CollectForAllocation (G1 Evacuation Pause) done
Event: 37.894 Executing VM operation: G1CollectForAllocation (G1 Evacuation Pause)
Event: 37.899 Executing VM operation: G1CollectForAllocation (G1 Evacuation Pause) done
Event: 37.931 Executing VM operation: G1PauseRemark

Events (20 events):
Event: 37.944 Thread 0x00000273a0f5ebf0 flushing nmethod 0x0000027394a78a90
Event: 37.944 Thread 0x00000273a0f5ebf0 flushing nmethod 0x00000273949b4c10
Event: 37.944 Thread 0x00000273a0f5ebf0 flushing nmethod 0x00000273948e2f10
Event: 37.944 Thread 0x00000273a0f5ebf0 flushing nmethod 0x00000273948d7510
Event: 37.945 Thread 0x00000273a0f5ebf0 flushing nmethod 0x0000027394947c10
Event: 37.945 Thread 0x00000273a0f5ebf0 flushing nmethod 0x00000273948cd690
Event: 37.945 Thread 0x00000273a0f5ebf0 flushing nmethod 0x00000273948b0c90
Event: 37.945 Thread 0x00000273a0f5ebf0 flushing nmethod 0x000002739488d810
Event: 37.945 Thread 0x00000273a0f5ebf0 flushing nmethod 0x000002739481e610
Event: 37.945 Thread 0x00000273a0f5ebf0 flushing nmethod 0x00000273947bb810
Event: 37.945 Thread 0x00000273a0f5ebf0 flushing nmethod 0x0000027394788390
Event: 37.945 Thread 0x00000273a0f5ebf0 flushing nmethod 0x0000027394683a90
Event: 37.945 Thread 0x00000273a0f5ebf0 flushing nmethod 0x0000027394726510
Event: 37.945 Thread 0x00000273a0f5ebf0 flushing nmethod 0x000002739467e690
Event: 37.945 Thread 0x00000273a0f5ebf0 flushing nmethod 0x00000273946afb90
Event: 37.945 Thread 0x00000273a0f5ebf0 flushing nmethod 0x00000273946ae010
Event: 37.945 Thread 0x00000273a0f5ebf0 flushing nmethod 0x0000027394618210
Event: 37.945 Thread 0x00000273a0f5ebf0 flushing nmethod 0x00000273945a9c90
Event: 37.945 Thread 0x00000273a0f5ebf0 flushing nmethod 0x00000273945b9a10
Event: 37.945 Thread 0x00000273a0f5ebf0 flushing nmethod 0x0000027394590690


Dynamic libraries:
0x00007ff6f4640000 - 0x00007ff6f464a000 	C:\Program Files\Android\Android Studio\jbr\bin\java.exe
0x00007ffda04c0000 - 0x00007ffda0728000 	C:\WINDOWS\SYSTEM32\ntdll.dll
0x00007ffd9e9f0000 - 0x00007ffd9eab9000 	C:\WINDOWS\System32\KERNEL32.DLL
0x00007ffd9d9e0000 - 0x00007ffd9ddd2000 	C:\WINDOWS\System32\KERNELBASE.dll
0x0000000050640000 - 0x00000000506e6000 	C:\WINDOWS\System32\SYSFER.DLL
0x00007ffd9e140000 - 0x00007ffd9e28b000 	C:\WINDOWS\System32\ucrtbase.dll
0x00007ffd97030000 - 0x00007ffd9704b000 	C:\Program Files\Android\Android Studio\jbr\bin\VCRUNTIME140.dll
0x00007ffd61040000 - 0x00007ffd61058000 	C:\Program Files\Android\Android Studio\jbr\bin\jli.dll
0x00007ffd9f190000 - 0x00007ffd9f355000 	C:\WINDOWS\System32\USER32.dll
0x00007ffd9dfe0000 - 0x00007ffd9e007000 	C:\WINDOWS\System32\win32u.dll
0x00007ffd872b0000 - 0x00007ffd87543000 	C:\WINDOWS\WinSxS\amd64_microsoft.windows.common-controls_6595b64144ccf1df_6.0.26100.6899_none_3e0efeeae32e88c1\COMCTL32.dll
0x00007ffd9f650000 - 0x00007ffd9f67b000 	C:\WINDOWS\System32\GDI32.dll
0x00007ffd9f860000 - 0x00007ffd9f909000 	C:\WINDOWS\System32\msvcrt.dll
0x00007ffd9e010000 - 0x00007ffd9e13d000 	C:\WINDOWS\System32\gdi32full.dll
0x00007ffd9d7b0000 - 0x00007ffd9d853000 	C:\WINDOWS\System32\msvcp_win.dll
0x00007ffd9f0c0000 - 0x00007ffd9f0ef000 	C:\WINDOWS\System32\IMM32.DLL
0x00007ffd9a000000 - 0x00007ffd9a00c000 	C:\Program Files\Android\Android Studio\jbr\bin\vcruntime140_1.dll
0x00007ffd51290000 - 0x00007ffd5131d000 	C:\Program Files\Android\Android Studio\jbr\bin\msvcp140.dll
0x00007ffd33910000 - 0x00007ffd3458d000 	C:\Program Files\Android\Android Studio\jbr\bin\server\jvm.dll
0x00007ffd9eff0000 - 0x00007ffd9f0a4000 	C:\WINDOWS\System32\ADVAPI32.dll
0x00007ffd9f370000 - 0x00007ffd9f416000 	C:\WINDOWS\System32\sechost.dll
0x00007ffd9fd90000 - 0x00007ffd9fea8000 	C:\WINDOWS\System32\RPCRT4.dll
0x00007ffd9fd10000 - 0x00007ffd9fd84000 	C:\WINDOWS\System32\WS2_32.dll
0x00007ffd9d4b0000 - 0x00007ffd9d50e000 	C:\WINDOWS\SYSTEM32\POWRPROF.dll
0x00007ffd87550000 - 0x00007ffd87585000 	C:\WINDOWS\SYSTEM32\WINMM.dll
0x00007ffd8fa40000 - 0x00007ffd8fa4b000 	C:\WINDOWS\SYSTEM32\VERSION.dll
0x00007ffd9d490000 - 0x00007ffd9d4a4000 	C:\WINDOWS\SYSTEM32\UMPDC.dll
0x00007ffd9c420000 - 0x00007ffd9c43b000 	C:\WINDOWS\SYSTEM32\kernel.appcore.dll
0x00007ffd80a60000 - 0x00007ffd80a6a000 	C:\Program Files\Android\Android Studio\jbr\bin\jimage.dll
0x00007ffd9aec0000 - 0x00007ffd9b102000 	C:\WINDOWS\SYSTEM32\DBGHELP.DLL
0x00007ffd9f990000 - 0x00007ffd9fd0b000 	C:\WINDOWS\System32\combase.dll
0x00007ffd9f420000 - 0x00007ffd9f4f7000 	C:\WINDOWS\System32\OLEAUT32.dll
0x00007ffd87dd0000 - 0x00007ffd87e0c000 	C:\WINDOWS\SYSTEM32\dbgcore.DLL
0x00007ffd9d710000 - 0x00007ffd9d7a8000 	C:\WINDOWS\System32\bcryptPrimitives.dll
0x00007ffd77ca0000 - 0x00007ffd77cae000 	C:\Program Files\Android\Android Studio\jbr\bin\instrument.dll
0x00007ffd720a0000 - 0x00007ffd720bf000 	C:\Program Files\Android\Android Studio\jbr\bin\java.dll
0x00007ffd70a10000 - 0x00007ffd70a28000 	C:\Program Files\Android\Android Studio\jbr\bin\zip.dll
0x00007ffd9e2a0000 - 0x00007ffd9e9ed000 	C:\WINDOWS\System32\SHELL32.dll
0x00007ffd9de70000 - 0x00007ffd9dfdb000 	C:\WINDOWS\System32\wintypes.dll
0x00007ffd9b2c0000 - 0x00007ffd9bb1d000 	C:\WINDOWS\SYSTEM32\windows.storage.dll
0x00007ffda0090000 - 0x00007ffda0182000 	C:\WINDOWS\System32\SHCORE.dll
0x00007ffd9fec0000 - 0x00007ffd9ff22000 	C:\WINDOWS\System32\shlwapi.dll
0x00007ffd9d570000 - 0x00007ffd9d599000 	C:\WINDOWS\SYSTEM32\profapi.dll
0x00007ffd7d9b0000 - 0x00007ffd7d9c0000 	C:\Program Files\Android\Android Studio\jbr\bin\net.dll
0x00007ffd8fc50000 - 0x00007ffd8fd6f000 	C:\WINDOWS\SYSTEM32\WINHTTP.dll
0x00007ffd9c990000 - 0x00007ffd9c9fb000 	C:\WINDOWS\system32\mswsock.dll
0x00007ffd6d990000 - 0x00007ffd6d9a6000 	C:\Program Files\Android\Android Studio\jbr\bin\nio.dll
0x00007ffd7a2f0000 - 0x00007ffd7a300000 	C:\Program Files\Android\Android Studio\jbr\bin\verify.dll
0x00007ffd6f7f0000 - 0x00007ffd6f817000 	C:\Users\MCC2104001_003\.gradle\native\c067742578af261105cb4f569cf0c3c89f3d7b1fecec35dd04571415982c5e48\windows-amd64\native-platform.dll
0x00007ffd48f60000 - 0x00007ffd490a4000 	C:\Users\MCC2104001_003\.gradle\native\100fb08df4bc3b14c8652ba06237920a3bd2aa13389f12d3474272988ae205f9\windows-amd64\native-platform-file-events.dll
0x00007ffd7b0f0000 - 0x00007ffd7b0f9000 	C:\Program Files\Android\Android Studio\jbr\bin\management.dll
0x00007ffd7aec0000 - 0x00007ffd7aecb000 	C:\Program Files\Android\Android Studio\jbr\bin\management_ext.dll
0x00007ffd9f0b0000 - 0x00007ffd9f0b8000 	C:\WINDOWS\System32\PSAPI.DLL
0x00007ffd9cc40000 - 0x00007ffd9cc5b000 	C:\WINDOWS\SYSTEM32\CRYPTSP.dll
0x00007ffd9c380000 - 0x00007ffd9c3bb000 	C:\WINDOWS\system32\rsaenh.dll
0x00007ffd9ca30000 - 0x00007ffd9ca5b000 	C:\WINDOWS\SYSTEM32\USERENV.dll
0x00007ffd9d540000 - 0x00007ffd9d566000 	C:\WINDOWS\SYSTEM32\bcrypt.dll
0x00007ffd9d450000 - 0x00007ffd9d45c000 	C:\WINDOWS\SYSTEM32\CRYPTBASE.dll
0x00007ffd9be90000 - 0x00007ffd9bec4000 	C:\WINDOWS\SYSTEM32\IPHLPAPI.DLL
0x00007ffd9f360000 - 0x00007ffd9f36a000 	C:\WINDOWS\System32\NSI.dll
0x00007ffd7c6a0000 - 0x00007ffd7c6a9000 	C:\Program Files\Android\Android Studio\jbr\bin\extnet.dll
0x00007ffd3c3d0000 - 0x00007ffd3c3d8000 	C:\WINDOWS\system32\wshunix.dll
0x00007ffd89ad0000 - 0x00007ffd89ae8000 	C:\WINDOWS\system32\napinsp.dll
0x00007ffd9bf30000 - 0x00007ffd9c056000 	C:\WINDOWS\SYSTEM32\DNSAPI.dll
0x00007ffd89ab0000 - 0x00007ffd89ac2000 	C:\WINDOWS\System32\winrnr.dll
0x00007ffd886d0000 - 0x00007ffd886f8000 	C:\WINDOWS\system32\nlansp_c.dll
0x00007ffd8a790000 - 0x00007ffd8a7a6000 	C:\WINDOWS\system32\wshbth.dll
0x00007ffd95a00000 - 0x00007ffd95a0b000 	C:\Windows\System32\rasadhlp.dll
0x00007ffd951f0000 - 0x00007ffd95276000 	C:\WINDOWS\System32\fwpuclnt.dll
0x00007ffd9c540000 - 0x00007ffd9c576000 	C:\WINDOWS\SYSTEM32\ntmarta.dll

dbghelp: loaded successfully - version: 4.0.5 - missing functions: none
symbol engine: initialized successfully - sym options: 0x614 - pdb path: .;C:\Program Files\Android\Android Studio\jbr\bin;C:\WINDOWS\SYSTEM32;C:\WINDOWS\WinSxS\amd64_microsoft.windows.common-controls_6595b64144ccf1df_6.0.26100.6899_none_3e0efeeae32e88c1;C:\Program Files\Android\Android Studio\jbr\bin\server;C:\Users\MCC2104001_003\.gradle\native\c067742578af261105cb4f569cf0c3c89f3d7b1fecec35dd04571415982c5e48\windows-amd64;C:\Users\MCC2104001_003\.gradle\native\100fb08df4bc3b14c8652ba06237920a3bd2aa13389f12d3474272988ae205f9\windows-amd64

VM Arguments:
jvm_args: --add-opens=java.base/java.util=ALL-UNNAMED --add-opens=java.base/java.lang=ALL-UNNAMED --add-opens=java.base/java.lang.invoke=ALL-UNNAMED --add-opens=java.prefs/java.util.prefs=ALL-UNNAMED --add-exports=jdk.compiler/com.sun.tools.javac.api=ALL-UNNAMED --add-exports=jdk.compiler/com.sun.tools.javac.util=ALL-UNNAMED --add-opens=java.base/java.nio.charset=ALL-UNNAMED --add-opens=java.base/java.net=ALL-UNNAMED --add-opens=java.base/java.util.concurrent.atomic=ALL-UNNAMED -Xmx2048m -Dfile.encoding=UTF-8 -Duser.country=US -Duser.language=en -Duser.variant -javaagent:C:\Users\MCC2104001_003\.gradle\wrapper\dists\gradle-8.9-bin\90cnw93cvbtalezasaz0blq0a\gradle-8.9\lib\agents\gradle-instrumentation-agent-8.9.jar 
java_command: org.gradle.launcher.daemon.bootstrap.GradleDaemon 8.9
java_class_path (initial): C:\Users\MCC2104001_003\.gradle\wrapper\dists\gradle-8.9-bin\90cnw93cvbtalezasaz0blq0a\gradle-8.9\lib\gradle-daemon-main-8.9.jar
Launcher Type: SUN_STANDARD

[Global flags]
     intx CICompilerCount                          = 4                                         {product} {ergonomic}
     uint ConcGCThreads                            = 2                                         {product} {ergonomic}
     uint G1ConcRefinementThreads                  = 8                                         {product} {ergonomic}
   size_t G1HeapRegionSize                         = 1048576                                   {product} {ergonomic}
    uintx GCDrainStackTargetSize                   = 64                                        {product} {ergonomic}
   size_t InitialHeapSize                          = 132120576                                 {product} {ergonomic}
   size_t MarkStackSize                            = 4194304                                   {product} {ergonomic}
   size_t MaxHeapSize                              = 2147483648                                {product} {command line}
   size_t MaxNewSize                               = 1287651328                                {product} {ergonomic}
   size_t MinHeapDeltaBytes                        = 1048576                                   {product} {ergonomic}
   size_t MinHeapSize                              = 8388608                                   {product} {ergonomic}
    uintx NonNMethodCodeHeapSize                   = 5839372                                {pd product} {ergonomic}
    uintx NonProfiledCodeHeapSize                  = 122909434                              {pd product} {ergonomic}
    uintx ProfiledCodeHeapSize                     = 122909434                              {pd product} {ergonomic}
    uintx ReservedCodeCacheSize                    = 251658240                              {pd product} {ergonomic}
     bool SegmentedCodeCache                       = true                                      {product} {ergonomic}
   size_t SoftMaxHeapSize                          = 2147483648                             {manageable} {ergonomic}
     bool UseCompressedOops                        = true                           {product lp64_product} {ergonomic}
     bool UseG1GC                                  = true                                      {product} {ergonomic}
     bool UseLargePagesIndividualAllocation        = false                                  {pd product} {ergonomic}

Logging:
Log output configuration:
 #0: stdout all=warning uptime,level,tags foldmultilines=false
 #1: stderr all=off uptime,level,tags foldmultilines=false

Environment Variables:
JAVA_HOME=C:\Program Files\Android\Android Studio\jbr
CLASSPATH=C:\Users\MCC2104001_003\AndroidStudioProjects\IsekiParcom\\gradle\wrapper\gradle-wrapper.jar
PATH=C:\WINDOWS\system32;C:\WINDOWS;C:\WINDOWS\System32\Wbem;C:\WINDOWS\System32\WindowsPowerShell\v1.0\;C:\WINDOWS\System32\OpenSSH\;C:\Program Files\dotnet\;C:\xampp\php;C:\composer;C:\Program Files\nodejs\;C:\Users\MCC2104001_003\AppData\Local\Programs\Python\Python313;C:\Users\MCC2104001_003\AppData\Local\Programs\Python\Python313\Scripts;C:\Users\MCC2104001_003\AppData\Local\Programs\Microsoft VS Code\bin;C:\Users\MCC2104001_003\AppData\Local\GitHubDesktop\bin;C:\Program Files\Android\Android Studio\jbr\bin
USERNAME=MCC2104001_003
OS=Windows_NT
PROCESSOR_IDENTIFIER=Intel64 Family 6 Model 142 Stepping 12, GenuineIntel
TMP=C:\Users\MCC210~1\AppData\Local\Temp
TEMP=C:\Users\MCC210~1\AppData\Local\Temp




Periodic native trim disabled

JNI global refs:
JNI global refs: 28, weak refs: 0

JNI global refs memory usage: 835, weak refs: 833

Process memory usage:
Resident Set Size: 571904K (7% of 8143556K total physical memory with 464396K free physical memory)

OOME stack traces (most recent first):
Classloader memory used:
Loader org.gradle.internal.classloader.VisitableURLClassLoader                         : 41390K
Loader org.gradle.internal.classloader.VisitableURLClassLoader$InstrumentingVisitableURLClassLoader: 40865K
Loader bootstrap                                                                       : 30709K
Loader org.gradle.initialization.MixInLegacyTypesClassLoader                           : 11740K
Loader jdk.internal.loader.ClassLoaders$PlatformClassLoader                            : 518K
Loader jdk.internal.reflect.DelegatingClassLoader                                      : 434K
Loader org.gradle.internal.classloader.VisitableURLClassLoader                         : 310K
Loader jdk.internal.loader.ClassLoaders$AppClassLoader                                 : 230K

Classes loaded by more than one classloader:
Class Program                                                                         : loaded 5 times (x 69B)
Class Build_gradle                                                                    : loaded 3 times (x 127B)
Class Build_gradle$1                                                                  : loaded 3 times (x 71B)
Class com.google.common.collect.RegularImmutableMap$KeySet                            : loaded 2 times (x 147B)
Class org.gradle.internal.classloader.FilteringClassLoader                            : loaded 2 times (x 102B)
Class [Lcom.google.common.collect.MapMakerInternalMap$Segment;                        : loaded 2 times (x 66B)
Class com.google.common.io.FileWriteMode                                              : loaded 2 times (x 76B)
Class [Lcom.google.common.base.AbstractIterator$State;                                : loaded 2 times (x 66B)
Class com.google.common.base.CharMatcher$IsEither                                     : loaded 2 times (x 108B)
Class org.gradle.internal.classloader.ClassLoaderHierarchy                            : loaded 2 times (x 67B)
Class com.google.common.collect.AbstractMapBasedMultimap$WrappedCollection            : loaded 2 times (x 121B)
Class com.google.common.collect.ImmutableEnumSet                                      : loaded 2 times (x 143B)
Class com.google.common.util.concurrent.ExecutionError                                : loaded 2 times (x 79B)
Class com.google.common.collect.ImmutableList$1                                       : loaded 2 times (x 94B)
Class org.gradle.api.internal.classpath.ManifestUtil                                  : loaded 2 times (x 68B)
Class com.google.common.collect.RegularImmutableMap                                   : loaded 2 times (x 118B)
Class com.google.common.collect.ImmutableMap$MapViewOfValuesAsSingletonSets           : loaded 2 times (x 122B)
Class com.google.common.reflect.TypeCapture                                           : loaded 2 times (x 68B)
Class com.google.common.collect.TransformedListIterator                               : loaded 2 times (x 90B)
Class [Lorg.objectweb.asm.Symbol;                                                     : loaded 2 times (x 66B)
Class org.objectweb.asm.ClassVisitor                                                  : loaded 2 times (x 85B)
Class com.google.common.collect.UnmodifiableListIterator                              : loaded 2 times (x 92B)
Class com.google.common.collect.MapMakerInternalMap$StrongKeyDummyValueEntry$LinkedStrongKeyDummyValueEntry: loaded 2 times (x 79B)
Class com.google.common.collect.MapMakerInternalMap$Strength                          : loaded 2 times (x 77B)
Class org.objectweb.asm.MethodTooLargeException                                       : loaded 2 times (x 80B)
Class [Lcom.google.common.cache.CacheBuilder$OneWeigher;                              : loaded 2 times (x 66B)
Class com.google.common.base.Suppliers                                                : loaded 2 times (x 68B)
Class com.google.common.base.Platform$JdkPatternCompiler                              : loaded 2 times (x 72B)
Class org.gradle.internal.classloader.DefaultClassLoaderFactory                       : loaded 2 times (x 79B)
Class com.google.common.base.CharMatcher$None                                         : loaded 2 times (x 109B)
Class org.gradle.internal.classloader.ClassLoaderVisitor                              : loaded 2 times (x 73B)
Class [Lcom.google.common.collect.ImmutableMapEntry;                                  : loaded 2 times (x 66B)
Class org.gradle.api.internal.classpath.EffectiveClassPath                            : loaded 2 times (x 87B)
Class com.google.common.collect.ImmutableRangeSet                                     : loaded 2 times (x 112B)
Class com.google.common.collect.ImmutableEnumMap                                      : loaded 2 times (x 122B)
Class com.google.common.collect.ListMultimap                                          : loaded 2 times (x 67B)
Class com.google.common.collect.Iterators$EmptyModifiableIterator                     : loaded 2 times (x 83B)
Class com.google.common.collect.Sets$1                                                : loaded 2 times (x 136B)
Class org.objectweb.asm.AnnotationVisitor                                             : loaded 2 times (x 75B)
Class com.google.common.base.Splitter                                                 : loaded 2 times (x 69B)
Class org.gradle.api.internal.DefaultClassPathProvider                                : loaded 2 times (x 73B)
Class com.google.common.collect.MapMakerInternalMap$Strength$1                        : loaded 2 times (x 77B)
Class com.google.common.collect.Maps$ViewCachingAbstractMap                           : loaded 2 times (x 122B)
Class com.google.common.collect.Sets$2                                                : loaded 2 times (x 136B)
Class [Lorg.gradle.api.internal.ClassPathProvider;                                    : loaded 2 times (x 66B)
Class org.gradle.api.internal.ClassPathProvider                                       : loaded 2 times (x 67B)
Class com.google.common.collect.MapMakerInternalMap$Strength$2                        : loaded 2 times (x 77B)
Class com.google.common.collect.Sets$3                                                : loaded 2 times (x 136B)
Class com.google.common.util.concurrent.AbstractFuture$SafeAtomicHelper               : loaded 2 times (x 76B)
Class com.google.common.cache.LocalCache$LocalLoadingCache                            : loaded 2 times (x 131B)
Class com.google.common.base.AbstractIterator$State                                   : loaded 2 times (x 76B)
Class org.gradle.internal.service.UnknownServiceException                             : loaded 2 times (x 80B)
Class com.google.common.collect.MapMakerInternalMap$StrongValueEntry                  : loaded 2 times (x 67B)
Class com.google.common.collect.Sets$4                                                : loaded 2 times (x 136B)
Class org.objectweb.asm.ModuleVisitor                                                 : loaded 2 times (x 78B)
Class com.google.common.cache.LocalCache$Strength$1                                   : loaded 2 times (x 78B)
Class com.google.common.util.concurrent.SettableFuture                                : loaded 2 times (x 111B)
Class com.google.common.cache.LocalCache$Strength$2                                   : loaded 2 times (x 78B)
Class com.google.common.collect.Interners$InternerImpl                                : loaded 2 times (x 72B)
Class com.google.common.collect.Interner                                              : loaded 2 times (x 67B)
Class com.google.common.collect.TransformedIterator                                   : loaded 2 times (x 77B)
Class com.google.common.cache.LocalCache$Strength$3                                   : loaded 2 times (x 78B)
Class com.google.common.collect.MapDifference                                         : loaded 2 times (x 67B)
Class com.google.common.base.Splitter$1                                               : loaded 2 times (x 74B)
Class com.google.common.reflect.Invokable                                             : loaded 2 times (x 100B)
Class com.google.common.collect.MapMaker$Dummy                                        : loaded 2 times (x 76B)
Class org.objectweb.asm.FieldWriter                                                   : loaded 2 times (x 75B)
Class com.google.common.cache.CacheBuilder$NullListener                               : loaded 2 times (x 79B)
Class org.gradle.internal.classpath.TransformedClassPath                              : loaded 2 times (x 93B)
Class com.google.common.collect.ImmutableListMultimap                                 : loaded 2 times (x 173B)
Class com.google.common.collect.ImmutableRangeSet$AsSet                               : loaded 2 times (x 296B)
Class com.google.common.cache.CacheLoader$FunctionToCacheLoader                       : loaded 2 times (x 72B)
Class com.google.common.collect.Iterators$ArrayItr                                    : loaded 2 times (x 94B)
Class com.google.common.collect.ImmutableCollection$Builder                           : loaded 2 times (x 73B)
Class com.google.common.collect.EmptyImmutableListMultimap                            : loaded 2 times (x 173B)
Class com.google.common.collect.BaseImmutableMultimap                                 : loaded 2 times (x 120B)
Class com.google.common.base.Joiner                                                   : loaded 2 times (x 76B)
Class com.google.common.base.MoreObjects                                              : loaded 2 times (x 68B)
Class [Lorg.objectweb.asm.Type;                                                       : loaded 2 times (x 66B)
Class com.google.common.collect.Platform                                              : loaded 2 times (x 68B)
Class com.google.common.collect.UnmodifiableIterator                                  : loaded 2 times (x 77B)
Class org.gradle.internal.service.ServiceLocator                                      : loaded 2 times (x 67B)
Class com.google.common.collect.SingletonImmutableBiMap                               : loaded 2 times (x 140B)
Class com.google.common.base.Ascii                                                    : loaded 2 times (x 68B)
Class com.google.common.cache.LocalCache$1                                            : loaded 2 times (x 86B)
Class com.google.common.collect.AbstractMapEntry                                      : loaded 2 times (x 78B)
Class com.google.common.reflect.TypeToken$SimpleTypeToken                             : loaded 2 times (x 70B)
Class com.google.common.collect.MapMakerInternalMap$AbstractStrongKeyEntry            : loaded 2 times (x 77B)
Class com.google.common.collect.Sets$ImprovedAbstractSet                              : loaded 2 times (x 132B)
Class com.google.common.collect.ImmutableList$Builder                                 : loaded 2 times (x 74B)
Class com.google.common.cache.LocalCache$2                                            : loaded 2 times (x 139B)
Class com.google.common.collect.AbstractMultimap                                      : loaded 2 times (x 120B)
Class com.google.common.collect.ImmutableRangeSet$1                                   : loaded 2 times (x 206B)
Class com.google.common.util.concurrent.AbstractFuture$UnsafeAtomicHelper$1           : loaded 2 times (x 73B)
Class com.google.common.collect.RegularImmutableAsList                                : loaded 2 times (x 213B)
Class com.google.common.base.Optional                                                 : loaded 2 times (x 77B)
Class com.google.common.collect.Range                                                 : loaded 2 times (x 84B)
Class com.google.common.util.concurrent.AbstractFuture$Trusted                        : loaded 2 times (x 67B)
Class com.google.common.collect.Iterators                                             : loaded 2 times (x 68B)
Class com.google.common.base.CharMatcher$RangesMatcher                                : loaded 2 times (x 109B)
Class com.google.common.io.ByteSink$AsCharSink                                        : loaded 2 times (x 77B)
Class com.google.common.util.concurrent.UncheckedExecutionException                   : loaded 2 times (x 79B)
Class com.google.common.collect.Lists$StringAsImmutableList                           : loaded 2 times (x 204B)
Class org.gradle.kotlin.dsl.VersionCatalogAccessorsKt                                 : loaded 2 times (x 68B)
Class com.google.common.collect.ImmutableSortedSetFauxverideShim                      : loaded 2 times (x 144B)
Class com.google.common.base.CharMatcher$JavaLetterOrDigit                            : loaded 2 times (x 108B)
Class org.gradle.internal.InternalTransformer                                         : loaded 2 times (x 67B)
Class com.google.common.collect.AbstractMapBasedMultimap$KeySet$1                     : loaded 2 times (x 79B)
Class org.objectweb.asm.ClassWriter                                                   : loaded 2 times (x 103B)
Class com.google.common.cache.CacheLoader$UnsupportedLoadingOperationException        : loaded 2 times (x 79B)
Class com.google.common.base.CharMatcher$And                                          : loaded 2 times (x 109B)
Class org.gradle.internal.classloader.ClasspathUtil$1                                 : loaded 2 times (x 73B)
Class com.google.common.base.Objects                                                  : loaded 2 times (x 68B)
Class org.objectweb.asm.FieldVisitor                                                  : loaded 2 times (x 74B)
Class com.google.common.collect.IndexedImmutableSet                                   : loaded 2 times (x 147B)
Class com.google.common.collect.ImmutableMap$1                                        : loaded 2 times (x 78B)
Class com.google.common.collect.BiMap                                                 : loaded 2 times (x 67B)
Class org.gradle.api.internal.classpath.DefaultModuleRegistry$DefaultModule           : loaded 2 times (x 83B)
Class com.google.common.primitives.Ints                                               : loaded 2 times (x 68B)
Class com.google.common.collect.AbstractIterator                                      : loaded 2 times (x 79B)
Class com.google.common.math.MathPreconditions                                        : loaded 2 times (x 68B)
Class com.google.common.base.Equivalence$Identity                                     : loaded 2 times (x 79B)
Class com.google.common.collect.ArrayListMultimapGwtSerializationDependencies         : loaded 2 times (x 169B)
Class com.google.common.collect.ObjectArrays                                          : loaded 2 times (x 68B)
Class com.google.common.collect.AbstractIndexedListIterator                           : loaded 2 times (x 93B)
Class com.google.common.collect.ImmutableMapEntrySet                                  : loaded 2 times (x 148B)
Class org.gradle.api.internal.classpath.Module                                        : loaded 2 times (x 67B)
Class com.google.common.cache.Weigher                                                 : loaded 2 times (x 67B)
Class org.gradle.api.internal.classpath.UnknownModuleException                        : loaded 2 times (x 79B)
Class com.google.common.base.Stopwatch                                                : loaded 2 times (x 69B)
Class com.google.common.cache.LocalCache$Strength                                     : loaded 2 times (x 78B)
Class com.google.common.cache.Cache                                                   : loaded 2 times (x 67B)
Class com.google.common.io.AppendableWriter                                           : loaded 2 times (x 97B)
Class com.google.common.io.Files$2                                                    : loaded 2 times (x 73B)
Class com.google.common.util.concurrent.AbstractFuture$Cancellation                   : loaded 2 times (x 69B)
Class com.google.common.collect.ImmutableMap$Builder                                  : loaded 2 times (x 79B)
Class com.google.common.base.NullnessCasts                                            : loaded 2 times (x 68B)
Class com.google.common.base.Present                                                  : loaded 2 times (x 78B)
Class com.google.common.collect.AbstractMapBasedMultimap$WrappedCollection$WrappedIterator: loaded 2 times (x 81B)
Class com.google.common.cache.RemovalListener                                         : loaded 2 times (x 67B)
Class org.gradle.api.internal.DefaultClassPathRegistry                                : loaded 2 times (x 73B)
Class com.google.common.reflect.Invokable$ConstructorInvokable                        : loaded 2 times (x 104B)
Class com.google.common.collect.ImmutableMultimap$Keys                                : loaded 2 times (x 163B)
Class com.google.common.primitives.IntsMethodsForWeb                                  : loaded 2 times (x 68B)
Class com.google.common.collect.Multimap                                              : loaded 2 times (x 67B)
Class org.gradle.api.internal.ClassPathRegistry                                       : loaded 2 times (x 67B)
Class org.gradle.internal.classpath.DefaultClassPath$ImmutableUniqueList              : loaded 2 times (x 196B)
Class com.google.common.reflect.TypeToken                                             : loaded 2 times (x 70B)
Class com.google.common.collect.MapMakerInternalMap$Segment                           : loaded 2 times (x 139B)
Class com.google.common.base.ExtraObjectsMethodsForWeb                                : loaded 2 times (x 68B)
Class com.google.common.base.PairwiseEquivalence                                      : loaded 2 times (x 80B)
Class com.google.common.io.ByteSink                                                   : loaded 2 times (x 73B)
Class com.google.common.cache.CacheBuilder                                            : loaded 2 times (x 69B)
Class com.google.common.collect.SingletonImmutableList                                : loaded 2 times (x 204B)
Class Settings_gradle$1                                                               : loaded 2 times (x 71B)
Class org.gradle.internal.classpath.ClassPath                                         : loaded 2 times (x 67B)
Class org.gradle.api.UncheckedIOException                                             : loaded 2 times (x 79B)
Class com.google.common.collect.Interners$InternerBuilder                             : loaded 2 times (x 73B)
Class com.google.common.io.Files$FileByteSource                                       : loaded 2 times (x 82B)
Class com.google.common.collect.ImmutableList$ReverseImmutableList                    : loaded 2 times (x 205B)
Class com.google.common.base.JdkPattern                                               : loaded 2 times (x 72B)
Class com.google.common.io.CharStreams$NullWriter                                     : loaded 2 times (x 96B)
Class org.objectweb.asm.SymbolTable$Entry                                             : loaded 2 times (x 71B)
Class com.google.common.util.concurrent.AbstractFuture$AtomicHelper                   : loaded 2 times (x 75B)
Class org.objectweb.asm.Edge                                                          : loaded 2 times (x 69B)
Class com.google.common.base.Suppliers$SupplierOfInstance                             : loaded 2 times (x 76B)
Class com.google.common.collect.Iterators$1                                           : loaded 2 times (x 78B)
Class com.google.common.reflect.TypeToken$1                                           : loaded 2 times (x 107B)
Class com.google.common.cache.LocalCache$ComputingValueReference                      : loaded 2 times (x 93B)
Class com.google.common.collect.SingletonImmutableSet                                 : loaded 2 times (x 143B)
Class com.google.common.collect.ImmutableMap$IteratorBasedImmutableMap                : loaded 2 times (x 122B)
Class com.google.common.reflect.TypeToken$2                                           : loaded 2 times (x 107B)
Class com.google.common.cache.LocalCache$Segment                                      : loaded 2 times (x 151B)
Class com.google.common.collect.SortedIterable                                        : loaded 2 times (x 67B)
Class [Lorg.objectweb.asm.SymbolTable$Entry;                                          : loaded 2 times (x 66B)
Class com.google.common.cache.CacheLoader                                             : loaded 2 times (x 71B)
Class com.google.common.collect.Iterators$4                                           : loaded 2 times (x 79B)
Class com.google.common.collect.ImmutableBiMap                                        : loaded 2 times (x 140B)
Class com.google.common.collect.AbstractListMultimap                                  : loaded 2 times (x 169B)
Class org.gradle.internal.installation.GradleInstallation$1                           : loaded 2 times (x 72B)
Class org.gradle.api.internal.classpath.ModuleRegistry                                : loaded 2 times (x 67B)
Class com.google.common.util.concurrent.internal.InternalFutureFailureAccess          : loaded 2 times (x 69B)
Class com.google.common.collect.Iterators$5                                           : loaded 2 times (x 79B)
Class com.google.common.collect.ImmutableSet$JdkBackedSetBuilderImpl                  : loaded 2 times (x 73B)
Class com.google.common.base.Splitter$SplittingIterator                               : loaded 2 times (x 81B)
Class com.google.common.collect.ImmutableMultimap$Values                              : loaded 2 times (x 123B)
Class com.google.common.io.Closer$SuppressingSuppressor                               : loaded 2 times (x 72B)
Class com.google.common.util.concurrent.AbstractFuture$UnsafeAtomicHelper             : loaded 2 times (x 75B)
Class com.google.common.cache.LocalCache$LocalManualCache$1                           : loaded 2 times (x 72B)
Class com.google.common.base.CharMatcher$ForPredicate                                 : loaded 2 times (x 109B)
Class com.google.common.collect.ImmutableCollection                                   : loaded 2 times (x 122B)
Class com.google.common.base.CharMatcher$AnyOf                                        : loaded 2 times (x 109B)
Class org.gradle.api.internal.classpath.DefaultModuleRegistry                         : loaded 2 times (x 80B)
Class com.google.common.util.concurrent.ListenableFuture                              : loaded 2 times (x 67B)
Class com.google.common.cache.ReferenceEntry                                          : loaded 2 times (x 67B)
Class com.google.common.collect.ImmutableSet$CachingAsList                            : loaded 2 times (x 144B)
Class com.google.common.base.Converter                                                : loaded 2 times (x 87B)
Class com.google.common.collect.Lists                                                 : loaded 2 times (x 68B)
Class com.google.common.base.CharMatcher$Any                                          : loaded 2 times (x 109B)
Class com.google.common.util.concurrent.AbstractFuture                                : loaded 2 times (x 103B)
Class com.google.common.base.FunctionalEquivalence                                    : loaded 2 times (x 80B)
Class com.google.common.collect.Iterators$9                                           : loaded 2 times (x 78B)
Class com.google.common.collect.AbstractMapBasedMultimap                              : loaded 2 times (x 136B)
Class com.google.common.collect.ImmutableAsList                                       : loaded 2 times (x 206B)
Class com.google.common.io.CharStreams                                                : loaded 2 times (x 68B)
Class com.google.common.collect.ImmutableMultiset                                     : loaded 2 times (x 160B)
Class org.objectweb.asm.RecordComponentVisitor                                        : loaded 2 times (x 74B)
Class com.google.common.cache.CacheLoader$SupplierToCacheLoader                       : loaded 2 times (x 72B)
Class com.google.common.collect.Maps$EntryTransformer                                 : loaded 2 times (x 67B)
Class org.gradle.internal.service.ServiceLookupException                              : loaded 2 times (x 79B)
Class com.google.common.collect.ImmutableSortedSet                                    : loaded 2 times (x 296B)
Class [Lcom.google.common.cache.LocalCache$EntryFactory;                              : loaded 2 times (x 66B)
Class com.google.common.base.CharMatcher$JavaLetter                                   : loaded 2 times (x 108B)
Class org.gradle.internal.classloader.ClassLoaderFactory                              : loaded 2 times (x 67B)
Class com.google.common.collect.ImmutableMap$SerializedForm                           : loaded 2 times (x 70B)
Class com.google.common.cache.LocalCache$LocalManualCache                             : loaded 2 times (x 96B)
Class com.google.common.base.CharMatcher$IsNot                                        : loaded 2 times (x 108B)
Class com.google.common.base.CommonPattern                                            : loaded 2 times (x 71B)
Class org.gradle.internal.service.CachingServiceLocator                               : loaded 2 times (x 79B)
Class com.google.common.collect.AbstractMapBasedMultimap$KeySet                       : loaded 2 times (x 134B)
Class com.google.common.collect.RegularImmutableSortedSet                             : loaded 2 times (x 296B)
Class com.google.common.math.IntMath                                                  : loaded 2 times (x 68B)
Class com.google.common.collect.MapMakerInternalMap$InternalEntry                     : loaded 2 times (x 67B)
Class com.google.common.collect.Iterators$10                                          : loaded 2 times (x 78B)
Class com.google.common.collect.ImmutableMapEntry                                     : loaded 2 times (x 82B)
Class com.google.common.base.CharMatcher$JavaDigit                                    : loaded 2 times (x 108B)
Class com.google.common.collect.ImmutableMultimap                                     : loaded 2 times (x 144B)
Class com.google.common.base.Equivalence                                              : loaded 2 times (x 79B)
Class com.google.common.collect.ImmutableMapEntry$NonTerminalImmutableMapEntry        : loaded 2 times (x 82B)
Class com.google.common.base.Function                                                 : loaded 2 times (x 67B)
Class com.google.common.cache.CacheBuilder$OneWeigher                                 : loaded 2 times (x 79B)
Class com.google.common.collect.RegularImmutableList                                  : loaded 2 times (x 209B)
Class com.google.common.collect.ImmutableBiMapFauxverideShim                          : loaded 2 times (x 117B)
Class org.gradle.internal.classloader.ClasspathUtil                                   : loaded 2 times (x 68B)
Class com.google.common.base.Charsets                                                 : loaded 2 times (x 68B)
Class com.google.common.util.concurrent.Uninterruptibles                              : loaded 2 times (x 68B)
Class com.google.common.collect.Maps                                                  : loaded 2 times (x 68B)
Class com.google.common.base.CharMatcher$JavaUpperCase                                : loaded 2 times (x 108B)
Class org.gradle.api.specs.Spec                                                       : loaded 2 times (x 67B)
Class com.google.common.collect.MapMaker                                              : loaded 2 times (x 69B)
Class [Lcom.google.common.collect.ImmutableEntry;                                     : loaded 2 times (x 66B)
Class com.google.common.cache.LocalCache$LoadingValueReference                        : loaded 2 times (x 93B)
Class com.google.common.collect.Multiset                                              : loaded 2 times (x 67B)
Class com.google.common.reflect.Invokable$MethodInvokable                             : loaded 2 times (x 104B)
Class com.google.common.io.LineReader$1                                               : loaded 2 times (x 72B)
Class com.google.common.collect.CollectSpliterators                                   : loaded 2 times (x 68B)
Class com.google.common.collect.AbstractMapBasedMultimap$AsMap                        : loaded 2 times (x 125B)
Class com.google.common.collect.MapMakerInternalMap$StrongKeyDummyValueEntry          : loaded 2 times (x 79B)
Class com.google.common.base.Platform                                                 : loaded 2 times (x 68B)
Class com.google.common.collect.AbstractMapBasedMultimap$WrappedList                  : loaded 2 times (x 202B)
Class com.google.common.primitives.Ints$IntConverter                                  : loaded 2 times (x 87B)
Class com.google.common.collect.Maps$8                                                : loaded 2 times (x 79B)
Class [Lcom.google.common.collect.Iterators$EmptyModifiableIterator;                  : loaded 2 times (x 66B)
Class com.google.common.collect.ImmutableRangeSet$Builder                             : loaded 2 times (x 74B)
Class com.google.common.collect.Sets$SetView                                          : loaded 2 times (x 135B)
Class com.google.common.cache.LocalCache$StrongValueReference                         : loaded 2 times (x 87B)
Class com.google.common.util.concurrent.AbstractFuture$SynchronizedHelper             : loaded 2 times (x 75B)
Class com.google.common.base.CharMatcher$Invisible                                    : loaded 2 times (x 109B)
Class com.google.common.graph.SuccessorsFunction                                      : loaded 2 times (x 67B)
Class org.objectweb.asm.Type                                                          : loaded 2 times (x 69B)
Class org.gradle.internal.classloader.VisitableURLClassLoader$InstrumentingVisitableURLClassLoader: loaded 2 times (x 120B)
Class com.google.common.collect.MapMakerInternalMap$StrongKeyDummyValueEntry$Helper   : loaded 2 times (x 76B)
Class com.google.common.io.Files$FileByteSink                                         : loaded 2 times (x 74B)
Class org.objectweb.asm.ByteVector                                                    : loaded 2 times (x 76B)
Class [Lcom.google.common.cache.CacheBuilder$NullListener;                            : loaded 2 times (x 66B)
Class com.google.common.math.IntMath$1                                                : loaded 2 times (x 68B)
Class org.gradle.internal.classloader.VisitableURLClassLoader$Spec                    : loaded 2 times (x 71B)
Class org.gradle.internal.classpath.DefaultClassPath                                  : loaded 2 times (x 87B)
Class org.objectweb.asm.Symbol                                                        : loaded 2 times (x 70B)
Class com.google.common.base.AbstractIterator                                         : loaded 2 times (x 77B)
Class com.google.common.io.Java8Compatibility                                         : loaded 2 times (x 68B)
Class com.google.common.io.Closer                                                     : loaded 2 times (x 75B)
Class com.google.common.collect.RegularImmutableMap$Values                            : loaded 2 times (x 204B)
Class com.google.common.collect.ImmutableSet                                          : loaded 2 times (x 142B)
Class com.google.common.base.CharMatcher$BitSetMatcher                                : loaded 2 times (x 109B)
Class com.google.common.base.CharMatcher$Ascii                                        : loaded 2 times (x 109B)
Class org.gradle.internal.classloader.ClassLoaderSpec                                 : loaded 2 times (x 68B)
Class org.objectweb.asm.AnnotationWriter                                              : loaded 2 times (x 76B)
Class com.google.common.cache.CacheStats                                              : loaded 2 times (x 68B)
Class com.google.common.collect.ImmutableMultisetGwtSerializationDependencies         : loaded 2 times (x 122B)
Class com.google.common.collect.Interners                                             : loaded 2 times (x 68B)
Class com.google.common.io.Closer$Suppressor                                          : loaded 2 times (x 67B)
Class com.google.common.io.LineProcessor                                              : loaded 2 times (x 67B)
Class org.objectweb.asm.RecordComponentWriter                                         : loaded 2 times (x 75B)
Class com.google.common.util.concurrent.AbstractFuture$Listener                       : loaded 2 times (x 69B)
Class com.google.common.base.CharMatcher$Or                                           : loaded 2 times (x 109B)
Class Settings_gradle$1$1                                                             : loaded 2 times (x 71B)
Class org.objectweb.asm.Attribute                                                     : loaded 2 times (x 74B)
Class com.google.common.base.Supplier                                                 : loaded 2 times (x 67B)
Class org.gradle.internal.classloader.VisitableURLClassLoader                         : loaded 2 times (x 114B)
Class com.google.common.collect.ImmutableList$SerializedForm                          : loaded 2 times (x 70B)
Class com.google.common.util.concurrent.AbstractFuture$Waiter                         : loaded 2 times (x 69B)
Class Settings_gradle                                                                 : loaded 2 times (x 125B)
Class org.gradle.internal.Cast                                                        : loaded 2 times (x 68B)
Class org.gradle.api.Action                                                           : loaded 2 times (x 67B)
Class com.google.common.collect.MapMakerInternalMap                                   : loaded 2 times (x 158B)
Class com.google.common.collect.Sets                                                  : loaded 2 times (x 68B)
Class org.objectweb.asm.Handler                                                       : loaded 2 times (x 69B)
Class com.google.common.base.Ticker                                                   : loaded 2 times (x 69B)
Class com.google.common.base.Strings                                                  : loaded 2 times (x 68B)
Class com.google.common.base.CharMatcher$FastMatcher                                  : loaded 2 times (x 108B)
Class org.gradle.internal.agents.InstrumentingClassLoader                             : loaded 2 times (x 67B)
Class [Lcom.google.common.cache.LocalCache$Segment;                                   : loaded 2 times (x 66B)
Class [Lcom.google.common.cache.LocalCache$Strength;                                  : loaded 2 times (x 66B)
Class com.google.common.cache.CacheBuilder$1                                          : loaded 2 times (x 82B)
Class com.google.common.collect.ImmutableMap                                          : loaded 2 times (x 117B)
Class com.google.common.base.Predicate                                                : loaded 2 times (x 67B)
Class org.gradle.internal.classpath.DefaultClassPath$ImmutableUniqueList$Builder      : loaded 2 times (x 72B)
Class com.google.common.collect.MapMakerInternalMap$WeakValueReference                : loaded 2 times (x 67B)
Class com.google.common.collect.AbstractRangeSet                                      : loaded 2 times (x 111B)
Class com.google.common.cache.LocalCache                                              : loaded 2 times (x 184B)
Class com.google.common.cache.CacheBuilder$2                                          : loaded 2 times (x 69B)
Class com.google.common.base.CharMatcher$NegatedFastMatcher                           : loaded 2 times (x 110B)
Class [Lcom.google.common.collect.AbstractMapEntry;                                   : loaded 2 times (x 66B)
Class com.google.common.collect.ImmutableEntry                                        : loaded 2 times (x 79B)
Class com.google.common.collect.ArrayListMultimap                                     : loaded 2 times (x 169B)
Class com.google.common.base.AbstractIterator$1                                       : loaded 2 times (x 68B)
Class com.google.common.base.CharMatcher$Digit                                        : loaded 2 times (x 109B)
Class org.gradle.api.GradleException                                                  : loaded 2 times (x 79B)
Class com.google.common.base.Suppliers$MemoizingSupplier                              : loaded 2 times (x 76B)
Class com.google.common.collect.CollectPreconditions                                  : loaded 2 times (x 68B)
Class com.google.common.base.CharMatcher$JavaIsoControl                               : loaded 2 times (x 109B)
Class [Lcom.google.common.collect.MapMakerInternalMap$Strength;                       : loaded 2 times (x 66B)
Class [Lcom.google.common.io.FileWriteMode;                                           : loaded 2 times (x 66B)
Class com.google.common.collect.SortedMapDifference                                   : loaded 2 times (x 67B)
Class com.google.common.base.CharMatcher$JavaLowerCase                                : loaded 2 times (x 108B)
Class com.google.common.collect.MapMakerInternalMap$StrongKeyDummyValueSegment        : loaded 2 times (x 139B)
Class com.google.common.io.Files                                                      : loaded 2 times (x 68B)
Class com.google.common.cache.LocalCache$EntryFactory                                 : loaded 2 times (x 80B)
Class [Lcom.google.common.collect.MapMaker$Dummy;                                     : loaded 2 times (x 66B)
Class com.google.common.cache.LocalCache$AbstractReferenceEntry                       : loaded 2 times (x 104B)
Class com.google.common.base.Splitter$1$1                                             : loaded 2 times (x 83B)
Class com.google.common.base.CharMatcher$Whitespace                                   : loaded 2 times (x 109B)
Class org.gradle.internal.IoActions                                                   : loaded 2 times (x 68B)
Class com.google.common.collect.ImmutableMapKeySet                                    : loaded 2 times (x 147B)
Class com.google.common.collect.ImmutableRangeSet$ComplementRanges                    : loaded 2 times (x 204B)
Class org.objectweb.asm.SymbolTable                                                   : loaded 2 times (x 69B)
Class com.google.common.cache.CacheLoader$InvalidCacheLoadException                   : loaded 2 times (x 79B)
Class com.google.common.collect.ImmutableSet$RegularSetBuilderImpl                    : loaded 2 times (x 74B)
Class com.google.common.base.CharMatcher$SingleWidth                                  : loaded 2 times (x 109B)
Class org.gradle.internal.classloader.SystemClassLoaderSpec                           : loaded 2 times (x 68B)
Class com.google.common.cache.LocalCache$StrongEntry                                  : loaded 2 times (x 105B)
Class com.google.common.util.concurrent.AbstractFuture$TrustedFuture                  : loaded 2 times (x 111B)
Class com.google.common.cache.LoadingCache                                            : loaded 2 times (x 67B)
Class com.google.common.base.Suppliers$NonSerializableMemoizingSupplier               : loaded 2 times (x 76B)
Class org.objectweb.asm.MethodWriter                                                  : loaded 2 times (x 103B)
Class [Lcom.google.common.cache.Weigher;                                              : loaded 2 times (x 66B)
Class com.google.common.collect.RegularImmutableMap$BucketOverflowException           : loaded 2 times (x 79B)
Class com.google.common.collect.ImmutableMultimap$1                                   : loaded 2 times (x 79B)
Class com.google.common.collect.AbstractMapBasedMultimap$RandomAccessWrappedList      : loaded 2 times (x 202B)
Class com.google.common.collect.ImmutableMultimap$2                                   : loaded 2 times (x 78B)
Class com.google.common.collect.RegularImmutableBiMap                                 : loaded 2 times (x 145B)
Class com.google.common.cache.LocalCache$ValueReference                               : loaded 2 times (x 67B)
Class com.google.common.base.CharMatcher$Negated                                      : loaded 2 times (x 110B)
Class com.google.common.base.CharMatcher$Is                                           : loaded 2 times (x 108B)
Class com.google.common.util.concurrent.AbstractFuture$Failure                        : loaded 2 times (x 69B)
Class com.google.common.base.Equivalence$Equals                                       : loaded 2 times (x 79B)
Class com.google.common.collect.Hashing                                               : loaded 2 times (x 68B)
Class com.google.common.base.PatternCompiler                                          : loaded 2 times (x 67B)
Class com.google.common.base.Preconditions                                            : loaded 2 times (x 68B)
Class com.google.common.collect.ImmutableSetMultimap                                  : loaded 2 times (x 177B)
Class com.google.common.io.CharSink                                                   : loaded 2 times (x 76B)
Class com.google.common.base.Joiner$1                                                 : loaded 2 times (x 77B)
Class org.objectweb.asm.Label                                                         : loaded 2 times (x 70B)
Class org.objectweb.asm.CurrentFrame                                                  : loaded 2 times (x 70B)
Class org.objectweb.asm.ClassTooLargeException                                        : loaded 2 times (x 80B)
Class com.google.common.collect.PeekingIterator                                       : loaded 2 times (x 67B)
Class com.google.common.base.CharMatcher                                              : loaded 2 times (x 108B)
Class com.google.common.collect.MapMakerInternalMap$InternalEntryHelper               : loaded 2 times (x 67B)
Class com.google.common.collect.Maps$IteratorBasedAbstractMap                         : loaded 2 times (x 122B)
Class com.google.common.collect.Table                                                 : loaded 2 times (x 67B)
Class com.google.common.collect.RangeGwtSerializationDependencies                     : loaded 2 times (x 68B)
Class com.google.common.base.Joiner$2                                                 : loaded 2 times (x 76B)
Class org.objectweb.asm.Frame                                                         : loaded 2 times (x 70B)
Class org.objectweb.asm.MethodVisitor                                                 : loaded 2 times (x 102B)
Class com.google.common.cache.LocalCache$EntryFactory$1                               : loaded 2 times (x 80B)
Class [Lcom.google.common.cache.RemovalListener;                                      : loaded 2 times (x 66B)
Class com.google.common.base.CharMatcher$1                                            : loaded 2 times (x 110B)
Class com.google.common.base.CharMatcher$NamedFastMatcher                             : loaded 2 times (x 109B)
Class com.google.common.collect.RangeSet                                              : loaded 2 times (x 67B)
Class com.google.common.cache.LocalCache$EntryFactory$2                               : loaded 2 times (x 80B)
Class com.google.common.collect.CollectCollectors                                     : loaded 2 times (x 68B)
Class org.objectweb.asm.ModuleWriter                                                  : loaded 2 times (x 79B)
Class com.google.common.cache.LocalCache$EntryFactory$3                               : loaded 2 times (x 80B)
Class com.google.common.base.Ticker$1                                                 : loaded 2 times (x 69B)
Class com.google.common.collect.ImmutableMapEntrySet$RegularEntrySet                  : loaded 2 times (x 148B)
Class com.google.common.collect.Maps$BiMapConverter                                   : loaded 2 times (x 87B)
Class com.google.common.collect.SetMultimap                                           : loaded 2 times (x 67B)
Class com.google.common.cache.LocalCache$EntryFactory$4                               : loaded 2 times (x 80B)
Class com.google.common.collect.ImmutableSet$Builder                                  : loaded 2 times (x 82B)
Class com.google.common.base.CharMatcher$InRange                                      : loaded 2 times (x 108B)
Class com.google.common.cache.LocalCache$EntryFactory$5                               : loaded 2 times (x 80B)
Class com.google.common.io.LineReader                                                 : loaded 2 times (x 69B)
Class com.google.common.cache.LocalCache$EntryFactory$6                               : loaded 2 times (x 80B)
Class org.gradle.internal.installation.CurrentGradleInstallationLocator               : loaded 2 times (x 68B)
Class com.google.common.collect.ImmutableMultimap$Builder                             : loaded 2 times (x 80B)
Class com.google.common.collect.Maps$KeySet                                           : loaded 2 times (x 134B)
Class com.google.common.cache.LocalCache$EntryFactory$7                               : loaded 2 times (x 80B)
Class com.google.common.collect.ImmutableSet$EmptySetBuilderImpl                      : loaded 2 times (x 73B)
Class com.google.common.collect.ImmutableList                                         : loaded 2 times (x 203B)
Class org.gradle.internal.service.DefaultServiceLocator                               : loaded 2 times (x 80B)
Class com.google.common.collect.ImmutableMultimap$EntryCollection                     : loaded 2 times (x 124B)
Class com.google.common.collect.Maps$EntrySet                                         : loaded 2 times (x 133B)
Class com.google.common.cache.LocalCache$EntryFactory$8                               : loaded 2 times (x 80B)
Class com.google.common.collect.ImmutableSet$SetBuilderImpl                           : loaded 2 times (x 73B)
Class org.gradle.internal.installation.CurrentGradleInstallation                      : loaded 2 times (x 70B)
Class com.google.common.cache.CacheLoader$1                                           : loaded 2 times (x 72B)
Class com.google.common.collect.ImmutableList$SubList                                 : loaded 2 times (x 205B)
Class org.gradle.util.internal.GUtil                                                  : loaded 2 times (x 68B)
Class com.google.common.io.ByteSource                                                 : loaded 2 times (x 81B)
Class com.google.common.util.concurrent.AbstractFuture$SetFuture                      : loaded 2 times (x 72B)
Class com.google.common.cache.AbstractCache$StatsCounter                              : loaded 2 times (x 67B)
Class com.google.common.io.LineBuffer                                                 : loaded 2 times (x 72B)
Class com.google.common.collect.MapMakerInternalMap$1                                 : loaded 2 times (x 80B)
Class com.google.common.collect.Iterators$MergingIterator                             : loaded 2 times (x 78B)
Class com.google.common.collect.RegularImmutableSet                                   : loaded 2 times (x 145B)
Class org.gradle.internal.installation.GradleInstallation                             : loaded 2 times (x 72B)
Class com.google.common.collect.Iterables                                             : loaded 2 times (x 68B)
Class com.google.common.base.Splitter$Strategy                                        : loaded 2 times (x 67B)

---------------  S Y S T E M  ---------------

OS:
 Windows 11 , 64 bit Build 26100 (10.0.26100.6725)
OS uptime: 4 days 8:10 hours

CPU: total 8 (initial active 8) (4 cores per cpu, 2 threads per core) family 6 model 142 stepping 12 microcode 0xfc, cx8, cmov, fxsr, ht, mmx, 3dnowpref, sse, sse2, sse3, ssse3, sse4.1, sse4.2, popcnt, lzcnt, tsc, tscinvbit, avx, avx2, aes, erms, clmul, bmi1, bmi2, adx, fma, vzeroupper, clflush, clflushopt, rdtscp, f16c
Processor Information for all 8 processors :
  Max Mhz: 2112, Current Mhz: 1609, Mhz Limit: 1605

Memory: 4k page, system-wide physical 7952M (462M free)
TotalPageFile size 23952M (AvailPageFile size 39M)
current process WorkingSet (physical memory assigned to process): 559M, peak: 559M
current process commit charge ("private bytes"): 712M, peak: 847M

vm_info: OpenJDK 64-Bit Server VM (21.0.3+-12282718-b509.11) for windows-amd64 JRE (21.0.3+-12282718-b509.11), built on 2024-08-27T17:34:15Z by "builder" with MS VC++ 16.10 / 16.11 (VS2019)

END.
